validating the batched engine on cuda ...
  [cuda float64] batched vs per-eps reference: max rel diff 3.93e-16  (tol 1e-09)  OK
  [cuda float64] iterate margin recomputed directly: max abs diff 8.33e-17  OK
  [cuda float32] precision budget: max rel diff 5.13e-07
VALIDATION OK
[waterbirds_clip_train] skipped (--skip)
bundles:   0%|          | 0/3 [00:00<?, ?bundle/s][waterbirds_dinov2_train] n=4795 d=768 n_min=240 ref margin=0.551

  GD waterbirds_dinov2_train:   0%|          | 0/2000000 [00:00<?, ?step/s][A
  GD waterbirds_dinov2_train:   0%|          | 1000/2000000 [00:00<25:05, 1328.05step/s][A
  GD waterbirds_dinov2_train:   0%|          | 4000/2000000 [00:01<10:25, 3189.14step/s][A
  GD waterbirds_dinov2_train:   0%|          | 7000/2000000 [00:02<08:38, 3844.56step/s][A
  GD waterbirds_dinov2_train:   0%|          | 10000/2000000 [00:02<07:48, 4247.76step/s][A
  GD waterbirds_dinov2_train:   1%|          | 13000/2000000 [00:03<07:02, 4708.12step/s][A
  GD waterbirds_dinov2_train:   1%|          | 16000/2000000 [00:03<06:30, 5075.55step/s][A
  GD waterbirds_dinov2_train:   1%|          | 19000/2000000 [00:04<06:14, 5285.47step/s][A
  GD waterbirds_dinov2_train:   1%|          | 20000/2000000 [00:04<06:14, 5285.47step/s, z=1e+03 err_min[eps0]=4.23e-02][A
  GD waterbirds_dinov2_train:   1%|          | 23000/2000000 [00:04<05:59, 5505.32step/s, z=1e+03 err_min[eps0]=4.23e-02][A
  GD waterbirds_dinov2_train:   1%|▏         | 27000/2000000 [00:05<05:47, 5685.68step/s, z=1e+03 err_min[eps0]=4.23e-02][A
  GD waterbirds_dinov2_train:   2%|▏         | 30000/2000000 [00:06<05:51, 5601.79step/s, z=1e+03 err_min[eps0]=4.23e-02][A
  GD waterbirds_dinov2_train:   2%|▏         | 33000/2000000 [00:06<06:14, 5256.73step/s, z=1e+03 err_min[eps0]=4.23e-02][A
  GD waterbirds_dinov2_train:   2%|▏         | 36000/2000000 [00:07<06:25, 5096.55step/s, z=1e+03 err_min[eps0]=4.23e-02][A
  GD waterbirds_dinov2_train:   2%|▏         | 40000/2000000 [00:08<06:05, 5356.63step/s, z=1e+03 err_min[eps0]=4.23e-02][A
  GD waterbirds_dinov2_train:   2%|▏         | 40000/2000000 [00:08<06:05, 5356.63step/s, z=2e+03 err_min[eps0]=2.36e-02][A
  GD waterbirds_dinov2_train:   2%|▏         | 44000/2000000 [00:08<05:44, 5674.29step/s, z=2e+03 err_min[eps0]=2.36e-02][A
  GD waterbirds_dinov2_train:   2%|▏         | 47000/2000000 [00:09<06:22, 5106.47step/s, z=2e+03 err_min[eps0]=2.36e-02][A
  GD waterbirds_dinov2_train:   2%|▎         | 50000/2000000 [00:10<06:49, 4764.36step/s, z=2e+03 err_min[eps0]=2.36e-02][A
  GD waterbirds_dinov2_train:   3%|▎         | 53000/2000000 [00:11<07:39, 4239.83step/s, z=2e+03 err_min[eps0]=2.36e-02][A
  GD waterbirds_dinov2_train:   3%|▎         | 56000/2000000 [00:11<08:08, 3977.92step/s, z=2e+03 err_min[eps0]=2.36e-02][A
  GD waterbirds_dinov2_train:   3%|▎         | 59000/2000000 [00:12<08:31, 3794.34step/s, z=2e+03 err_min[eps0]=2.36e-02][A
  GD waterbirds_dinov2_train:   3%|▎         | 60000/2000000 [00:13<08:31, 3794.34step/s, z=3e+03 err_min[eps0]=1.65e-02][A
  GD waterbirds_dinov2_train:   3%|▎         | 62000/2000000 [00:13<08:05, 3993.32step/s, z=3e+03 err_min[eps0]=1.65e-02][A
  GD waterbirds_dinov2_train:   3%|▎         | 65000/2000000 [00:14<07:36, 4234.28step/s, z=3e+03 err_min[eps0]=1.65e-02][A
  GD waterbirds_dinov2_train:   3%|▎         | 69000/2000000 [00:14<06:37, 4860.08step/s, z=3e+03 err_min[eps0]=1.65e-02][A
  GD waterbirds_dinov2_train:   4%|▎         | 72000/2000000 [00:15<06:21, 5048.16step/s, z=3e+03 err_min[eps0]=1.65e-02][A
  GD waterbirds_dinov2_train:   4%|▍         | 76000/2000000 [00:15<05:54, 5420.71step/s, z=3e+03 err_min[eps0]=1.65e-02][A
  GD waterbirds_dinov2_train:   4%|▍         | 80000/2000000 [00:16<05:26, 5879.74step/s, z=3e+03 err_min[eps0]=1.65e-02][A
  GD waterbirds_dinov2_train:   4%|▍         | 80000/2000000 [00:16<05:26, 5879.74step/s, z=4e+03 err_min[eps0]=1.17e-02][A
  GD waterbirds_dinov2_train:   4%|▍         | 84000/2000000 [00:16<05:06, 6253.47step/s, z=4e+03 err_min[eps0]=1.17e-02][A
  GD waterbirds_dinov2_train:   4%|▍         | 88000/2000000 [00:17<04:51, 6557.76step/s, z=4e+03 err_min[eps0]=1.17e-02][A
  GD waterbirds_dinov2_train:   5%|▍         | 92000/2000000 [00:18<04:44, 6711.42step/s, z=4e+03 err_min[eps0]=1.17e-02][A
  GD waterbirds_dinov2_train:   5%|▍         | 96000/2000000 [00:18<05:07, 6187.36step/s, z=4e+03 err_min[eps0]=1.17e-02][A
  GD waterbirds_dinov2_train:   5%|▌         | 100000/2000000 [00:19<05:10, 6121.46step/s, z=4e+03 err_min[eps0]=1.17e-02][A
  GD waterbirds_dinov2_train:   5%|▌         | 100000/2000000 [00:19<05:10, 6121.46step/s, z=5e+03 err_min[eps0]=9.38e-03][A
  GD waterbirds_dinov2_train:   5%|▌         | 104000/2000000 [00:20<05:20, 5920.74step/s, z=5e+03 err_min[eps0]=9.38e-03][A
  GD waterbirds_dinov2_train:   5%|▌         | 108000/2000000 [00:21<05:56, 5306.76step/s, z=5e+03 err_min[eps0]=9.38e-03][A
  GD waterbirds_dinov2_train:   6%|▌         | 112000/2000000 [00:21<05:54, 5323.49step/s, z=5e+03 err_min[eps0]=9.38e-03][A
  GD waterbirds_dinov2_train:   6%|▌         | 115000/2000000 [00:22<06:42, 4685.34step/s, z=5e+03 err_min[eps0]=9.38e-03][A
  GD waterbirds_dinov2_train:   6%|▌         | 118000/2000000 [00:23<07:28, 4199.26step/s, z=5e+03 err_min[eps0]=9.38e-03][A
  GD waterbirds_dinov2_train:   6%|▌         | 120000/2000000 [00:24<07:27, 4199.26step/s, z=6e+03 err_min[eps0]=8.38e-03][A
  GD waterbirds_dinov2_train:   6%|▌         | 121000/2000000 [00:24<07:30, 4170.93step/s, z=6e+03 err_min[eps0]=8.38e-03][A
  GD waterbirds_dinov2_train:   6%|▌         | 124000/2000000 [00:25<08:37, 3622.72step/s, z=6e+03 err_min[eps0]=8.38e-03][A
  GD waterbirds_dinov2_train:   6%|▋         | 126000/2000000 [00:26<09:22, 3328.99step/s, z=6e+03 err_min[eps0]=8.38e-03][A
  GD waterbirds_dinov2_train:   6%|▋         | 128000/2000000 [00:26<09:19, 3343.50step/s, z=6e+03 err_min[eps0]=8.38e-03][A
  GD waterbirds_dinov2_train:   6%|▋         | 130000/2000000 [00:27<09:21, 3328.00step/s, z=6e+03 err_min[eps0]=8.38e-03][A
  GD waterbirds_dinov2_train:   7%|▋         | 132000/2000000 [00:28<09:20, 3332.78step/s, z=6e+03 err_min[eps0]=8.38e-03][A
  GD waterbirds_dinov2_train:   7%|▋         | 134000/2000000 [00:28<09:03, 3431.27step/s, z=6e+03 err_min[eps0]=8.38e-03][A
  GD waterbirds_dinov2_train:   7%|▋         | 136000/2000000 [00:29<08:55, 3479.02step/s, z=6e+03 err_min[eps0]=8.38e-03][A
  GD waterbirds_dinov2_train:   7%|▋         | 138000/2000000 [00:29<09:02, 3429.26step/s, z=6e+03 err_min[eps0]=8.38e-03][A
  GD waterbirds_dinov2_train:   7%|▋         | 140000/2000000 [00:30<09:02, 3429.26step/s, z=7e+03 err_min[eps0]=7.49e-03][A
  GD waterbirds_dinov2_train:   7%|▋         | 141000/2000000 [00:30<08:19, 3722.00step/s, z=7e+03 err_min[eps0]=7.49e-03][A
  GD waterbirds_dinov2_train:   7%|▋         | 143000/2000000 [00:31<08:12, 3773.22step/s, z=7e+03 err_min[eps0]=7.49e-03][A
  GD waterbirds_dinov2_train:   7%|▋         | 146000/2000000 [00:31<07:33, 4084.31step/s, z=7e+03 err_min[eps0]=7.49e-03][A
  GD waterbirds_dinov2_train:   7%|▋         | 149000/2000000 [00:32<07:08, 4316.37step/s, z=7e+03 err_min[eps0]=7.49e-03][A
  GD waterbirds_dinov2_train:   8%|▊         | 152000/2000000 [00:32<06:42, 4593.37step/s, z=7e+03 err_min[eps0]=7.49e-03][A
  GD waterbirds_dinov2_train:   8%|▊         | 156000/2000000 [00:33<05:57, 5162.90step/s, z=7e+03 err_min[eps0]=7.49e-03][A
  GD waterbirds_dinov2_train:   8%|▊         | 160000/2000000 [00:34<05:35, 5483.12step/s, z=7e+03 err_min[eps0]=7.49e-03][A
  GD waterbirds_dinov2_train:   8%|▊         | 160000/2000000 [00:34<05:35, 5483.12step/s, z=8e+03 err_min[eps0]=5.99e-03][A
  GD waterbirds_dinov2_train:   8%|▊         | 164000/2000000 [00:34<05:12, 5870.78step/s, z=8e+03 err_min[eps0]=5.99e-03][A
  GD waterbirds_dinov2_train:   8%|▊         | 167000/2000000 [00:35<05:17, 5773.01step/s, z=8e+03 err_min[eps0]=5.99e-03][A
  GD waterbirds_dinov2_train:   9%|▉         | 175000/2000000 [00:35<03:53, 7832.24step/s, z=8e+03 err_min[eps0]=5.99e-03][A
  GD waterbirds_dinov2_train:   9%|▉         | 180000/2000000 [00:36<03:37, 8358.97step/s, z=8e+03 err_min[eps0]=5.99e-03][A
  GD waterbirds_dinov2_train:   9%|▉         | 180000/2000000 [00:36<03:37, 8358.97step/s, z=9e+03 err_min[eps0]=5.36e-03][A
  GD waterbirds_dinov2_train:   9%|▉         | 185000/2000000 [00:37<05:10, 5849.42step/s, z=9e+03 err_min[eps0]=5.36e-03][A
  GD waterbirds_dinov2_train:   9%|▉         | 189000/2000000 [00:38<05:48, 5190.91step/s, z=9e+03 err_min[eps0]=5.36e-03][A
  GD waterbirds_dinov2_train:  10%|▉         | 192000/2000000 [00:39<05:52, 5133.67step/s, z=9e+03 err_min[eps0]=5.36e-03][A
  GD waterbirds_dinov2_train:  10%|▉         | 196000/2000000 [00:40<05:34, 5393.22step/s, z=9e+03 err_min[eps0]=5.36e-03][A
  GD waterbirds_dinov2_train:  10%|▉         | 199000/2000000 [00:40<05:27, 5495.00step/s, z=9e+03 err_min[eps0]=5.36e-03][A
  GD waterbirds_dinov2_train:  10%|█         | 200000/2000000 [00:40<05:27, 5495.00step/s, z=1e+04 err_min[eps0]=4.79e-03][A
  GD waterbirds_dinov2_train:  10%|█         | 202000/2000000 [00:41<06:10, 4858.41step/s, z=1e+04 err_min[eps0]=4.79e-03][A
  GD waterbirds_dinov2_train:  10%|█         | 205000/2000000 [00:42<06:04, 4927.62step/s, z=1e+04 err_min[eps0]=4.79e-03][A
  GD waterbirds_dinov2_train:  10%|█         | 208000/2000000 [00:42<05:48, 5149.04step/s, z=1e+04 err_min[eps0]=4.79e-03][A
  GD waterbirds_dinov2_train:  11%|█         | 212000/2000000 [00:43<05:34, 5341.94step/s, z=1e+04 err_min[eps0]=4.79e-03][A
  GD waterbirds_dinov2_train:  11%|█         | 215000/2000000 [00:43<05:42, 5216.41step/s, z=1e+04 err_min[eps0]=4.79e-03][A
  GD waterbirds_dinov2_train:  11%|█         | 218000/2000000 [00:44<05:59, 4960.21step/s, z=1e+04 err_min[eps0]=4.79e-03][A
  GD waterbirds_dinov2_train:  11%|█         | 222000/2000000 [00:45<05:25, 5466.31step/s, z=1e+04 err_min[eps0]=4.79e-03][A
  GD waterbirds_dinov2_train:  11%|█▏        | 226000/2000000 [00:45<05:07, 5764.04step/s, z=1e+04 err_min[eps0]=4.79e-03][A
  GD waterbirds_dinov2_train:  12%|█▏        | 230000/2000000 [00:46<04:54, 6002.82step/s, z=1e+04 err_min[eps0]=4.79e-03][A
  GD waterbirds_dinov2_train:  12%|█▏        | 234000/2000000 [00:47<04:49, 6092.37step/s, z=1e+04 err_min[eps0]=4.79e-03][A
  GD waterbirds_dinov2_train:  12%|█▏        | 238000/2000000 [00:47<04:44, 6200.93step/s, z=1e+04 err_min[eps0]=4.79e-03][A
  GD waterbirds_dinov2_train:  12%|█▏        | 240000/2000000 [00:47<04:43, 6200.93step/s, z=1.2e+04 err_min[eps0]=4.29e-03][A
  GD waterbirds_dinov2_train:  12%|█▏        | 242000/2000000 [00:48<04:41, 6240.86step/s, z=1.2e+04 err_min[eps0]=4.29e-03][A
  GD waterbirds_dinov2_train:  12%|█▏        | 246000/2000000 [00:49<04:55, 5935.05step/s, z=1.2e+04 err_min[eps0]=4.29e-03][A
  GD waterbirds_dinov2_train:  12%|█▏        | 249000/2000000 [00:49<05:09, 5652.18step/s, z=1.2e+04 err_min[eps0]=4.29e-03][A
  GD waterbirds_dinov2_train:  13%|█▎        | 252000/2000000 [00:50<05:50, 4988.95step/s, z=1.2e+04 err_min[eps0]=4.29e-03][A
  GD waterbirds_dinov2_train:  13%|█▎        | 255000/2000000 [00:51<05:50, 4982.46step/s, z=1.2e+04 err_min[eps0]=4.29e-03][A
  GD waterbirds_dinov2_train:  13%|█▎        | 258000/2000000 [00:51<06:13, 4659.23step/s, z=1.2e+04 err_min[eps0]=4.29e-03][A
  GD waterbirds_dinov2_train:  13%|█▎        | 260000/2000000 [00:52<06:13, 4659.23step/s, z=1.3e+04 err_min[eps0]=3.84e-03][A
  GD waterbirds_dinov2_train:  13%|█▎        | 262000/2000000 [00:52<05:35, 5184.09step/s, z=1.3e+04 err_min[eps0]=3.84e-03][A
  GD waterbirds_dinov2_train:  13%|█▎        | 266000/2000000 [00:52<05:04, 5695.01step/s, z=1.3e+04 err_min[eps0]=3.84e-03][A
  GD waterbirds_dinov2_train:  14%|█▎        | 270000/2000000 [00:53<04:54, 5872.87step/s, z=1.3e+04 err_min[eps0]=3.84e-03][A
  GD waterbirds_dinov2_train:  14%|█▎        | 274000/2000000 [00:54<04:37, 6214.64step/s, z=1.3e+04 err_min[eps0]=3.84e-03][A
  GD waterbirds_dinov2_train:  14%|█▍        | 278000/2000000 [00:54<04:32, 6309.76step/s, z=1.3e+04 err_min[eps0]=3.84e-03][A
  GD waterbirds_dinov2_train:  14%|█▍        | 282000/2000000 [00:55<04:31, 6333.82step/s, z=1.3e+04 err_min[eps0]=3.84e-03][A
  GD waterbirds_dinov2_train:  14%|█▍        | 288000/2000000 [00:56<03:51, 7409.48step/s, z=1.3e+04 err_min[eps0]=3.84e-03][A
  GD waterbirds_dinov2_train:  15%|█▍        | 292000/2000000 [00:56<03:56, 7235.51step/s, z=1.3e+04 err_min[eps0]=3.84e-03][A
  GD waterbirds_dinov2_train:  15%|█▍        | 296000/2000000 [00:57<04:33, 6240.15step/s, z=1.3e+04 err_min[eps0]=3.84e-03][A
  GD waterbirds_dinov2_train:  15%|█▌        | 300000/2000000 [00:58<04:53, 5785.21step/s, z=1.3e+04 err_min[eps0]=3.84e-03][A
  GD waterbirds_dinov2_train:  15%|█▌        | 300000/2000000 [00:58<04:53, 5785.21step/s, z=1.5e+04 err_min[eps0]=3.43e-03][A
  GD waterbirds_dinov2_train:  15%|█▌        | 304000/2000000 [00:58<04:36, 6137.82step/s, z=1.5e+04 err_min[eps0]=3.43e-03][A
  GD waterbirds_dinov2_train:  15%|█▌        | 308000/2000000 [00:59<04:23, 6429.16step/s, z=1.5e+04 err_min[eps0]=3.43e-03][A
  GD waterbirds_dinov2_train:  16%|█▌        | 312000/2000000 [00:59<04:17, 6559.87step/s, z=1.5e+04 err_min[eps0]=3.43e-03][A
  GD waterbirds_dinov2_train:  16%|█▌        | 316000/2000000 [01:00<04:12, 6663.31step/s, z=1.5e+04 err_min[eps0]=3.43e-03][A
  GD waterbirds_dinov2_train:  16%|█▌        | 320000/2000000 [01:01<04:10, 6703.88step/s, z=1.5e+04 err_min[eps0]=3.43e-03][A
  GD waterbirds_dinov2_train:  16%|█▌        | 320000/2000000 [01:01<04:10, 6703.88step/s, z=1.6e+04 err_min[eps0]=3.07e-03][A
  GD waterbirds_dinov2_train:  16%|█▌        | 324000/2000000 [01:01<04:06, 6795.99step/s, z=1.6e+04 err_min[eps0]=3.07e-03][A
  GD waterbirds_dinov2_train:  16%|█▋        | 328000/2000000 [01:02<04:11, 6656.57step/s, z=1.6e+04 err_min[eps0]=3.07e-03][A
  GD waterbirds_dinov2_train:  17%|█▋        | 332000/2000000 [01:02<04:06, 6761.12step/s, z=1.6e+04 err_min[eps0]=3.07e-03][A
  GD waterbirds_dinov2_train:  17%|█▋        | 336000/2000000 [01:03<04:01, 6900.07step/s, z=1.6e+04 err_min[eps0]=3.07e-03][A
  GD waterbirds_dinov2_train:  17%|█▋        | 340000/2000000 [01:04<04:04, 6780.70step/s, z=1.6e+04 err_min[eps0]=3.07e-03][A
  GD waterbirds_dinov2_train:  17%|█▋        | 344000/2000000 [01:04<04:10, 6603.02step/s, z=1.6e+04 err_min[eps0]=3.07e-03][A
  GD waterbirds_dinov2_train:  17%|█▋        | 348000/2000000 [01:05<04:13, 6505.92step/s, z=1.6e+04 err_min[eps0]=3.07e-03][A
  GD waterbirds_dinov2_train:  18%|█▊        | 352000/2000000 [01:05<04:01, 6831.94step/s, z=1.6e+04 err_min[eps0]=3.07e-03][A
  GD waterbirds_dinov2_train:  18%|█▊        | 356000/2000000 [01:06<04:05, 6698.08step/s, z=1.6e+04 err_min[eps0]=3.07e-03][A
  GD waterbirds_dinov2_train:  18%|█▊        | 360000/2000000 [01:07<04:23, 6217.78step/s, z=1.6e+04 err_min[eps0]=3.07e-03][A
  GD waterbirds_dinov2_train:  18%|█▊        | 360000/2000000 [01:07<04:23, 6217.78step/s, z=1.8e+04 err_min[eps0]=2.75e-03][A
  GD waterbirds_dinov2_train:  18%|█▊        | 364000/2000000 [01:07<04:29, 6066.53step/s, z=1.8e+04 err_min[eps0]=2.75e-03][A
  GD waterbirds_dinov2_train:  18%|█▊        | 368000/2000000 [01:08<04:25, 6147.90step/s, z=1.8e+04 err_min[eps0]=2.75e-03][A
  GD waterbirds_dinov2_train:  19%|█▊        | 372000/2000000 [01:09<04:19, 6274.21step/s, z=1.8e+04 err_min[eps0]=2.75e-03][A
  GD waterbirds_dinov2_train:  19%|█▉        | 376000/2000000 [01:09<04:09, 6508.73step/s, z=1.8e+04 err_min[eps0]=2.75e-03][A
  GD waterbirds_dinov2_train:  19%|█▉        | 380000/2000000 [01:10<04:20, 6225.96step/s, z=1.8e+04 err_min[eps0]=2.75e-03][A
  GD waterbirds_dinov2_train:  19%|█▉        | 384000/2000000 [01:11<05:04, 5311.93step/s, z=1.8e+04 err_min[eps0]=2.75e-03][A
  GD waterbirds_dinov2_train:  19%|█▉        | 387000/2000000 [01:12<05:15, 5114.06step/s, z=1.8e+04 err_min[eps0]=2.75e-03][A
  GD waterbirds_dinov2_train:  20%|█▉        | 390000/2000000 [01:12<05:34, 4814.02step/s, z=1.8e+04 err_min[eps0]=2.75e-03][A
  GD waterbirds_dinov2_train:  20%|█▉        | 393000/2000000 [01:13<05:16, 5079.86step/s, z=1.8e+04 err_min[eps0]=2.75e-03][A
  GD waterbirds_dinov2_train:  20%|█▉        | 397000/2000000 [01:13<04:54, 5437.45step/s, z=1.8e+04 err_min[eps0]=2.75e-03][A
  GD waterbirds_dinov2_train:  20%|██        | 400000/2000000 [01:14<04:54, 5437.45step/s, z=2e+04 err_min[eps0]=2.46e-03]  [A
  GD waterbirds_dinov2_train:  20%|██        | 401000/2000000 [01:14<04:44, 5628.80step/s, z=2e+04 err_min[eps0]=2.46e-03][A
  GD waterbirds_dinov2_train:  20%|██        | 405000/2000000 [01:15<04:24, 6027.61step/s, z=2e+04 err_min[eps0]=2.46e-03][A
  GD waterbirds_dinov2_train:  20%|██        | 409000/2000000 [01:15<04:12, 6302.04step/s, z=2e+04 err_min[eps0]=2.46e-03][A
  GD waterbirds_dinov2_train:  21%|██        | 413000/2000000 [01:16<04:05, 6456.96step/s, z=2e+04 err_min[eps0]=2.46e-03][A
  GD waterbirds_dinov2_train:  21%|██        | 417000/2000000 [01:16<04:03, 6501.69step/s, z=2e+04 err_min[eps0]=2.46e-03][A
  GD waterbirds_dinov2_train:  21%|██        | 421000/2000000 [01:17<04:13, 6216.98step/s, z=2e+04 err_min[eps0]=2.46e-03][A
  GD waterbirds_dinov2_train:  21%|██▏       | 425000/2000000 [01:18<04:17, 6122.95step/s, z=2e+04 err_min[eps0]=2.46e-03][A
  GD waterbirds_dinov2_train:  22%|██▏       | 430000/2000000 [01:18<03:44, 6996.78step/s, z=2e+04 err_min[eps0]=2.46e-03][A
  GD waterbirds_dinov2_train:  22%|██▏       | 435000/2000000 [01:19<03:25, 7610.76step/s, z=2e+04 err_min[eps0]=2.46e-03][A
  GD waterbirds_dinov2_train:  22%|██▏       | 439000/2000000 [01:19<03:29, 7434.01step/s, z=2e+04 err_min[eps0]=2.46e-03][A
  GD waterbirds_dinov2_train:  22%|██▏       | 443000/2000000 [01:20<04:10, 6209.22step/s, z=2e+04 err_min[eps0]=2.46e-03][A
  GD waterbirds_dinov2_train:  22%|██▏       | 447000/2000000 [01:21<04:06, 6300.31step/s, z=2e+04 err_min[eps0]=2.46e-03][A
  GD waterbirds_dinov2_train:  23%|██▎       | 451000/2000000 [01:22<04:32, 5687.08step/s, z=2e+04 err_min[eps0]=2.46e-03][A
  GD waterbirds_dinov2_train:  23%|██▎       | 454000/2000000 [01:22<04:41, 5490.73step/s, z=2e+04 err_min[eps0]=2.46e-03][A
  GD waterbirds_dinov2_train:  23%|██▎       | 457000/2000000 [01:23<04:56, 5207.23step/s, z=2e+04 err_min[eps0]=2.46e-03][A
  GD waterbirds_dinov2_train:  23%|██▎       | 460000/2000000 [01:24<05:05, 5038.49step/s, z=2e+04 err_min[eps0]=2.46e-03][A
  GD waterbirds_dinov2_train:  23%|██▎       | 460000/2000000 [01:24<05:05, 5038.49step/s, z=2.3e+04 err_min[eps0]=2.20e-03][A
  GD waterbirds_dinov2_train:  23%|██▎       | 463000/2000000 [01:24<05:12, 4917.57step/s, z=2.3e+04 err_min[eps0]=2.20e-03][A
  GD waterbirds_dinov2_train:  23%|██▎       | 466000/2000000 [01:25<05:23, 4741.49step/s, z=2.3e+04 err_min[eps0]=2.20e-03][A
  GD waterbirds_dinov2_train:  23%|██▎       | 469000/2000000 [01:26<05:23, 4733.76step/s, z=2.3e+04 err_min[eps0]=2.20e-03][A
  GD waterbirds_dinov2_train:  24%|██▎       | 472000/2000000 [01:26<05:31, 4616.08step/s, z=2.3e+04 err_min[eps0]=2.20e-03][A
  GD waterbirds_dinov2_train:  24%|██▍       | 475000/2000000 [01:27<05:34, 4560.98step/s, z=2.3e+04 err_min[eps0]=2.20e-03][A
  GD waterbirds_dinov2_train:  24%|██▍       | 478000/2000000 [01:28<05:46, 4393.67step/s, z=2.3e+04 err_min[eps0]=2.20e-03][A
  GD waterbirds_dinov2_train:  24%|██▍       | 481000/2000000 [01:29<05:45, 4397.67step/s, z=2.3e+04 err_min[eps0]=2.20e-03][A
  GD waterbirds_dinov2_train:  24%|██▍       | 484000/2000000 [01:29<05:58, 4225.77step/s, z=2.3e+04 err_min[eps0]=2.20e-03][A
  GD waterbirds_dinov2_train:  24%|██▍       | 487000/2000000 [01:30<05:57, 4235.35step/s, z=2.3e+04 err_min[eps0]=2.20e-03][A
  GD waterbirds_dinov2_train:  24%|██▍       | 490000/2000000 [01:31<05:30, 4568.30step/s, z=2.3e+04 err_min[eps0]=2.20e-03][A
  GD waterbirds_dinov2_train:  25%|██▍       | 494000/2000000 [01:31<04:51, 5163.68step/s, z=2.3e+04 err_min[eps0]=2.20e-03][A
  GD waterbirds_dinov2_train:  25%|██▍       | 498000/2000000 [01:32<04:26, 5626.61step/s, z=2.3e+04 err_min[eps0]=2.20e-03][A
  GD waterbirds_dinov2_train:  25%|██▌       | 501000/2000000 [01:32<04:38, 5390.11step/s, z=2.3e+04 err_min[eps0]=2.20e-03][A
  GD waterbirds_dinov2_train:  25%|██▌       | 504000/2000000 [01:33<05:05, 4892.12step/s, z=2.3e+04 err_min[eps0]=2.20e-03][A
  GD waterbirds_dinov2_train:  25%|██▌       | 508000/2000000 [01:34<04:39, 5341.64step/s, z=2.3e+04 err_min[eps0]=2.20e-03][A
  GD waterbirds_dinov2_train:  26%|██▌       | 512000/2000000 [01:34<04:19, 5728.18step/s, z=2.3e+04 err_min[eps0]=2.20e-03][A
  GD waterbirds_dinov2_train:  26%|██▌       | 516000/2000000 [01:35<04:08, 5971.82step/s, z=2.3e+04 err_min[eps0]=2.20e-03][A
  GD waterbirds_dinov2_train:  26%|██▌       | 520000/2000000 [01:36<04:27, 5533.60step/s, z=2.3e+04 err_min[eps0]=2.20e-03][A
  GD waterbirds_dinov2_train:  26%|██▌       | 520000/2000000 [01:36<04:27, 5533.60step/s, z=2.6e+04 err_min[eps0]=1.97e-03][A
  GD waterbirds_dinov2_train:  26%|██▌       | 523000/2000000 [01:36<04:34, 5378.02step/s, z=2.6e+04 err_min[eps0]=1.97e-03][A
  GD waterbirds_dinov2_train:  26%|██▋       | 527000/2000000 [01:37<04:09, 5896.04step/s, z=2.6e+04 err_min[eps0]=1.97e-03][A
  GD waterbirds_dinov2_train:  27%|██▋       | 533000/2000000 [01:37<03:19, 7368.76step/s, z=2.6e+04 err_min[eps0]=1.97e-03][A
  GD waterbirds_dinov2_train:  27%|██▋       | 539000/2000000 [01:38<02:56, 8261.87step/s, z=2.6e+04 err_min[eps0]=1.97e-03][A
  GD waterbirds_dinov2_train:  27%|██▋       | 546000/2000000 [01:39<02:32, 9555.15step/s, z=2.6e+04 err_min[eps0]=1.97e-03][A
  GD waterbirds_dinov2_train:  28%|██▊       | 551000/2000000 [01:39<02:46, 8705.37step/s, z=2.6e+04 err_min[eps0]=1.97e-03][A
  GD waterbirds_dinov2_train:  28%|██▊       | 556000/2000000 [01:40<03:01, 7955.22step/s, z=2.6e+04 err_min[eps0]=1.97e-03][A
  GD waterbirds_dinov2_train:  28%|██▊       | 561000/2000000 [01:41<03:13, 7454.66step/s, z=2.6e+04 err_min[eps0]=1.97e-03][A
  GD waterbirds_dinov2_train:  28%|██▊       | 565000/2000000 [01:41<03:23, 7059.52step/s, z=2.6e+04 err_min[eps0]=1.97e-03][A
  GD waterbirds_dinov2_train:  28%|██▊       | 569000/2000000 [01:42<03:31, 6753.91step/s, z=2.6e+04 err_min[eps0]=1.97e-03][A
  GD waterbirds_dinov2_train:  29%|██▊       | 573000/2000000 [01:43<03:54, 6076.23step/s, z=2.6e+04 err_min[eps0]=1.97e-03][A
  GD waterbirds_dinov2_train:  29%|██▉       | 577000/2000000 [01:44<04:05, 5789.95step/s, z=2.6e+04 err_min[eps0]=1.97e-03][A
  GD waterbirds_dinov2_train:  29%|██▉       | 580000/2000000 [01:44<04:18, 5497.04step/s, z=2.6e+04 err_min[eps0]=1.97e-03][A
  GD waterbirds_dinov2_train:  29%|██▉       | 580000/2000000 [01:44<04:18, 5497.04step/s, z=2.9e+04 err_min[eps0]=1.76e-03][A
  GD waterbirds_dinov2_train:  29%|██▉       | 583000/2000000 [01:45<04:29, 5250.86step/s, z=2.9e+04 err_min[eps0]=1.76e-03][A
  GD waterbirds_dinov2_train:  29%|██▉       | 586000/2000000 [01:46<04:50, 4868.59step/s, z=2.9e+04 err_min[eps0]=1.76e-03][A
  GD waterbirds_dinov2_train:  29%|██▉       | 589000/2000000 [01:47<05:33, 4235.92step/s, z=2.9e+04 err_min[eps0]=1.76e-03][A
  GD waterbirds_dinov2_train:  30%|██▉       | 592000/2000000 [01:48<05:47, 4048.80step/s, z=2.9e+04 err_min[eps0]=1.76e-03][A
  GD waterbirds_dinov2_train:  30%|██▉       | 595000/2000000 [01:48<06:09, 3802.41step/s, z=2.9e+04 err_min[eps0]=1.76e-03][A
  GD waterbirds_dinov2_train:  30%|██▉       | 597000/2000000 [01:49<06:30, 3591.71step/s, z=2.9e+04 err_min[eps0]=1.76e-03][A
  GD waterbirds_dinov2_train:  30%|██▉       | 599000/2000000 [01:50<06:39, 3505.79step/s, z=2.9e+04 err_min[eps0]=1.76e-03][A
  GD waterbirds_dinov2_train:  30%|███       | 602000/2000000 [01:50<05:47, 4027.39step/s, z=2.9e+04 err_min[eps0]=1.76e-03][A
  GD waterbirds_dinov2_train:  30%|███       | 605000/2000000 [01:51<05:35, 4156.64step/s, z=2.9e+04 err_min[eps0]=1.76e-03][A
  GD waterbirds_dinov2_train:  30%|███       | 608000/2000000 [01:52<05:12, 4455.94step/s, z=2.9e+04 err_min[eps0]=1.76e-03][A
  GD waterbirds_dinov2_train:  31%|███       | 612000/2000000 [01:52<04:33, 5076.64step/s, z=2.9e+04 err_min[eps0]=1.76e-03][A
  GD waterbirds_dinov2_train:  31%|███       | 616000/2000000 [01:53<04:14, 5442.64step/s, z=2.9e+04 err_min[eps0]=1.76e-03][A
  GD waterbirds_dinov2_train:  31%|███       | 620000/2000000 [01:53<04:00, 5733.93step/s, z=2.9e+04 err_min[eps0]=1.76e-03][A
  GD waterbirds_dinov2_train:  31%|███       | 624000/2000000 [01:54<03:48, 6022.57step/s, z=2.9e+04 err_min[eps0]=1.76e-03][A
  GD waterbirds_dinov2_train:  31%|███▏      | 628000/2000000 [01:55<03:40, 6218.75step/s, z=2.9e+04 err_min[eps0]=1.76e-03][A
  GD waterbirds_dinov2_train:  32%|███▏      | 632000/2000000 [01:55<03:42, 6147.77step/s, z=2.9e+04 err_min[eps0]=1.76e-03][A
  GD waterbirds_dinov2_train:  32%|███▏      | 636000/2000000 [01:56<03:37, 6270.91step/s, z=2.9e+04 err_min[eps0]=1.76e-03][A
  GD waterbirds_dinov2_train:  32%|███▏      | 640000/2000000 [01:56<03:35, 6313.26step/s, z=2.9e+04 err_min[eps0]=1.76e-03][A
  GD waterbirds_dinov2_train:  32%|███▏      | 640000/2000000 [01:56<03:35, 6313.26step/s, z=3.2e+04 err_min[eps0]=1.58e-03][A
  GD waterbirds_dinov2_train:  32%|███▏      | 644000/2000000 [01:57<03:31, 6401.49step/s, z=3.2e+04 err_min[eps0]=1.58e-03][A
  GD waterbirds_dinov2_train:  32%|███▏      | 648000/2000000 [01:58<03:32, 6356.45step/s, z=3.2e+04 err_min[eps0]=1.58e-03][A
  GD waterbirds_dinov2_train:  33%|███▎      | 652000/2000000 [01:58<03:25, 6555.70step/s, z=3.2e+04 err_min[eps0]=1.58e-03][A
  GD waterbirds_dinov2_train:  33%|███▎      | 656000/2000000 [01:59<03:42, 6053.88step/s, z=3.2e+04 err_min[eps0]=1.58e-03][A
  GD waterbirds_dinov2_train:  33%|███▎      | 660000/2000000 [02:00<03:44, 5969.70step/s, z=3.2e+04 err_min[eps0]=1.58e-03][A
  GD waterbirds_dinov2_train:  33%|███▎      | 664000/2000000 [02:00<03:46, 5890.77step/s, z=3.2e+04 err_min[eps0]=1.58e-03][A
  GD waterbirds_dinov2_train:  33%|███▎      | 667000/2000000 [02:01<03:58, 5585.10step/s, z=3.2e+04 err_min[eps0]=1.58e-03][A
  GD waterbirds_dinov2_train:  34%|███▎      | 670000/2000000 [02:02<04:29, 4935.71step/s, z=3.2e+04 err_min[eps0]=1.58e-03][A
  GD waterbirds_dinov2_train:  34%|███▎      | 673000/2000000 [02:03<05:14, 4222.38step/s, z=3.2e+04 err_min[eps0]=1.58e-03][A
  GD waterbirds_dinov2_train:  34%|███▍      | 676000/2000000 [02:04<05:34, 3962.71step/s, z=3.2e+04 err_min[eps0]=1.58e-03][A
  GD waterbirds_dinov2_train:  34%|███▍      | 679000/2000000 [02:04<05:15, 4180.56step/s, z=3.2e+04 err_min[eps0]=1.58e-03][A
  GD waterbirds_dinov2_train:  34%|███▍      | 682000/2000000 [02:05<05:01, 4376.61step/s, z=3.2e+04 err_min[eps0]=1.58e-03][A
  GD waterbirds_dinov2_train:  34%|███▍      | 685000/2000000 [02:06<04:49, 4547.20step/s, z=3.2e+04 err_min[eps0]=1.58e-03][A
  GD waterbirds_dinov2_train:  34%|███▍      | 688000/2000000 [02:06<04:40, 4670.36step/s, z=3.2e+04 err_min[eps0]=1.58e-03][A
  GD waterbirds_dinov2_train:  35%|███▍      | 691000/2000000 [02:07<04:42, 4629.54step/s, z=3.2e+04 err_min[eps0]=1.58e-03][A
  GD waterbirds_dinov2_train:  35%|███▍      | 694000/2000000 [02:07<04:37, 4711.96step/s, z=3.2e+04 err_min[eps0]=1.58e-03][A
  GD waterbirds_dinov2_train:  35%|███▍      | 697000/2000000 [02:08<04:36, 4714.61step/s, z=3.2e+04 err_min[eps0]=1.58e-03][A
  GD waterbirds_dinov2_train:  35%|███▌      | 700000/2000000 [02:09<04:40, 4642.06step/s, z=3.2e+04 err_min[eps0]=1.58e-03][A
  GD waterbirds_dinov2_train:  35%|███▌      | 703000/2000000 [02:09<04:33, 4743.98step/s, z=3.2e+04 err_min[eps0]=1.58e-03][A
  GD waterbirds_dinov2_train:  35%|███▌      | 706000/2000000 [02:10<04:39, 4633.62step/s, z=3.2e+04 err_min[eps0]=1.58e-03][A
  GD waterbirds_dinov2_train:  35%|███▌      | 709000/2000000 [02:11<04:44, 4536.51step/s, z=3.2e+04 err_min[eps0]=1.58e-03][A
  GD waterbirds_dinov2_train:  36%|███▌      | 712000/2000000 [02:11<04:54, 4375.77step/s, z=3.2e+04 err_min[eps0]=1.58e-03][A
  GD waterbirds_dinov2_train:  36%|███▌      | 715000/2000000 [02:12<05:31, 3873.61step/s, z=3.2e+04 err_min[eps0]=1.58e-03][A
  GD waterbirds_dinov2_train:  36%|███▌      | 718000/2000000 [02:13<05:20, 3999.28step/s, z=3.2e+04 err_min[eps0]=1.58e-03][A
  GD waterbirds_dinov2_train:  36%|███▌      | 720000/2000000 [02:14<05:20, 3999.28step/s, z=3.6e+04 err_min[eps0]=1.42e-03][A
  GD waterbirds_dinov2_train:  36%|███▌      | 721000/2000000 [02:14<05:02, 4233.95step/s, z=3.6e+04 err_min[eps0]=1.42e-03][A
  GD waterbirds_dinov2_train:  36%|███▌      | 724000/2000000 [02:14<04:37, 4602.60step/s, z=3.6e+04 err_min[eps0]=1.42e-03][A
  GD waterbirds_dinov2_train:  36%|███▋      | 727000/2000000 [02:15<04:22, 4853.66step/s, z=3.6e+04 err_min[eps0]=1.42e-03][A
  GD waterbirds_dinov2_train:  36%|███▋      | 730000/2000000 [02:15<04:10, 5078.44step/s, z=3.6e+04 err_min[eps0]=1.42e-03][A
  GD waterbirds_dinov2_train:  37%|███▋      | 734000/2000000 [02:16<03:37, 5812.07step/s, z=3.6e+04 err_min[eps0]=1.42e-03][A
  GD waterbirds_dinov2_train:  37%|███▋      | 738000/2000000 [02:16<03:29, 6024.35step/s, z=3.6e+04 err_min[eps0]=1.42e-03][A
  GD waterbirds_dinov2_train:  37%|███▋      | 742000/2000000 [02:18<04:14, 4939.53step/s, z=3.6e+04 err_min[eps0]=1.42e-03][A
  GD waterbirds_dinov2_train:  37%|███▋      | 745000/2000000 [02:18<04:12, 4969.62step/s, z=3.6e+04 err_min[eps0]=1.42e-03][A
  GD waterbirds_dinov2_train:  37%|███▋      | 748000/2000000 [02:19<04:32, 4591.66step/s, z=3.6e+04 err_min[eps0]=1.42e-03][A
  GD waterbirds_dinov2_train:  38%|███▊      | 752000/2000000 [02:20<04:08, 5018.32step/s, z=3.6e+04 err_min[eps0]=1.42e-03][A
  GD waterbirds_dinov2_train:  38%|███▊      | 756000/2000000 [02:20<03:58, 5214.27step/s, z=3.6e+04 err_min[eps0]=1.42e-03][A
  GD waterbirds_dinov2_train:  38%|███▊      | 759000/2000000 [02:21<04:15, 4865.71step/s, z=3.6e+04 err_min[eps0]=1.42e-03][A
  GD waterbirds_dinov2_train:  38%|███▊      | 762000/2000000 [02:22<04:44, 4354.15step/s, z=3.6e+04 err_min[eps0]=1.42e-03][A
  GD waterbirds_dinov2_train:  38%|███▊      | 765000/2000000 [02:23<04:41, 4380.95step/s, z=3.6e+04 err_min[eps0]=1.42e-03][A
  GD waterbirds_dinov2_train:  38%|███▊      | 769000/2000000 [02:23<04:07, 4977.78step/s, z=3.6e+04 err_min[eps0]=1.42e-03][A
  GD waterbirds_dinov2_train:  39%|███▊      | 773000/2000000 [02:24<03:43, 5498.52step/s, z=3.6e+04 err_min[eps0]=1.42e-03][A
  GD waterbirds_dinov2_train:  39%|███▉      | 776000/2000000 [02:24<03:41, 5517.79step/s, z=3.6e+04 err_min[eps0]=1.42e-03][A
  GD waterbirds_dinov2_train:  39%|███▉      | 780000/2000000 [02:25<03:30, 5789.22step/s, z=3.6e+04 err_min[eps0]=1.42e-03][A
  GD waterbirds_dinov2_train:  39%|███▉      | 784000/2000000 [02:26<03:27, 5849.26step/s, z=3.6e+04 err_min[eps0]=1.42e-03][A
  GD waterbirds_dinov2_train:  39%|███▉      | 788000/2000000 [02:26<03:28, 5814.45step/s, z=3.6e+04 err_min[eps0]=1.42e-03][A
  GD waterbirds_dinov2_train:  40%|███▉      | 791000/2000000 [02:27<03:41, 5447.88step/s, z=3.6e+04 err_min[eps0]=1.42e-03][A
  GD waterbirds_dinov2_train:  40%|███▉      | 794000/2000000 [02:28<03:57, 5075.03step/s, z=3.6e+04 err_min[eps0]=1.42e-03][A
  GD waterbirds_dinov2_train:  40%|███▉      | 797000/2000000 [02:28<04:14, 4721.64step/s, z=3.6e+04 err_min[eps0]=1.42e-03][A
  GD waterbirds_dinov2_train:  40%|████      | 800000/2000000 [02:29<04:09, 4808.02step/s, z=3.6e+04 err_min[eps0]=1.42e-03][A
  GD waterbirds_dinov2_train:  40%|████      | 800000/2000000 [02:29<04:09, 4808.02step/s, z=4e+04 err_min[eps0]=1.26e-03]  [A
  GD waterbirds_dinov2_train:  40%|████      | 803000/2000000 [02:30<04:19, 4611.07step/s, z=4e+04 err_min[eps0]=1.26e-03][A
  GD waterbirds_dinov2_train:  40%|████      | 806000/2000000 [02:30<04:07, 4821.01step/s, z=4e+04 err_min[eps0]=1.26e-03][A
  GD waterbirds_dinov2_train:  40%|████      | 809000/2000000 [02:31<04:01, 4926.20step/s, z=4e+04 err_min[eps0]=1.26e-03][A
  GD waterbirds_dinov2_train:  41%|████      | 812000/2000000 [02:31<03:49, 5185.92step/s, z=4e+04 err_min[eps0]=1.26e-03][A
  GD waterbirds_dinov2_train:  41%|████      | 815000/2000000 [02:32<03:46, 5224.74step/s, z=4e+04 err_min[eps0]=1.26e-03][A
  GD waterbirds_dinov2_train:  41%|████      | 819000/2000000 [02:33<03:26, 5711.49step/s, z=4e+04 err_min[eps0]=1.26e-03][A
  GD waterbirds_dinov2_train:  41%|████      | 823000/2000000 [02:33<03:10, 6165.26step/s, z=4e+04 err_min[eps0]=1.26e-03][A
  GD waterbirds_dinov2_train:  41%|████▏     | 827000/2000000 [02:34<03:02, 6412.76step/s, z=4e+04 err_min[eps0]=1.26e-03][A
  GD waterbirds_dinov2_train:  42%|████▏     | 831000/2000000 [02:34<02:58, 6550.27step/s, z=4e+04 err_min[eps0]=1.26e-03][A
  GD waterbirds_dinov2_train:  42%|████▏     | 835000/2000000 [02:35<02:59, 6496.86step/s, z=4e+04 err_min[eps0]=1.26e-03][A
  GD waterbirds_dinov2_train:  42%|████▏     | 839000/2000000 [02:35<02:58, 6508.53step/s, z=4e+04 err_min[eps0]=1.26e-03][A
  GD waterbirds_dinov2_train:  42%|████▏     | 843000/2000000 [02:36<02:53, 6667.62step/s, z=4e+04 err_min[eps0]=1.26e-03][A
  GD waterbirds_dinov2_train:  42%|████▏     | 847000/2000000 [02:37<02:46, 6929.76step/s, z=4e+04 err_min[eps0]=1.26e-03][A
  GD waterbirds_dinov2_train:  43%|████▎     | 851000/2000000 [02:37<02:44, 6980.23step/s, z=4e+04 err_min[eps0]=1.26e-03][A
  GD waterbirds_dinov2_train:  43%|████▎     | 855000/2000000 [02:38<02:46, 6867.90step/s, z=4e+04 err_min[eps0]=1.26e-03][A
  GD waterbirds_dinov2_train:  43%|████▎     | 859000/2000000 [02:38<02:50, 6711.54step/s, z=4e+04 err_min[eps0]=1.26e-03][A
  GD waterbirds_dinov2_train:  43%|████▎     | 863000/2000000 [02:39<02:50, 6649.86step/s, z=4e+04 err_min[eps0]=1.26e-03][A
  GD waterbirds_dinov2_train:  43%|████▎     | 867000/2000000 [02:40<02:50, 6660.09step/s, z=4e+04 err_min[eps0]=1.26e-03][A
  GD waterbirds_dinov2_train:  44%|████▎     | 871000/2000000 [02:40<03:05, 6091.34step/s, z=4e+04 err_min[eps0]=1.26e-03][A
  GD waterbirds_dinov2_train:  44%|████▍     | 875000/2000000 [02:41<03:02, 6156.41step/s, z=4e+04 err_min[eps0]=1.26e-03][A
  GD waterbirds_dinov2_train:  44%|████▍     | 879000/2000000 [02:42<02:53, 6462.84step/s, z=4e+04 err_min[eps0]=1.26e-03][A
  GD waterbirds_dinov2_train:  44%|████▍     | 883000/2000000 [02:42<02:46, 6713.47step/s, z=4e+04 err_min[eps0]=1.26e-03][A
  GD waterbirds_dinov2_train:  44%|████▍     | 887000/2000000 [02:43<02:47, 6664.35step/s, z=4e+04 err_min[eps0]=1.26e-03][A
  GD waterbirds_dinov2_train:  45%|████▍     | 891000/2000000 [02:44<03:27, 5338.19step/s, z=4e+04 err_min[eps0]=1.26e-03][A
  GD waterbirds_dinov2_train:  45%|████▍     | 894000/2000000 [02:45<03:55, 4697.61step/s, z=4e+04 err_min[eps0]=1.26e-03][A
  GD waterbirds_dinov2_train:  45%|████▍     | 898000/2000000 [02:45<03:28, 5276.47step/s, z=4e+04 err_min[eps0]=1.26e-03][A
  GD waterbirds_dinov2_train:  45%|████▌     | 900000/2000000 [02:45<03:28, 5276.47step/s, z=4.5e+04 err_min[eps0]=1.13e-03][A
  GD waterbirds_dinov2_train:  45%|████▌     | 902000/2000000 [02:46<03:08, 5825.30step/s, z=4.5e+04 err_min[eps0]=1.13e-03][A
  GD waterbirds_dinov2_train:  45%|████▌     | 906000/2000000 [02:46<03:02, 6003.42step/s, z=4.5e+04 err_min[eps0]=1.13e-03][A
  GD waterbirds_dinov2_train:  46%|████▌     | 910000/2000000 [02:47<02:52, 6336.56step/s, z=4.5e+04 err_min[eps0]=1.13e-03][A
  GD waterbirds_dinov2_train:  46%|████▌     | 914000/2000000 [02:47<02:43, 6623.32step/s, z=4.5e+04 err_min[eps0]=1.13e-03][A
  GD waterbirds_dinov2_train:  46%|████▌     | 918000/2000000 [02:48<02:40, 6743.76step/s, z=4.5e+04 err_min[eps0]=1.13e-03][A
  GD waterbirds_dinov2_train:  46%|████▌     | 922000/2000000 [02:49<02:48, 6413.94step/s, z=4.5e+04 err_min[eps0]=1.13e-03][A
  GD waterbirds_dinov2_train:  46%|████▋     | 926000/2000000 [02:49<02:42, 6624.64step/s, z=4.5e+04 err_min[eps0]=1.13e-03][A
  GD waterbirds_dinov2_train:  47%|████▋     | 931000/2000000 [02:50<02:33, 6977.85step/s, z=4.5e+04 err_min[eps0]=1.13e-03][A
  GD waterbirds_dinov2_train:  47%|████▋     | 935000/2000000 [02:51<02:42, 6561.70step/s, z=4.5e+04 err_min[eps0]=1.13e-03][A
  GD waterbirds_dinov2_train:  47%|████▋     | 939000/2000000 [02:52<03:03, 5769.67step/s, z=4.5e+04 err_min[eps0]=1.13e-03][A
  GD waterbirds_dinov2_train:  47%|████▋     | 942000/2000000 [02:52<03:24, 5185.52step/s, z=4.5e+04 err_min[eps0]=1.13e-03][A
  GD waterbirds_dinov2_train:  47%|████▋     | 945000/2000000 [02:53<03:21, 5244.79step/s, z=4.5e+04 err_min[eps0]=1.13e-03][A
  GD waterbirds_dinov2_train:  47%|████▋     | 948000/2000000 [02:53<03:22, 5196.59step/s, z=4.5e+04 err_min[eps0]=1.13e-03][A
  GD waterbirds_dinov2_train:  48%|████▊     | 951000/2000000 [02:54<03:24, 5126.63step/s, z=4.5e+04 err_min[eps0]=1.13e-03][A
  GD waterbirds_dinov2_train:  48%|████▊     | 954000/2000000 [02:55<03:23, 5134.94step/s, z=4.5e+04 err_min[eps0]=1.13e-03][A
  GD waterbirds_dinov2_train:  48%|████▊     | 957000/2000000 [02:55<03:19, 5226.98step/s, z=4.5e+04 err_min[eps0]=1.13e-03][A
  GD waterbirds_dinov2_train:  48%|████▊     | 960000/2000000 [02:56<03:30, 4951.49step/s, z=4.5e+04 err_min[eps0]=1.13e-03][A
  GD waterbirds_dinov2_train:  48%|████▊     | 963000/2000000 [02:56<03:28, 4965.21step/s, z=4.5e+04 err_min[eps0]=1.13e-03][A
  GD waterbirds_dinov2_train:  48%|████▊     | 966000/2000000 [02:57<03:20, 5145.62step/s, z=4.5e+04 err_min[eps0]=1.13e-03][A
  GD waterbirds_dinov2_train:  48%|████▊     | 970000/2000000 [02:58<03:06, 5524.63step/s, z=4.5e+04 err_min[eps0]=1.13e-03][A
  GD waterbirds_dinov2_train:  49%|████▊     | 973000/2000000 [02:58<03:07, 5465.57step/s, z=4.5e+04 err_min[eps0]=1.13e-03][A
  GD waterbirds_dinov2_train:  49%|████▉     | 976000/2000000 [02:59<03:09, 5401.85step/s, z=4.5e+04 err_min[eps0]=1.13e-03][A
  GD waterbirds_dinov2_train:  49%|████▉     | 979000/2000000 [03:00<03:39, 4645.56step/s, z=4.5e+04 err_min[eps0]=1.13e-03][A
  GD waterbirds_dinov2_train:  49%|████▉     | 982000/2000000 [03:00<04:00, 4234.37step/s, z=4.5e+04 err_min[eps0]=1.13e-03][A
  GD waterbirds_dinov2_train:  49%|████▉     | 985000/2000000 [03:01<04:18, 3929.07step/s, z=4.5e+04 err_min[eps0]=1.13e-03][A
  GD waterbirds_dinov2_train:  49%|████▉     | 988000/2000000 [03:02<04:21, 3866.11step/s, z=4.5e+04 err_min[eps0]=1.13e-03][A
  GD waterbirds_dinov2_train:  50%|████▉     | 990000/2000000 [03:03<04:24, 3812.20step/s, z=4.5e+04 err_min[eps0]=1.13e-03][A
  GD waterbirds_dinov2_train:  50%|████▉     | 992000/2000000 [03:03<04:22, 3833.42step/s, z=4.5e+04 err_min[eps0]=1.13e-03][A
  GD waterbirds_dinov2_train:  50%|████▉     | 994000/2000000 [03:04<04:33, 3672.40step/s, z=4.5e+04 err_min[eps0]=1.13e-03][A
  GD waterbirds_dinov2_train:  50%|████▉     | 996000/2000000 [03:04<04:40, 3584.09step/s, z=4.5e+04 err_min[eps0]=1.13e-03][A
  GD waterbirds_dinov2_train:  50%|████▉     | 999000/2000000 [03:05<04:14, 3926.35step/s, z=4.5e+04 err_min[eps0]=1.13e-03][A
  GD waterbirds_dinov2_train:  50%|█████     | 1000000/2000000 [03:05<04:14, 3926.35step/s, z=5e+04 err_min[eps0]=1.01e-03] [A
  GD waterbirds_dinov2_train:  50%|█████     | 1002000/2000000 [03:06<04:04, 4086.05step/s, z=5e+04 err_min[eps0]=1.01e-03][A
  GD waterbirds_dinov2_train:  50%|█████     | 1005000/2000000 [03:06<03:59, 4147.39step/s, z=5e+04 err_min[eps0]=1.01e-03][A
  GD waterbirds_dinov2_train:  50%|█████     | 1008000/2000000 [03:07<03:52, 4259.59step/s, z=5e+04 err_min[eps0]=1.01e-03][A
  GD waterbirds_dinov2_train:  51%|█████     | 1011000/2000000 [03:08<03:54, 4223.19step/s, z=5e+04 err_min[eps0]=1.01e-03][A
  GD waterbirds_dinov2_train:  51%|█████     | 1014000/2000000 [03:09<03:50, 4269.16step/s, z=5e+04 err_min[eps0]=1.01e-03][A
  GD waterbirds_dinov2_train:  51%|█████     | 1017000/2000000 [03:09<03:44, 4372.73step/s, z=5e+04 err_min[eps0]=1.01e-03][A
  GD waterbirds_dinov2_train:  51%|█████     | 1020000/2000000 [03:10<03:42, 4397.68step/s, z=5e+04 err_min[eps0]=1.01e-03][A
  GD waterbirds_dinov2_train:  51%|█████     | 1023000/2000000 [03:10<03:35, 4542.07step/s, z=5e+04 err_min[eps0]=1.01e-03][A
  GD waterbirds_dinov2_train:  51%|█████▏    | 1026000/2000000 [03:11<03:35, 4523.98step/s, z=5e+04 err_min[eps0]=1.01e-03][A
  GD waterbirds_dinov2_train:  51%|█████▏    | 1029000/2000000 [03:12<03:20, 4854.05step/s, z=5e+04 err_min[eps0]=1.01e-03][A
  GD waterbirds_dinov2_train:  52%|█████▏    | 1032000/2000000 [03:12<03:16, 4933.77step/s, z=5e+04 err_min[eps0]=1.01e-03][A
  GD waterbirds_dinov2_train:  52%|█████▏    | 1035000/2000000 [03:13<03:16, 4921.07step/s, z=5e+04 err_min[eps0]=1.01e-03][A
  GD waterbirds_dinov2_train:  52%|█████▏    | 1038000/2000000 [03:13<03:13, 4982.38step/s, z=5e+04 err_min[eps0]=1.01e-03][A
  GD waterbirds_dinov2_train:  52%|█████▏    | 1041000/2000000 [03:14<03:13, 4966.97step/s, z=5e+04 err_min[eps0]=1.01e-03][A
  GD waterbirds_dinov2_train:  52%|█████▏    | 1044000/2000000 [03:15<03:12, 4977.71step/s, z=5e+04 err_min[eps0]=1.01e-03][A
  GD waterbirds_dinov2_train:  52%|█████▏    | 1047000/2000000 [03:15<03:05, 5147.88step/s, z=5e+04 err_min[eps0]=1.01e-03][A
  GD waterbirds_dinov2_train:  52%|█████▎    | 1050000/2000000 [03:16<03:09, 5013.63step/s, z=5e+04 err_min[eps0]=1.01e-03][A
  GD waterbirds_dinov2_train:  53%|█████▎    | 1054000/2000000 [03:16<02:51, 5505.38step/s, z=5e+04 err_min[eps0]=1.01e-03][A
  GD waterbirds_dinov2_train:  53%|█████▎    | 1057000/2000000 [03:17<03:01, 5203.39step/s, z=5e+04 err_min[eps0]=1.01e-03][A
  GD waterbirds_dinov2_train:  53%|█████▎    | 1060000/2000000 [03:18<03:04, 5100.96step/s, z=5e+04 err_min[eps0]=1.01e-03][A
  GD waterbirds_dinov2_train:  53%|█████▎    | 1063000/2000000 [03:18<03:12, 4865.68step/s, z=5e+04 err_min[eps0]=1.01e-03][A
  GD waterbirds_dinov2_train:  53%|█████▎    | 1066000/2000000 [03:19<03:30, 4438.39step/s, z=5e+04 err_min[eps0]=1.01e-03][A
  GD waterbirds_dinov2_train:  53%|█████▎    | 1069000/2000000 [03:20<03:44, 4141.59step/s, z=5e+04 err_min[eps0]=1.01e-03][A
  GD waterbirds_dinov2_train:  54%|█████▎    | 1072000/2000000 [03:21<03:51, 4000.56step/s, z=5e+04 err_min[eps0]=1.01e-03][A
  GD waterbirds_dinov2_train:  54%|█████▍    | 1076000/2000000 [03:21<03:18, 4645.69step/s, z=5e+04 err_min[eps0]=1.01e-03][A
  GD waterbirds_dinov2_train:  54%|█████▍    | 1080000/2000000 [03:22<02:56, 5203.89step/s, z=5e+04 err_min[eps0]=1.01e-03][A
  GD waterbirds_dinov2_train:  54%|█████▍    | 1083000/2000000 [03:23<02:59, 5103.89step/s, z=5e+04 err_min[eps0]=1.01e-03][A
  GD waterbirds_dinov2_train:  54%|█████▍    | 1086000/2000000 [03:23<02:59, 5096.96step/s, z=5e+04 err_min[eps0]=1.01e-03][A
  GD waterbirds_dinov2_train:  54%|█████▍    | 1089000/2000000 [03:24<03:05, 4899.51step/s, z=5e+04 err_min[eps0]=1.01e-03][A
  GD waterbirds_dinov2_train:  55%|█████▍    | 1092000/2000000 [03:25<03:12, 4726.82step/s, z=5e+04 err_min[eps0]=1.01e-03][A
  GD waterbirds_dinov2_train:  55%|█████▍    | 1095000/2000000 [03:25<03:05, 4885.03step/s, z=5e+04 err_min[eps0]=1.01e-03][A
  GD waterbirds_dinov2_train:  55%|█████▍    | 1098000/2000000 [03:26<03:07, 4804.33step/s, z=5e+04 err_min[eps0]=1.01e-03][A
  GD waterbirds_dinov2_train:  55%|█████▌    | 1101000/2000000 [03:27<03:09, 4741.03step/s, z=5e+04 err_min[eps0]=1.01e-03][A
  GD waterbirds_dinov2_train:  55%|█████▌    | 1105000/2000000 [03:27<02:51, 5228.06step/s, z=5e+04 err_min[eps0]=1.01e-03][A
  GD waterbirds_dinov2_train:  55%|█████▌    | 1109000/2000000 [03:28<02:38, 5624.39step/s, z=5e+04 err_min[eps0]=1.01e-03][A
  GD waterbirds_dinov2_train:  56%|█████▌    | 1113000/2000000 [03:28<02:30, 5909.27step/s, z=5e+04 err_min[eps0]=1.01e-03][A
  GD waterbirds_dinov2_train:  56%|█████▌    | 1117000/2000000 [03:29<02:17, 6415.03step/s, z=5e+04 err_min[eps0]=1.01e-03][A
  GD waterbirds_dinov2_train:  56%|█████▌    | 1121000/2000000 [03:30<02:31, 5804.79step/s, z=5e+04 err_min[eps0]=1.01e-03][A
  GD waterbirds_dinov2_train:  56%|█████▋    | 1125000/2000000 [03:31<02:44, 5322.87step/s, z=5e+04 err_min[eps0]=1.01e-03][A
  GD waterbirds_dinov2_train:  56%|█████▋    | 1130000/2000000 [03:31<02:26, 5952.79step/s, z=5e+04 err_min[eps0]=1.01e-03][A
  GD waterbirds_dinov2_train:  57%|█████▋    | 1134000/2000000 [03:32<02:29, 5783.39step/s, z=5e+04 err_min[eps0]=1.01e-03][A
  GD waterbirds_dinov2_train:  57%|█████▋    | 1137000/2000000 [03:33<02:29, 5761.56step/s, z=5e+04 err_min[eps0]=1.01e-03][A
  GD waterbirds_dinov2_train:  57%|█████▋    | 1140000/2000000 [03:33<02:35, 5545.31step/s, z=5e+04 err_min[eps0]=1.01e-03][A
  GD waterbirds_dinov2_train:  57%|█████▋    | 1140000/2000000 [03:33<02:35, 5545.31step/s, z=5.7e+04 err_min[eps0]=9.09e-04][A
  GD waterbirds_dinov2_train:  57%|█████▋    | 1143000/2000000 [03:34<02:41, 5321.61step/s, z=5.7e+04 err_min[eps0]=9.09e-04][A
  GD waterbirds_dinov2_train:  57%|█████▋    | 1146000/2000000 [03:34<02:35, 5480.04step/s, z=5.7e+04 err_min[eps0]=9.09e-04][A
  GD waterbirds_dinov2_train:  57%|█████▊    | 1150000/2000000 [03:35<02:19, 6113.26step/s, z=5.7e+04 err_min[eps0]=9.09e-04][A
  GD waterbirds_dinov2_train:  58%|█████▊    | 1157000/2000000 [03:35<01:43, 8151.78step/s, z=5.7e+04 err_min[eps0]=9.09e-04][A
  GD waterbirds_dinov2_train:  58%|█████▊    | 1164000/2000000 [03:36<01:26, 9713.33step/s, z=5.7e+04 err_min[eps0]=9.09e-04][A
  GD waterbirds_dinov2_train:  59%|█████▊    | 1171000/2000000 [03:36<01:16, 10875.99step/s, z=5.7e+04 err_min[eps0]=9.09e-04][A
  GD waterbirds_dinov2_train:  59%|█████▉    | 1178000/2000000 [03:37<01:10, 11678.71step/s, z=5.7e+04 err_min[eps0]=9.09e-04][A
  GD waterbirds_dinov2_train:  59%|█████▉    | 1184000/2000000 [03:37<01:11, 11476.12step/s, z=5.7e+04 err_min[eps0]=9.09e-04][A
  GD waterbirds_dinov2_train:  60%|█████▉    | 1190000/2000000 [03:39<01:59, 6771.20step/s, z=5.7e+04 err_min[eps0]=9.09e-04] [A
  GD waterbirds_dinov2_train:  60%|█████▉    | 1195000/2000000 [03:41<02:32, 5263.09step/s, z=5.7e+04 err_min[eps0]=9.09e-04][A
  GD waterbirds_dinov2_train:  60%|█████▉    | 1199000/2000000 [03:41<02:30, 5316.63step/s, z=5.7e+04 err_min[eps0]=9.09e-04][A
  GD waterbirds_dinov2_train:  60%|██████    | 1205000/2000000 [03:42<02:05, 6342.96step/s, z=5.7e+04 err_min[eps0]=9.09e-04][A
  GD waterbirds_dinov2_train:  61%|██████    | 1211000/2000000 [03:43<01:50, 7141.50step/s, z=5.7e+04 err_min[eps0]=9.09e-04][A
  GD waterbirds_dinov2_train:  61%|██████    | 1216000/2000000 [03:43<01:46, 7339.73step/s, z=5.7e+04 err_min[eps0]=9.09e-04][A
  GD waterbirds_dinov2_train:  61%|██████    | 1221000/2000000 [03:44<01:50, 7026.36step/s, z=5.7e+04 err_min[eps0]=9.09e-04][A
  GD waterbirds_dinov2_train:  61%|██████▏   | 1228000/2000000 [03:45<01:32, 8368.39step/s, z=5.7e+04 err_min[eps0]=9.09e-04][A
  GD waterbirds_dinov2_train:  62%|██████▏   | 1235000/2000000 [03:45<01:20, 9551.52step/s, z=5.7e+04 err_min[eps0]=9.09e-04][A
  GD waterbirds_dinov2_train:  62%|██████▏   | 1242000/2000000 [03:46<01:13, 10335.96step/s, z=5.7e+04 err_min[eps0]=9.09e-04][A
  GD waterbirds_dinov2_train:  62%|██████▏   | 1249000/2000000 [03:46<01:07, 11121.37step/s, z=5.7e+04 err_min[eps0]=9.09e-04][A
  GD waterbirds_dinov2_train:  63%|██████▎   | 1256000/2000000 [03:47<01:03, 11655.42step/s, z=5.7e+04 err_min[eps0]=9.09e-04][A
  GD waterbirds_dinov2_train:  63%|██████▎   | 1260000/2000000 [03:47<01:03, 11655.42step/s, z=6.3e+04 err_min[eps0]=8.20e-04][A
  GD waterbirds_dinov2_train:  63%|██████▎   | 1263000/2000000 [03:47<01:02, 11818.10step/s, z=6.3e+04 err_min[eps0]=8.20e-04][A
  GD waterbirds_dinov2_train:  64%|██████▎   | 1270000/2000000 [03:49<01:28, 8272.27step/s, z=6.3e+04 err_min[eps0]=8.20e-04] [A
  GD waterbirds_dinov2_train:  64%|██████▍   | 1275000/2000000 [03:51<02:21, 5110.48step/s, z=6.3e+04 err_min[eps0]=8.20e-04][A
  GD waterbirds_dinov2_train:  64%|██████▍   | 1279000/2000000 [03:52<02:28, 4856.86step/s, z=6.3e+04 err_min[eps0]=8.20e-04][A
  GD waterbirds_dinov2_train:  64%|██████▍   | 1283000/2000000 [03:53<02:30, 4770.74step/s, z=6.3e+04 err_min[eps0]=8.20e-04][A
  GD waterbirds_dinov2_train:  64%|██████▍   | 1289000/2000000 [03:53<01:59, 5954.73step/s, z=6.3e+04 err_min[eps0]=8.20e-04][A
  GD waterbirds_dinov2_train:  65%|██████▍   | 1296000/2000000 [03:54<01:34, 7447.50step/s, z=6.3e+04 err_min[eps0]=8.20e-04][A
  GD waterbirds_dinov2_train:  65%|██████▌   | 1301000/2000000 [03:55<01:37, 7145.98step/s, z=6.3e+04 err_min[eps0]=8.20e-04][A
  GD waterbirds_dinov2_train:  65%|██████▌   | 1306000/2000000 [03:56<01:59, 5812.15step/s, z=6.3e+04 err_min[eps0]=8.20e-04][A
  GD waterbirds_dinov2_train:  66%|██████▌   | 1310000/2000000 [03:57<02:23, 4796.15step/s, z=6.3e+04 err_min[eps0]=8.20e-04][A
  GD waterbirds_dinov2_train:  66%|██████▌   | 1313000/2000000 [03:58<02:36, 4397.50step/s, z=6.3e+04 err_min[eps0]=8.20e-04][A
  GD waterbirds_dinov2_train:  66%|██████▌   | 1316000/2000000 [03:59<02:44, 4165.95step/s, z=6.3e+04 err_min[eps0]=8.20e-04][A
  GD waterbirds_dinov2_train:  66%|██████▌   | 1319000/2000000 [04:00<02:43, 4163.26step/s, z=6.3e+04 err_min[eps0]=8.20e-04][A
  GD waterbirds_dinov2_train:  66%|██████▌   | 1322000/2000000 [04:00<02:42, 4165.75step/s, z=6.3e+04 err_min[eps0]=8.20e-04][A
  GD waterbirds_dinov2_train:  66%|██████▋   | 1325000/2000000 [04:01<02:50, 3957.07step/s, z=6.3e+04 err_min[eps0]=8.20e-04][A
  GD waterbirds_dinov2_train:  66%|██████▋   | 1328000/2000000 [04:02<02:38, 4230.00step/s, z=6.3e+04 err_min[eps0]=8.20e-04][A
  GD waterbirds_dinov2_train:  67%|██████▋   | 1332000/2000000 [04:02<02:15, 4942.03step/s, z=6.3e+04 err_min[eps0]=8.20e-04][A
  GD waterbirds_dinov2_train:  67%|██████▋   | 1336000/2000000 [04:03<02:01, 5458.77step/s, z=6.3e+04 err_min[eps0]=8.20e-04][A
  GD waterbirds_dinov2_train:  67%|██████▋   | 1340000/2000000 [04:03<01:50, 5981.70step/s, z=6.3e+04 err_min[eps0]=8.20e-04][A
  GD waterbirds_dinov2_train:  67%|██████▋   | 1344000/2000000 [04:04<02:04, 5266.87step/s, z=6.3e+04 err_min[eps0]=8.20e-04][A
  GD waterbirds_dinov2_train:  67%|██████▋   | 1347000/2000000 [04:05<02:14, 4853.08step/s, z=6.3e+04 err_min[eps0]=8.20e-04][A
  GD waterbirds_dinov2_train:  68%|██████▊   | 1350000/2000000 [04:06<02:30, 4307.26step/s, z=6.3e+04 err_min[eps0]=8.20e-04][A
  GD waterbirds_dinov2_train:  68%|██████▊   | 1354000/2000000 [04:07<02:06, 5094.67step/s, z=6.3e+04 err_min[eps0]=8.20e-04][A
  GD waterbirds_dinov2_train:  68%|██████▊   | 1358000/2000000 [04:07<01:52, 5683.88step/s, z=6.3e+04 err_min[eps0]=8.20e-04][A
  GD waterbirds_dinov2_train:  68%|██████▊   | 1362000/2000000 [04:08<01:47, 5915.89step/s, z=6.3e+04 err_min[eps0]=8.20e-04][A
  GD waterbirds_dinov2_train:  68%|██████▊   | 1366000/2000000 [04:09<01:55, 5492.19step/s, z=6.3e+04 err_min[eps0]=8.20e-04][A
  GD waterbirds_dinov2_train:  68%|██████▊   | 1370000/2000000 [04:09<01:48, 5802.28step/s, z=6.3e+04 err_min[eps0]=8.20e-04][A
  GD waterbirds_dinov2_train:  69%|██████▉   | 1375000/2000000 [04:10<01:37, 6441.05step/s, z=6.3e+04 err_min[eps0]=8.20e-04][A
  GD waterbirds_dinov2_train:  69%|██████▉   | 1380000/2000000 [04:10<01:26, 7166.25step/s, z=6.3e+04 err_min[eps0]=8.20e-04][A
  GD waterbirds_dinov2_train:  69%|██████▉   | 1384000/2000000 [04:11<01:30, 6822.00step/s, z=6.3e+04 err_min[eps0]=8.20e-04][A
  GD waterbirds_dinov2_train:  69%|██████▉   | 1388000/2000000 [04:12<01:30, 6730.74step/s, z=6.3e+04 err_min[eps0]=8.20e-04][A
  GD waterbirds_dinov2_train:  70%|██████▉   | 1392000/2000000 [04:12<01:29, 6769.89step/s, z=6.3e+04 err_min[eps0]=8.20e-04][A
  GD waterbirds_dinov2_train:  70%|██████▉   | 1396000/2000000 [04:13<01:37, 6209.94step/s, z=6.3e+04 err_min[eps0]=8.20e-04][A
  GD waterbirds_dinov2_train:  70%|███████   | 1400000/2000000 [04:14<01:37, 6125.02step/s, z=6.3e+04 err_min[eps0]=8.20e-04][A
  GD waterbirds_dinov2_train:  70%|███████   | 1404000/2000000 [04:15<01:55, 5178.62step/s, z=6.3e+04 err_min[eps0]=8.20e-04][A
  GD waterbirds_dinov2_train:  70%|███████   | 1407000/2000000 [04:15<01:54, 5194.82step/s, z=6.3e+04 err_min[eps0]=8.20e-04][A
  GD waterbirds_dinov2_train:  71%|███████   | 1412000/2000000 [04:16<01:37, 6037.61step/s, z=6.3e+04 err_min[eps0]=8.20e-04][A
  GD waterbirds_dinov2_train:  71%|███████   | 1417000/2000000 [04:16<01:25, 6785.64step/s, z=6.3e+04 err_min[eps0]=8.20e-04][A
  GD waterbirds_dinov2_train:  71%|███████   | 1420000/2000000 [04:17<01:25, 6785.64step/s, z=7.1e+04 err_min[eps0]=7.38e-04][A
  GD waterbirds_dinov2_train:  71%|███████   | 1421000/2000000 [04:17<01:22, 7028.36step/s, z=7.1e+04 err_min[eps0]=7.38e-04][A
  GD waterbirds_dinov2_train:  71%|███████▏  | 1425000/2000000 [04:17<01:22, 6974.54step/s, z=7.1e+04 err_min[eps0]=7.38e-04][A
  GD waterbirds_dinov2_train:  71%|███████▏  | 1429000/2000000 [04:18<01:22, 6907.15step/s, z=7.1e+04 err_min[eps0]=7.38e-04][A
  GD waterbirds_dinov2_train:  72%|███████▏  | 1433000/2000000 [04:19<01:23, 6771.80step/s, z=7.1e+04 err_min[eps0]=7.38e-04][A
  GD waterbirds_dinov2_train:  72%|███████▏  | 1437000/2000000 [04:19<01:25, 6570.73step/s, z=7.1e+04 err_min[eps0]=7.38e-04][A
  GD waterbirds_dinov2_train:  72%|███████▏  | 1441000/2000000 [04:20<01:36, 5785.09step/s, z=7.1e+04 err_min[eps0]=7.38e-04][A
  GD waterbirds_dinov2_train:  72%|███████▏  | 1445000/2000000 [04:21<01:38, 5648.91step/s, z=7.1e+04 err_min[eps0]=7.38e-04][A
  GD waterbirds_dinov2_train:  72%|███████▏  | 1448000/2000000 [04:22<01:47, 5118.80step/s, z=7.1e+04 err_min[eps0]=7.38e-04][A
  GD waterbirds_dinov2_train:  73%|███████▎  | 1451000/2000000 [04:22<01:47, 5099.16step/s, z=7.1e+04 err_min[eps0]=7.38e-04][A
  GD waterbirds_dinov2_train:  73%|███████▎  | 1454000/2000000 [04:23<01:52, 4837.69step/s, z=7.1e+04 err_min[eps0]=7.38e-04][A
  GD waterbirds_dinov2_train:  73%|███████▎  | 1457000/2000000 [04:24<01:58, 4566.11step/s, z=7.1e+04 err_min[eps0]=7.38e-04][A
  GD waterbirds_dinov2_train:  73%|███████▎  | 1460000/2000000 [04:25<02:14, 4011.30step/s, z=7.1e+04 err_min[eps0]=7.38e-04][A
  GD waterbirds_dinov2_train:  73%|███████▎  | 1463000/2000000 [04:25<02:06, 4244.24step/s, z=7.1e+04 err_min[eps0]=7.38e-04][A
  GD waterbirds_dinov2_train:  73%|███████▎  | 1466000/2000000 [04:26<01:58, 4492.55step/s, z=7.1e+04 err_min[eps0]=7.38e-04][A
  GD waterbirds_dinov2_train:  74%|███████▎  | 1470000/2000000 [04:27<01:44, 5053.70step/s, z=7.1e+04 err_min[eps0]=7.38e-04][A
  GD waterbirds_dinov2_train:  74%|███████▎  | 1474000/2000000 [04:27<01:35, 5494.90step/s, z=7.1e+04 err_min[eps0]=7.38e-04][A
  GD waterbirds_dinov2_train:  74%|███████▍  | 1478000/2000000 [04:28<01:32, 5653.13step/s, z=7.1e+04 err_min[eps0]=7.38e-04][A
  GD waterbirds_dinov2_train:  74%|███████▍  | 1482000/2000000 [04:28<01:25, 6075.73step/s, z=7.1e+04 err_min[eps0]=7.38e-04][A
  GD waterbirds_dinov2_train:  74%|███████▍  | 1486000/2000000 [04:29<01:20, 6421.15step/s, z=7.1e+04 err_min[eps0]=7.38e-04][A
  GD waterbirds_dinov2_train:  74%|███████▍  | 1490000/2000000 [04:29<01:16, 6688.35step/s, z=7.1e+04 err_min[eps0]=7.38e-04][A
  GD waterbirds_dinov2_train:  75%|███████▍  | 1494000/2000000 [04:30<01:14, 6811.84step/s, z=7.1e+04 err_min[eps0]=7.38e-04][A
  GD waterbirds_dinov2_train:  75%|███████▍  | 1498000/2000000 [04:31<01:11, 6984.70step/s, z=7.1e+04 err_min[eps0]=7.38e-04][A
  GD waterbirds_dinov2_train:  75%|███████▌  | 1502000/2000000 [04:31<01:08, 7226.80step/s, z=7.1e+04 err_min[eps0]=7.38e-04][A
  GD waterbirds_dinov2_train:  75%|███████▌  | 1507000/2000000 [04:32<01:05, 7536.45step/s, z=7.1e+04 err_min[eps0]=7.38e-04][A
  GD waterbirds_dinov2_train:  76%|███████▌  | 1512000/2000000 [04:32<01:03, 7651.82step/s, z=7.1e+04 err_min[eps0]=7.38e-04][A
  GD waterbirds_dinov2_train:  76%|███████▌  | 1517000/2000000 [04:33<01:00, 7998.41step/s, z=7.1e+04 err_min[eps0]=7.38e-04][A
  GD waterbirds_dinov2_train:  76%|███████▌  | 1522000/2000000 [04:34<01:01, 7809.61step/s, z=7.1e+04 err_min[eps0]=7.38e-04][A
  GD waterbirds_dinov2_train:  76%|███████▋  | 1526000/2000000 [04:34<01:02, 7629.63step/s, z=7.1e+04 err_min[eps0]=7.38e-04][A
  GD waterbirds_dinov2_train:  76%|███████▋  | 1530000/2000000 [04:35<01:02, 7578.95step/s, z=7.1e+04 err_min[eps0]=7.38e-04][A
  GD waterbirds_dinov2_train:  77%|███████▋  | 1534000/2000000 [04:35<01:06, 6985.20step/s, z=7.1e+04 err_min[eps0]=7.38e-04][A
  GD waterbirds_dinov2_train:  77%|███████▋  | 1538000/2000000 [04:36<01:11, 6491.10step/s, z=7.1e+04 err_min[eps0]=7.38e-04][A
  GD waterbirds_dinov2_train:  77%|███████▋  | 1542000/2000000 [04:37<01:06, 6853.36step/s, z=7.1e+04 err_min[eps0]=7.38e-04][A
  GD waterbirds_dinov2_train:  77%|███████▋  | 1546000/2000000 [04:37<01:05, 6942.88step/s, z=7.1e+04 err_min[eps0]=7.38e-04][A
  GD waterbirds_dinov2_train:  78%|███████▊  | 1550000/2000000 [04:38<01:10, 6405.43step/s, z=7.1e+04 err_min[eps0]=7.38e-04][A
  GD waterbirds_dinov2_train:  78%|███████▊  | 1554000/2000000 [04:39<01:15, 5945.44step/s, z=7.1e+04 err_min[eps0]=7.38e-04][A
  GD waterbirds_dinov2_train:  78%|███████▊  | 1558000/2000000 [04:40<01:21, 5402.03step/s, z=7.1e+04 err_min[eps0]=7.38e-04][A
  GD waterbirds_dinov2_train:  78%|███████▊  | 1561000/2000000 [04:40<01:21, 5381.25step/s, z=7.1e+04 err_min[eps0]=7.38e-04][A
  GD waterbirds_dinov2_train:  78%|███████▊  | 1564000/2000000 [04:41<01:25, 5127.25step/s, z=7.1e+04 err_min[eps0]=7.38e-04][A
  GD waterbirds_dinov2_train:  78%|███████▊  | 1567000/2000000 [04:41<01:28, 4900.50step/s, z=7.1e+04 err_min[eps0]=7.38e-04][A
  GD waterbirds_dinov2_train:  78%|███████▊  | 1570000/2000000 [04:42<01:25, 5034.84step/s, z=7.1e+04 err_min[eps0]=7.38e-04][A
  GD waterbirds_dinov2_train:  79%|███████▊  | 1573000/2000000 [04:43<01:27, 4870.50step/s, z=7.1e+04 err_min[eps0]=7.38e-04][A
  GD waterbirds_dinov2_train:  79%|███████▉  | 1577000/2000000 [04:43<01:18, 5420.91step/s, z=7.1e+04 err_min[eps0]=7.38e-04][A
  GD waterbirds_dinov2_train:  79%|███████▉  | 1580000/2000000 [04:44<01:15, 5553.46step/s, z=7.1e+04 err_min[eps0]=7.38e-04][A
  GD waterbirds_dinov2_train:  79%|███████▉  | 1583000/2000000 [04:44<01:19, 5237.27step/s, z=7.1e+04 err_min[eps0]=7.38e-04][A
  GD waterbirds_dinov2_train:  79%|███████▉  | 1586000/2000000 [04:45<01:17, 5336.69step/s, z=7.1e+04 err_min[eps0]=7.38e-04][A
  GD waterbirds_dinov2_train:  79%|███████▉  | 1589000/2000000 [04:46<01:17, 5283.57step/s, z=7.1e+04 err_min[eps0]=7.38e-04][A
  GD waterbirds_dinov2_train:  80%|███████▉  | 1592000/2000000 [04:46<01:21, 5005.32step/s, z=7.1e+04 err_min[eps0]=7.38e-04][A
  GD waterbirds_dinov2_train:  80%|███████▉  | 1595000/2000000 [04:47<01:28, 4558.07step/s, z=7.1e+04 err_min[eps0]=7.38e-04][A
  GD waterbirds_dinov2_train:  80%|███████▉  | 1598000/2000000 [04:48<01:31, 4402.00step/s, z=7.1e+04 err_min[eps0]=7.38e-04][A
  GD waterbirds_dinov2_train:  80%|████████  | 1600000/2000000 [04:48<01:30, 4402.00step/s, z=8e+04 err_min[eps0]=6.61e-04]  [A
  GD waterbirds_dinov2_train:  80%|████████  | 1601000/2000000 [04:48<01:26, 4592.94step/s, z=8e+04 err_min[eps0]=6.61e-04][A
  GD waterbirds_dinov2_train:  80%|████████  | 1604000/2000000 [04:49<01:23, 4765.97step/s, z=8e+04 err_min[eps0]=6.61e-04][A
  GD waterbirds_dinov2_train:  80%|████████  | 1607000/2000000 [04:50<01:23, 4728.09step/s, z=8e+04 err_min[eps0]=6.61e-04][A
  GD waterbirds_dinov2_train:  80%|████████  | 1610000/2000000 [04:50<01:26, 4488.63step/s, z=8e+04 err_min[eps0]=6.61e-04][A
  GD waterbirds_dinov2_train:  81%|████████  | 1613000/2000000 [04:51<01:39, 3902.70step/s, z=8e+04 err_min[eps0]=6.61e-04][A
  GD waterbirds_dinov2_train:  81%|████████  | 1616000/2000000 [04:52<01:48, 3538.13step/s, z=8e+04 err_min[eps0]=6.61e-04][A
  GD waterbirds_dinov2_train:  81%|████████  | 1618000/2000000 [04:53<01:49, 3492.50step/s, z=8e+04 err_min[eps0]=6.61e-04][A
  GD waterbirds_dinov2_train:  81%|████████  | 1620000/2000000 [04:54<01:50, 3452.00step/s, z=8e+04 err_min[eps0]=6.61e-04][A
  GD waterbirds_dinov2_train:  81%|████████  | 1622000/2000000 [04:54<01:47, 3531.43step/s, z=8e+04 err_min[eps0]=6.61e-04][A
  GD waterbirds_dinov2_train:  81%|████████  | 1624000/2000000 [04:55<01:44, 3580.98step/s, z=8e+04 err_min[eps0]=6.61e-04][A
  GD waterbirds_dinov2_train:  81%|████████▏ | 1626000/2000000 [04:55<01:47, 3472.50step/s, z=8e+04 err_min[eps0]=6.61e-04][A
  GD waterbirds_dinov2_train:  81%|████████▏ | 1629000/2000000 [04:56<01:34, 3927.05step/s, z=8e+04 err_min[eps0]=6.61e-04][A
  GD waterbirds_dinov2_train:  82%|████████▏ | 1632000/2000000 [04:57<01:30, 4070.60step/s, z=8e+04 err_min[eps0]=6.61e-04][A
  GD waterbirds_dinov2_train:  82%|████████▏ | 1635000/2000000 [04:57<01:25, 4258.45step/s, z=8e+04 err_min[eps0]=6.61e-04][A
  GD waterbirds_dinov2_train:  82%|████████▏ | 1638000/2000000 [04:58<01:21, 4443.48step/s, z=8e+04 err_min[eps0]=6.61e-04][A
  GD waterbirds_dinov2_train:  82%|████████▏ | 1641000/2000000 [04:59<01:22, 4350.24step/s, z=8e+04 err_min[eps0]=6.61e-04][A
  GD waterbirds_dinov2_train:  82%|████████▏ | 1644000/2000000 [04:59<01:17, 4617.68step/s, z=8e+04 err_min[eps0]=6.61e-04][A
  GD waterbirds_dinov2_train:  82%|████████▏ | 1648000/2000000 [05:00<01:07, 5252.72step/s, z=8e+04 err_min[eps0]=6.61e-04][A
  GD waterbirds_dinov2_train:  83%|████████▎ | 1652000/2000000 [05:00<00:59, 5876.28step/s, z=8e+04 err_min[eps0]=6.61e-04][A
  GD waterbirds_dinov2_train:  83%|████████▎ | 1655000/2000000 [05:01<01:04, 5366.77step/s, z=8e+04 err_min[eps0]=6.61e-04][A
  GD waterbirds_dinov2_train:  83%|████████▎ | 1658000/2000000 [05:02<01:14, 4619.25step/s, z=8e+04 err_min[eps0]=6.61e-04][A
  GD waterbirds_dinov2_train:  83%|████████▎ | 1661000/2000000 [05:03<01:19, 4272.58step/s, z=8e+04 err_min[eps0]=6.61e-04][A
  GD waterbirds_dinov2_train:  83%|████████▎ | 1664000/2000000 [05:03<01:21, 4104.43step/s, z=8e+04 err_min[eps0]=6.61e-04][A
  GD waterbirds_dinov2_train:  83%|████████▎ | 1667000/2000000 [05:04<01:22, 4041.46step/s, z=8e+04 err_min[eps0]=6.61e-04][A
  GD waterbirds_dinov2_train:  84%|████████▎ | 1670000/2000000 [05:05<01:14, 4411.25step/s, z=8e+04 err_min[eps0]=6.61e-04][A
  GD waterbirds_dinov2_train:  84%|████████▎ | 1673000/2000000 [05:05<01:10, 4666.11step/s, z=8e+04 err_min[eps0]=6.61e-04][A
  GD waterbirds_dinov2_train:  84%|████████▍ | 1676000/2000000 [05:06<01:05, 4951.63step/s, z=8e+04 err_min[eps0]=6.61e-04][A
  GD waterbirds_dinov2_train:  84%|████████▍ | 1679000/2000000 [05:06<01:06, 4795.84step/s, z=8e+04 err_min[eps0]=6.61e-04][A
  GD waterbirds_dinov2_train:  84%|████████▍ | 1682000/2000000 [05:07<01:05, 4848.77step/s, z=8e+04 err_min[eps0]=6.61e-04][A
  GD waterbirds_dinov2_train:  84%|████████▍ | 1685000/2000000 [05:08<01:04, 4859.92step/s, z=8e+04 err_min[eps0]=6.61e-04][A
  GD waterbirds_dinov2_train:  84%|████████▍ | 1688000/2000000 [05:08<01:03, 4935.43step/s, z=8e+04 err_min[eps0]=6.61e-04][A
  GD waterbirds_dinov2_train:  85%|████████▍ | 1691000/2000000 [05:09<01:02, 4916.29step/s, z=8e+04 err_min[eps0]=6.61e-04][A
  GD waterbirds_dinov2_train:  85%|████████▍ | 1694000/2000000 [05:09<01:02, 4902.91step/s, z=8e+04 err_min[eps0]=6.61e-04][A
  GD waterbirds_dinov2_train:  85%|████████▍ | 1697000/2000000 [05:10<01:03, 4792.47step/s, z=8e+04 err_min[eps0]=6.61e-04][A
  GD waterbirds_dinov2_train:  85%|████████▌ | 1700000/2000000 [05:11<01:00, 4927.25step/s, z=8e+04 err_min[eps0]=6.61e-04][A
  GD waterbirds_dinov2_train:  85%|████████▌ | 1703000/2000000 [05:11<01:01, 4806.32step/s, z=8e+04 err_min[eps0]=6.61e-04][A
  GD waterbirds_dinov2_train:  85%|████████▌ | 1706000/2000000 [05:12<01:00, 4858.41step/s, z=8e+04 err_min[eps0]=6.61e-04][A
  GD waterbirds_dinov2_train:  85%|████████▌ | 1709000/2000000 [05:13<00:58, 4932.93step/s, z=8e+04 err_min[eps0]=6.61e-04][A
  GD waterbirds_dinov2_train:  86%|████████▌ | 1712000/2000000 [05:13<00:58, 4959.89step/s, z=8e+04 err_min[eps0]=6.61e-04][A
  GD waterbirds_dinov2_train:  86%|████████▌ | 1715000/2000000 [05:14<00:57, 4972.86step/s, z=8e+04 err_min[eps0]=6.61e-04][A
  GD waterbirds_dinov2_train:  86%|████████▌ | 1718000/2000000 [05:14<00:56, 4998.55step/s, z=8e+04 err_min[eps0]=6.61e-04][A
  GD waterbirds_dinov2_train:  86%|████████▌ | 1721000/2000000 [05:15<00:55, 4986.18step/s, z=8e+04 err_min[eps0]=6.61e-04][A
  GD waterbirds_dinov2_train:  86%|████████▌ | 1724000/2000000 [05:16<00:57, 4775.38step/s, z=8e+04 err_min[eps0]=6.61e-04][A
  GD waterbirds_dinov2_train:  86%|████████▋ | 1727000/2000000 [05:16<00:57, 4707.85step/s, z=8e+04 err_min[eps0]=6.61e-04][A
  GD waterbirds_dinov2_train:  86%|████████▋ | 1730000/2000000 [05:17<00:57, 4681.57step/s, z=8e+04 err_min[eps0]=6.61e-04][A
  GD waterbirds_dinov2_train:  87%|████████▋ | 1733000/2000000 [05:18<00:56, 4719.97step/s, z=8e+04 err_min[eps0]=6.61e-04][A
  GD waterbirds_dinov2_train:  87%|████████▋ | 1737000/2000000 [05:18<00:49, 5274.64step/s, z=8e+04 err_min[eps0]=6.61e-04][A
  GD waterbirds_dinov2_train:  87%|████████▋ | 1741000/2000000 [05:19<00:46, 5616.10step/s, z=8e+04 err_min[eps0]=6.61e-04][A
  GD waterbirds_dinov2_train:  87%|████████▋ | 1745000/2000000 [05:19<00:42, 5974.41step/s, z=8e+04 err_min[eps0]=6.61e-04][A
  GD waterbirds_dinov2_train:  87%|████████▋ | 1749000/2000000 [05:20<00:40, 6194.40step/s, z=8e+04 err_min[eps0]=6.61e-04][A
  GD waterbirds_dinov2_train:  88%|████████▊ | 1753000/2000000 [05:21<00:46, 5291.84step/s, z=8e+04 err_min[eps0]=6.61e-04][A
  GD waterbirds_dinov2_train:  88%|████████▊ | 1756000/2000000 [05:22<00:53, 4581.04step/s, z=8e+04 err_min[eps0]=6.61e-04][A
  GD waterbirds_dinov2_train:  88%|████████▊ | 1759000/2000000 [05:23<00:56, 4230.01step/s, z=8e+04 err_min[eps0]=6.61e-04][A
  GD waterbirds_dinov2_train:  88%|████████▊ | 1762000/2000000 [05:24<00:58, 4072.98step/s, z=8e+04 err_min[eps0]=6.61e-04][A
  GD waterbirds_dinov2_train:  88%|████████▊ | 1765000/2000000 [05:24<00:53, 4431.09step/s, z=8e+04 err_min[eps0]=6.61e-04][A
  GD waterbirds_dinov2_train:  88%|████████▊ | 1769000/2000000 [05:25<00:47, 4838.13step/s, z=8e+04 err_min[eps0]=6.61e-04][A
  GD waterbirds_dinov2_train:  89%|████████▊ | 1772000/2000000 [05:26<00:50, 4493.32step/s, z=8e+04 err_min[eps0]=6.61e-04][A
  GD waterbirds_dinov2_train:  89%|████████▉ | 1775000/2000000 [05:26<00:49, 4578.94step/s, z=8e+04 err_min[eps0]=6.61e-04][A
  GD waterbirds_dinov2_train:  89%|████████▉ | 1778000/2000000 [05:27<00:46, 4781.80step/s, z=8e+04 err_min[eps0]=6.61e-04][A
  GD waterbirds_dinov2_train:  89%|████████▉ | 1780000/2000000 [05:27<00:46, 4781.80step/s, z=8.9e+04 err_min[eps0]=5.85e-04][A
  GD waterbirds_dinov2_train:  89%|████████▉ | 1781000/2000000 [05:28<00:50, 4346.50step/s, z=8.9e+04 err_min[eps0]=5.85e-04][A
  GD waterbirds_dinov2_train:  89%|████████▉ | 1784000/2000000 [05:28<00:48, 4425.12step/s, z=8.9e+04 err_min[eps0]=5.85e-04][A
  GD waterbirds_dinov2_train:  89%|████████▉ | 1787000/2000000 [05:29<00:45, 4673.66step/s, z=8.9e+04 err_min[eps0]=5.85e-04][A
  GD waterbirds_dinov2_train:  90%|████████▉ | 1790000/2000000 [05:30<00:47, 4432.70step/s, z=8.9e+04 err_min[eps0]=5.85e-04][A
  GD waterbirds_dinov2_train:  90%|████████▉ | 1793000/2000000 [05:30<00:43, 4738.54step/s, z=8.9e+04 err_min[eps0]=5.85e-04][A
  GD waterbirds_dinov2_train:  90%|████████▉ | 1796000/2000000 [05:31<00:40, 5051.07step/s, z=8.9e+04 err_min[eps0]=5.85e-04][A
  GD waterbirds_dinov2_train:  90%|████████▉ | 1799000/2000000 [05:31<00:41, 4824.06step/s, z=8.9e+04 err_min[eps0]=5.85e-04][A
  GD waterbirds_dinov2_train:  90%|█████████ | 1802000/2000000 [05:32<00:38, 5111.00step/s, z=8.9e+04 err_min[eps0]=5.85e-04][A
  GD waterbirds_dinov2_train:  90%|█████████ | 1805000/2000000 [05:32<00:38, 5120.61step/s, z=8.9e+04 err_min[eps0]=5.85e-04][A
  GD waterbirds_dinov2_train:  90%|█████████ | 1808000/2000000 [05:33<00:37, 5095.52step/s, z=8.9e+04 err_min[eps0]=5.85e-04][A
  GD waterbirds_dinov2_train:  91%|█████████ | 1811000/2000000 [05:34<00:41, 4539.23step/s, z=8.9e+04 err_min[eps0]=5.85e-04][A
  GD waterbirds_dinov2_train:  91%|█████████ | 1814000/2000000 [05:34<00:40, 4558.17step/s, z=8.9e+04 err_min[eps0]=5.85e-04][A
  GD waterbirds_dinov2_train:  91%|█████████ | 1819000/2000000 [05:35<00:32, 5607.43step/s, z=8.9e+04 err_min[eps0]=5.85e-04][A
  GD waterbirds_dinov2_train:  91%|█████████ | 1823000/2000000 [05:36<00:29, 6059.30step/s, z=8.9e+04 err_min[eps0]=5.85e-04][A
  GD waterbirds_dinov2_train:  91%|█████████▏| 1827000/2000000 [05:36<00:27, 6403.49step/s, z=8.9e+04 err_min[eps0]=5.85e-04][A
  GD waterbirds_dinov2_train:  92%|█████████▏| 1831000/2000000 [05:37<00:24, 6767.70step/s, z=8.9e+04 err_min[eps0]=5.85e-04][A
  GD waterbirds_dinov2_train:  92%|█████████▏| 1835000/2000000 [05:37<00:23, 6932.16step/s, z=8.9e+04 err_min[eps0]=5.85e-04][A
  GD waterbirds_dinov2_train:  92%|█████████▏| 1839000/2000000 [05:38<00:22, 7175.70step/s, z=8.9e+04 err_min[eps0]=5.85e-04][A
  GD waterbirds_dinov2_train:  92%|█████████▏| 1843000/2000000 [05:38<00:21, 7216.18step/s, z=8.9e+04 err_min[eps0]=5.85e-04][A
  GD waterbirds_dinov2_train:  92%|█████████▏| 1847000/2000000 [05:39<00:20, 7325.07step/s, z=8.9e+04 err_min[eps0]=5.85e-04][A
  GD waterbirds_dinov2_train:  93%|█████████▎| 1851000/2000000 [05:39<00:20, 7314.58step/s, z=8.9e+04 err_min[eps0]=5.85e-04][A
  GD waterbirds_dinov2_train:  93%|█████████▎| 1855000/2000000 [05:40<00:19, 7434.55step/s, z=8.9e+04 err_min[eps0]=5.85e-04][A
  GD waterbirds_dinov2_train:  93%|█████████▎| 1859000/2000000 [05:40<00:18, 7520.18step/s, z=8.9e+04 err_min[eps0]=5.85e-04][A
  GD waterbirds_dinov2_train:  93%|█████████▎| 1864000/2000000 [05:41<00:17, 7645.15step/s, z=8.9e+04 err_min[eps0]=5.85e-04][A
  GD waterbirds_dinov2_train:  93%|█████████▎| 1869000/2000000 [05:42<00:16, 8082.03step/s, z=8.9e+04 err_min[eps0]=5.85e-04][A
  GD waterbirds_dinov2_train:  94%|█████████▍| 1876000/2000000 [05:42<00:13, 9266.30step/s, z=8.9e+04 err_min[eps0]=5.85e-04][A
  GD waterbirds_dinov2_train:  94%|█████████▍| 1881000/2000000 [05:44<00:19, 6217.90step/s, z=8.9e+04 err_min[eps0]=5.85e-04][A
  GD waterbirds_dinov2_train:  94%|█████████▍| 1885000/2000000 [05:45<00:21, 5296.36step/s, z=8.9e+04 err_min[eps0]=5.85e-04][A
  GD waterbirds_dinov2_train:  94%|█████████▍| 1889000/2000000 [05:46<00:24, 4563.69step/s, z=8.9e+04 err_min[eps0]=5.85e-04][A
  GD waterbirds_dinov2_train:  95%|█████████▍| 1892000/2000000 [05:47<00:25, 4180.96step/s, z=8.9e+04 err_min[eps0]=5.85e-04][A
  GD waterbirds_dinov2_train:  95%|█████████▍| 1895000/2000000 [05:48<00:26, 3898.56step/s, z=8.9e+04 err_min[eps0]=5.85e-04][A
  GD waterbirds_dinov2_train:  95%|█████████▍| 1898000/2000000 [05:48<00:25, 3965.97step/s, z=8.9e+04 err_min[eps0]=5.85e-04][A
  GD waterbirds_dinov2_train:  95%|█████████▌| 1901000/2000000 [05:49<00:25, 3834.30step/s, z=8.9e+04 err_min[eps0]=5.85e-04][A
  GD waterbirds_dinov2_train:  95%|█████████▌| 1904000/2000000 [05:50<00:24, 3887.03step/s, z=8.9e+04 err_min[eps0]=5.85e-04][A
  GD waterbirds_dinov2_train:  95%|█████████▌| 1907000/2000000 [05:51<00:25, 3706.72step/s, z=8.9e+04 err_min[eps0]=5.85e-04][A
  GD waterbirds_dinov2_train:  95%|█████████▌| 1909000/2000000 [05:52<00:25, 3608.69step/s, z=8.9e+04 err_min[eps0]=5.85e-04][A
  GD waterbirds_dinov2_train:  96%|█████████▌| 1912000/2000000 [05:52<00:22, 3840.58step/s, z=8.9e+04 err_min[eps0]=5.85e-04][A
  GD waterbirds_dinov2_train:  96%|█████████▌| 1915000/2000000 [05:53<00:20, 4120.58step/s, z=8.9e+04 err_min[eps0]=5.85e-04][A
  GD waterbirds_dinov2_train:  96%|█████████▌| 1919000/2000000 [05:53<00:16, 4891.59step/s, z=8.9e+04 err_min[eps0]=5.85e-04][A
  GD waterbirds_dinov2_train:  96%|█████████▌| 1923000/2000000 [05:54<00:14, 5393.39step/s, z=8.9e+04 err_min[eps0]=5.85e-04][A
  GD waterbirds_dinov2_train:  96%|█████████▋| 1926000/2000000 [05:55<00:14, 5252.91step/s, z=8.9e+04 err_min[eps0]=5.85e-04][A
  GD waterbirds_dinov2_train:  96%|█████████▋| 1929000/2000000 [05:55<00:13, 5176.01step/s, z=8.9e+04 err_min[eps0]=5.85e-04][A
  GD waterbirds_dinov2_train:  97%|█████████▋| 1932000/2000000 [05:56<00:13, 5078.52step/s, z=8.9e+04 err_min[eps0]=5.85e-04][A
  GD waterbirds_dinov2_train:  97%|█████████▋| 1935000/2000000 [05:56<00:13, 4996.76step/s, z=8.9e+04 err_min[eps0]=5.85e-04][A
  GD waterbirds_dinov2_train:  97%|█████████▋| 1938000/2000000 [05:57<00:12, 5017.20step/s, z=8.9e+04 err_min[eps0]=5.85e-04][A
  GD waterbirds_dinov2_train:  97%|█████████▋| 1941000/2000000 [05:58<00:12, 4837.71step/s, z=8.9e+04 err_min[eps0]=5.85e-04][A
  GD waterbirds_dinov2_train:  97%|█████████▋| 1944000/2000000 [05:58<00:11, 4800.76step/s, z=8.9e+04 err_min[eps0]=5.85e-04][A
  GD waterbirds_dinov2_train:  97%|█████████▋| 1947000/2000000 [05:59<00:11, 4685.94step/s, z=8.9e+04 err_min[eps0]=5.85e-04][A
  GD waterbirds_dinov2_train:  98%|█████████▊| 1951000/2000000 [06:00<00:09, 5170.79step/s, z=8.9e+04 err_min[eps0]=5.85e-04][A
  GD waterbirds_dinov2_train:  98%|█████████▊| 1955000/2000000 [06:00<00:07, 5646.36step/s, z=8.9e+04 err_min[eps0]=5.85e-04][A
  GD waterbirds_dinov2_train:  98%|█████████▊| 1959000/2000000 [06:01<00:06, 5946.60step/s, z=8.9e+04 err_min[eps0]=5.85e-04][A
  GD waterbirds_dinov2_train:  98%|█████████▊| 1963000/2000000 [06:01<00:05, 6202.25step/s, z=8.9e+04 err_min[eps0]=5.85e-04][A
  GD waterbirds_dinov2_train:  98%|█████████▊| 1967000/2000000 [06:02<00:05, 6368.31step/s, z=8.9e+04 err_min[eps0]=5.85e-04][A
  GD waterbirds_dinov2_train:  99%|█████████▊| 1971000/2000000 [06:03<00:04, 6625.97step/s, z=8.9e+04 err_min[eps0]=5.85e-04][A
  GD waterbirds_dinov2_train:  99%|█████████▉| 1975000/2000000 [06:03<00:03, 6788.85step/s, z=8.9e+04 err_min[eps0]=5.85e-04][A
  GD waterbirds_dinov2_train:  99%|█████████▉| 1979000/2000000 [06:04<00:03, 6943.69step/s, z=8.9e+04 err_min[eps0]=5.85e-04][A
  GD waterbirds_dinov2_train:  99%|█████████▉| 1983000/2000000 [06:04<00:02, 7055.78step/s, z=8.9e+04 err_min[eps0]=5.85e-04][A
  GD waterbirds_dinov2_train:  99%|█████████▉| 1987000/2000000 [06:05<00:01, 7010.08step/s, z=8.9e+04 err_min[eps0]=5.85e-04][A
  GD waterbirds_dinov2_train: 100%|█████████▉| 1991000/2000000 [06:05<00:01, 7075.36step/s, z=8.9e+04 err_min[eps0]=5.85e-04][A
  GD waterbirds_dinov2_train: 100%|█████████▉| 1995000/2000000 [06:06<00:00, 7082.47step/s, z=8.9e+04 err_min[eps0]=5.85e-04][A
  GD waterbirds_dinov2_train: 100%|█████████▉| 1999000/2000000 [06:07<00:00, 6864.61step/s, z=8.9e+04 err_min[eps0]=5.85e-04][A
  GD waterbirds_dinov2_train: 100%|██████████| 2000000/2000000 [06:07<00:00, 5445.62step/s, z=1e+05 err_min[eps0]=5.11e-04]
bundles:  33%|███▎      | 1/3 [06:07<12:14, 367.35s/bundle][waterbirds_erm_rn50_train] n=4795 d=2048 n_min=240 ref margin=0.00373

  GD waterbirds_erm_rn50_train:   0%|          | 0/2000000 [00:00<?, ?step/s][A
  GD waterbirds_erm_rn50_train:   0%|          | 1000/2000000 [00:01<36:43, 907.38step/s][A
  GD waterbirds_erm_rn50_train:   0%|          | 2000/2000000 [00:01<25:27, 1308.35step/s][A
  GD waterbirds_erm_rn50_train:   0%|          | 4000/2000000 [00:02<17:54, 1857.18step/s][A
  GD waterbirds_erm_rn50_train:   0%|          | 6000/2000000 [00:03<14:57, 2221.34step/s][A
  GD waterbirds_erm_rn50_train:   0%|          | 8000/2000000 [00:03<14:02, 2363.19step/s][A
  GD waterbirds_erm_rn50_train:   0%|          | 10000/2000000 [00:04<12:58, 2556.36step/s][A
  GD waterbirds_erm_rn50_train:   1%|          | 12000/2000000 [00:05<12:11, 2717.98step/s][A
  GD waterbirds_erm_rn50_train:   1%|          | 14000/2000000 [00:05<11:41, 2831.38step/s][A
  GD waterbirds_erm_rn50_train:   1%|          | 16000/2000000 [00:06<11:15, 2937.88step/s][A
  GD waterbirds_erm_rn50_train:   1%|          | 18000/2000000 [00:07<10:54, 3029.60step/s][A
  GD waterbirds_erm_rn50_train:   1%|          | 20000/2000000 [00:07<10:57, 3011.98step/s][A
  GD waterbirds_erm_rn50_train:   1%|          | 20000/2000000 [00:07<10:57, 3011.98step/s, z=1e+03 err_min[eps0]=6.65e-01][A
  GD waterbirds_erm_rn50_train:   1%|          | 22000/2000000 [00:08<10:34, 3119.81step/s, z=1e+03 err_min[eps0]=6.65e-01][A
  GD waterbirds_erm_rn50_train:   1%|          | 24000/2000000 [00:08<10:20, 3186.48step/s, z=1e+03 err_min[eps0]=6.65e-01][A
  GD waterbirds_erm_rn50_train:   1%|▏         | 26000/2000000 [00:09<10:47, 3047.47step/s, z=1e+03 err_min[eps0]=6.65e-01][A
  GD waterbirds_erm_rn50_train:   1%|▏         | 28000/2000000 [00:10<10:43, 3064.12step/s, z=1e+03 err_min[eps0]=6.65e-01][A
  GD waterbirds_erm_rn50_train:   2%|▏         | 30000/2000000 [00:10<10:37, 3091.97step/s, z=1e+03 err_min[eps0]=6.65e-01][A
  GD waterbirds_erm_rn50_train:   2%|▏         | 32000/2000000 [00:11<10:25, 3146.92step/s, z=1e+03 err_min[eps0]=6.65e-01][A
  GD waterbirds_erm_rn50_train:   2%|▏         | 34000/2000000 [00:12<10:11, 3217.24step/s, z=1e+03 err_min[eps0]=6.65e-01][A
  GD waterbirds_erm_rn50_train:   2%|▏         | 36000/2000000 [00:12<10:11, 3213.37step/s, z=1e+03 err_min[eps0]=6.65e-01][A
  GD waterbirds_erm_rn50_train:   2%|▏         | 38000/2000000 [00:13<10:07, 3229.61step/s, z=1e+03 err_min[eps0]=6.65e-01][A
  GD waterbirds_erm_rn50_train:   2%|▏         | 40000/2000000 [00:14<10:21, 3151.28step/s, z=1e+03 err_min[eps0]=6.65e-01][A
  GD waterbirds_erm_rn50_train:   2%|▏         | 40000/2000000 [00:14<10:21, 3151.28step/s, z=2e+03 err_min[eps0]=6.28e-01][A
  GD waterbirds_erm_rn50_train:   2%|▏         | 42000/2000000 [00:14<10:09, 3211.39step/s, z=2e+03 err_min[eps0]=6.28e-01][A
  GD waterbirds_erm_rn50_train:   2%|▏         | 44000/2000000 [00:15<10:02, 3248.96step/s, z=2e+03 err_min[eps0]=6.28e-01][A
  GD waterbirds_erm_rn50_train:   2%|▏         | 46000/2000000 [00:15<10:05, 3226.57step/s, z=2e+03 err_min[eps0]=6.28e-01][A
  GD waterbirds_erm_rn50_train:   2%|▏         | 48000/2000000 [00:16<10:12, 3188.30step/s, z=2e+03 err_min[eps0]=6.28e-01][A
  GD waterbirds_erm_rn50_train:   2%|▎         | 50000/2000000 [00:17<10:02, 3236.55step/s, z=2e+03 err_min[eps0]=6.28e-01][A
  GD waterbirds_erm_rn50_train:   3%|▎         | 52000/2000000 [00:17<10:11, 3184.84step/s, z=2e+03 err_min[eps0]=6.28e-01][A
  GD waterbirds_erm_rn50_train:   3%|▎         | 54000/2000000 [00:18<10:03, 3226.91step/s, z=2e+03 err_min[eps0]=6.28e-01][A
  GD waterbirds_erm_rn50_train:   3%|▎         | 57000/2000000 [00:18<08:20, 3882.40step/s, z=2e+03 err_min[eps0]=6.28e-01][A
  GD waterbirds_erm_rn50_train:   3%|▎         | 60000/2000000 [00:19<07:43, 4189.34step/s, z=2e+03 err_min[eps0]=6.28e-01][A
  GD waterbirds_erm_rn50_train:   3%|▎         | 60000/2000000 [00:19<07:43, 4189.34step/s, z=3e+03 err_min[eps0]=6.08e-01][A
  GD waterbirds_erm_rn50_train:   3%|▎         | 63000/2000000 [00:20<07:33, 4271.65step/s, z=3e+03 err_min[eps0]=6.08e-01][A
  GD waterbirds_erm_rn50_train:   3%|▎         | 66000/2000000 [00:21<08:53, 3626.24step/s, z=3e+03 err_min[eps0]=6.08e-01][A
  GD waterbirds_erm_rn50_train:   3%|▎         | 68000/2000000 [00:21<08:44, 3681.89step/s, z=3e+03 err_min[eps0]=6.08e-01][A
  GD waterbirds_erm_rn50_train:   4%|▎         | 70000/2000000 [00:22<09:02, 3556.51step/s, z=3e+03 err_min[eps0]=6.08e-01][A
  GD waterbirds_erm_rn50_train:   4%|▎         | 72000/2000000 [00:23<09:13, 3485.02step/s, z=3e+03 err_min[eps0]=6.08e-01][A
  GD waterbirds_erm_rn50_train:   4%|▎         | 74000/2000000 [00:23<09:17, 3456.61step/s, z=3e+03 err_min[eps0]=6.08e-01][A
  GD waterbirds_erm_rn50_train:   4%|▍         | 76000/2000000 [00:24<09:17, 3451.09step/s, z=3e+03 err_min[eps0]=6.08e-01][A
  GD waterbirds_erm_rn50_train:   4%|▍         | 78000/2000000 [00:24<09:41, 3307.22step/s, z=3e+03 err_min[eps0]=6.08e-01][A
  GD waterbirds_erm_rn50_train:   4%|▍         | 80000/2000000 [00:25<09:41, 3299.61step/s, z=3e+03 err_min[eps0]=6.08e-01][A
  GD waterbirds_erm_rn50_train:   4%|▍         | 80000/2000000 [00:25<09:41, 3299.61step/s, z=4e+03 err_min[eps0]=5.84e-01][A
  GD waterbirds_erm_rn50_train:   4%|▍         | 82000/2000000 [00:26<09:36, 3325.67step/s, z=4e+03 err_min[eps0]=5.84e-01][A
  GD waterbirds_erm_rn50_train:   4%|▍         | 84000/2000000 [00:26<09:16, 3444.47step/s, z=4e+03 err_min[eps0]=5.84e-01][A
  GD waterbirds_erm_rn50_train:   4%|▍         | 86000/2000000 [00:27<09:09, 3481.29step/s, z=4e+03 err_min[eps0]=5.84e-01][A
  GD waterbirds_erm_rn50_train:   4%|▍         | 88000/2000000 [00:27<08:58, 3552.86step/s, z=4e+03 err_min[eps0]=5.84e-01][A
  GD waterbirds_erm_rn50_train:   4%|▍         | 90000/2000000 [00:28<09:04, 3505.74step/s, z=4e+03 err_min[eps0]=5.84e-01][A
  GD waterbirds_erm_rn50_train:   5%|▍         | 92000/2000000 [00:28<09:11, 3457.12step/s, z=4e+03 err_min[eps0]=5.84e-01][A
  GD waterbirds_erm_rn50_train:   5%|▍         | 94000/2000000 [00:29<09:20, 3401.84step/s, z=4e+03 err_min[eps0]=5.84e-01][A
  GD waterbirds_erm_rn50_train:   5%|▍         | 96000/2000000 [00:30<09:25, 3367.04step/s, z=4e+03 err_min[eps0]=5.84e-01][A
  GD waterbirds_erm_rn50_train:   5%|▍         | 98000/2000000 [00:30<09:25, 3363.32step/s, z=4e+03 err_min[eps0]=5.84e-01][A
  GD waterbirds_erm_rn50_train:   5%|▌         | 100000/2000000 [00:31<09:44, 3251.28step/s, z=4e+03 err_min[eps0]=5.84e-01][A
  GD waterbirds_erm_rn50_train:   5%|▌         | 100000/2000000 [00:31<09:44, 3251.28step/s, z=5e+03 err_min[eps0]=5.66e-01][A
  GD waterbirds_erm_rn50_train:   5%|▌         | 102000/2000000 [00:31<09:21, 3378.62step/s, z=5e+03 err_min[eps0]=5.66e-01][A
  GD waterbirds_erm_rn50_train:   5%|▌         | 104000/2000000 [00:32<09:27, 3339.10step/s, z=5e+03 err_min[eps0]=5.66e-01][A
  GD waterbirds_erm_rn50_train:   5%|▌         | 106000/2000000 [00:33<09:41, 3258.28step/s, z=5e+03 err_min[eps0]=5.66e-01][A
  GD waterbirds_erm_rn50_train:   5%|▌         | 108000/2000000 [00:33<09:36, 3282.95step/s, z=5e+03 err_min[eps0]=5.66e-01][A
  GD waterbirds_erm_rn50_train:   6%|▌         | 110000/2000000 [00:34<09:13, 3416.93step/s, z=5e+03 err_min[eps0]=5.66e-01][A
  GD waterbirds_erm_rn50_train:   6%|▌         | 112000/2000000 [00:34<09:09, 3437.53step/s, z=5e+03 err_min[eps0]=5.66e-01][A
  GD waterbirds_erm_rn50_train:   6%|▌         | 114000/2000000 [00:35<09:04, 3462.67step/s, z=5e+03 err_min[eps0]=5.66e-01][A
  GD waterbirds_erm_rn50_train:   6%|▌         | 116000/2000000 [00:36<09:10, 3422.39step/s, z=5e+03 err_min[eps0]=5.66e-01][A
  GD waterbirds_erm_rn50_train:   6%|▌         | 118000/2000000 [00:36<09:01, 3473.96step/s, z=5e+03 err_min[eps0]=5.66e-01][A
  GD waterbirds_erm_rn50_train:   6%|▌         | 120000/2000000 [00:37<09:00, 3477.35step/s, z=5e+03 err_min[eps0]=5.66e-01][A
  GD waterbirds_erm_rn50_train:   6%|▌         | 120000/2000000 [00:37<09:00, 3477.35step/s, z=6e+03 err_min[eps0]=5.58e-01][A
  GD waterbirds_erm_rn50_train:   6%|▌         | 122000/2000000 [00:37<08:40, 3609.85step/s, z=6e+03 err_min[eps0]=5.58e-01][A
  GD waterbirds_erm_rn50_train:   6%|▌         | 124000/2000000 [00:38<08:39, 3614.61step/s, z=6e+03 err_min[eps0]=5.58e-01][A
  GD waterbirds_erm_rn50_train:   6%|▋         | 126000/2000000 [00:38<09:05, 3437.09step/s, z=6e+03 err_min[eps0]=5.58e-01][A
  GD waterbirds_erm_rn50_train:   6%|▋         | 128000/2000000 [00:39<09:09, 3408.83step/s, z=6e+03 err_min[eps0]=5.58e-01][A
  GD waterbirds_erm_rn50_train:   6%|▋         | 130000/2000000 [00:40<09:12, 3386.61step/s, z=6e+03 err_min[eps0]=5.58e-01][A
  GD waterbirds_erm_rn50_train:   7%|▋         | 132000/2000000 [00:40<09:17, 3353.13step/s, z=6e+03 err_min[eps0]=5.58e-01][A
  GD waterbirds_erm_rn50_train:   7%|▋         | 134000/2000000 [00:41<09:19, 3334.53step/s, z=6e+03 err_min[eps0]=5.58e-01][A
  GD waterbirds_erm_rn50_train:   7%|▋         | 136000/2000000 [00:41<09:13, 3365.95step/s, z=6e+03 err_min[eps0]=5.58e-01][A
  GD waterbirds_erm_rn50_train:   7%|▋         | 138000/2000000 [00:42<09:18, 3331.45step/s, z=6e+03 err_min[eps0]=5.58e-01][A
  GD waterbirds_erm_rn50_train:   7%|▋         | 140000/2000000 [00:43<09:15, 3350.46step/s, z=6e+03 err_min[eps0]=5.58e-01][A
  GD waterbirds_erm_rn50_train:   7%|▋         | 140000/2000000 [00:43<09:15, 3350.46step/s, z=7e+03 err_min[eps0]=5.49e-01][A
  GD waterbirds_erm_rn50_train:   7%|▋         | 142000/2000000 [00:43<09:24, 3291.55step/s, z=7e+03 err_min[eps0]=5.49e-01][A
  GD waterbirds_erm_rn50_train:   7%|▋         | 144000/2000000 [00:44<09:16, 3336.30step/s, z=7e+03 err_min[eps0]=5.49e-01][A
  GD waterbirds_erm_rn50_train:   7%|▋         | 148000/2000000 [00:44<07:17, 4234.40step/s, z=7e+03 err_min[eps0]=5.49e-01][A
  GD waterbirds_erm_rn50_train:   8%|▊         | 151000/2000000 [00:45<06:35, 4672.39step/s, z=7e+03 err_min[eps0]=5.49e-01][A
  GD waterbirds_erm_rn50_train:   8%|▊         | 154000/2000000 [00:45<06:16, 4908.38step/s, z=7e+03 err_min[eps0]=5.49e-01][A
  GD waterbirds_erm_rn50_train:   8%|▊         | 157000/2000000 [00:46<06:55, 4430.59step/s, z=7e+03 err_min[eps0]=5.49e-01][A
  GD waterbirds_erm_rn50_train:   8%|▊         | 160000/2000000 [00:47<07:37, 4025.15step/s, z=7e+03 err_min[eps0]=5.49e-01][A
  GD waterbirds_erm_rn50_train:   8%|▊         | 160000/2000000 [00:47<07:37, 4025.15step/s, z=8e+03 err_min[eps0]=5.33e-01][A
  GD waterbirds_erm_rn50_train:   8%|▊         | 163000/2000000 [00:48<07:50, 3902.26step/s, z=8e+03 err_min[eps0]=5.33e-01][A
  GD waterbirds_erm_rn50_train:   8%|▊         | 166000/2000000 [00:49<08:08, 3751.26step/s, z=8e+03 err_min[eps0]=5.33e-01][A
  GD waterbirds_erm_rn50_train:   8%|▊         | 168000/2000000 [00:50<08:25, 3624.31step/s, z=8e+03 err_min[eps0]=5.33e-01][A
  GD waterbirds_erm_rn50_train:   8%|▊         | 170000/2000000 [00:50<08:37, 3539.46step/s, z=8e+03 err_min[eps0]=5.33e-01][A
  GD waterbirds_erm_rn50_train:   9%|▊         | 172000/2000000 [00:51<08:49, 3451.97step/s, z=8e+03 err_min[eps0]=5.33e-01][A
  GD waterbirds_erm_rn50_train:   9%|▊         | 174000/2000000 [00:51<09:00, 3376.39step/s, z=8e+03 err_min[eps0]=5.33e-01][A
  GD waterbirds_erm_rn50_train:   9%|▉         | 176000/2000000 [00:52<08:50, 3440.31step/s, z=8e+03 err_min[eps0]=5.33e-01][A
  GD waterbirds_erm_rn50_train:   9%|▉         | 178000/2000000 [00:53<09:08, 3321.10step/s, z=8e+03 err_min[eps0]=5.33e-01][A
  GD waterbirds_erm_rn50_train:   9%|▉         | 180000/2000000 [00:53<09:06, 3330.61step/s, z=8e+03 err_min[eps0]=5.33e-01][A
  GD waterbirds_erm_rn50_train:   9%|▉         | 180000/2000000 [00:53<09:06, 3330.61step/s, z=9e+03 err_min[eps0]=5.25e-01][A
  GD waterbirds_erm_rn50_train:   9%|▉         | 182000/2000000 [00:54<09:06, 3327.89step/s, z=9e+03 err_min[eps0]=5.25e-01][A
  GD waterbirds_erm_rn50_train:   9%|▉         | 184000/2000000 [00:54<09:14, 3274.78step/s, z=9e+03 err_min[eps0]=5.25e-01][A
  GD waterbirds_erm_rn50_train:   9%|▉         | 186000/2000000 [00:55<09:09, 3298.46step/s, z=9e+03 err_min[eps0]=5.25e-01][A
  GD waterbirds_erm_rn50_train:   9%|▉         | 188000/2000000 [00:56<09:04, 3325.04step/s, z=9e+03 err_min[eps0]=5.25e-01][A
  GD waterbirds_erm_rn50_train:  10%|▉         | 190000/2000000 [00:56<08:59, 3357.31step/s, z=9e+03 err_min[eps0]=5.25e-01][A
  GD waterbirds_erm_rn50_train:  10%|▉         | 192000/2000000 [00:57<08:46, 3433.09step/s, z=9e+03 err_min[eps0]=5.25e-01][A
  GD waterbirds_erm_rn50_train:  10%|▉         | 194000/2000000 [00:57<08:53, 3383.34step/s, z=9e+03 err_min[eps0]=5.25e-01][A
  GD waterbirds_erm_rn50_train:  10%|▉         | 196000/2000000 [00:58<08:47, 3417.41step/s, z=9e+03 err_min[eps0]=5.25e-01][A
  GD waterbirds_erm_rn50_train:  10%|▉         | 198000/2000000 [00:59<08:53, 3376.05step/s, z=9e+03 err_min[eps0]=5.25e-01][A
  GD waterbirds_erm_rn50_train:  10%|█         | 200000/2000000 [00:59<08:53, 3371.68step/s, z=9e+03 err_min[eps0]=5.25e-01][A
  GD waterbirds_erm_rn50_train:  10%|█         | 200000/2000000 [00:59<08:53, 3371.68step/s, z=1e+04 err_min[eps0]=5.17e-01][A
  GD waterbirds_erm_rn50_train:  10%|█         | 202000/2000000 [01:00<08:50, 3391.33step/s, z=1e+04 err_min[eps0]=5.17e-01][A
  GD waterbirds_erm_rn50_train:  10%|█         | 204000/2000000 [01:00<08:32, 3507.17step/s, z=1e+04 err_min[eps0]=5.17e-01][A
  GD waterbirds_erm_rn50_train:  10%|█         | 206000/2000000 [01:01<08:44, 3417.91step/s, z=1e+04 err_min[eps0]=5.17e-01][A
  GD waterbirds_erm_rn50_train:  10%|█         | 208000/2000000 [01:01<08:58, 3329.77step/s, z=1e+04 err_min[eps0]=5.17e-01][A
  GD waterbirds_erm_rn50_train:  10%|█         | 210000/2000000 [01:02<08:54, 3346.45step/s, z=1e+04 err_min[eps0]=5.17e-01][A
  GD waterbirds_erm_rn50_train:  11%|█         | 212000/2000000 [01:03<08:42, 3422.00step/s, z=1e+04 err_min[eps0]=5.17e-01][A
  GD waterbirds_erm_rn50_train:  11%|█         | 214000/2000000 [01:03<08:44, 3405.96step/s, z=1e+04 err_min[eps0]=5.17e-01][A
  GD waterbirds_erm_rn50_train:  11%|█         | 216000/2000000 [01:04<08:37, 3444.82step/s, z=1e+04 err_min[eps0]=5.17e-01][A
  GD waterbirds_erm_rn50_train:  11%|█         | 218000/2000000 [01:04<08:28, 3503.81step/s, z=1e+04 err_min[eps0]=5.17e-01][A
  GD waterbirds_erm_rn50_train:  11%|█         | 220000/2000000 [01:05<08:38, 3431.14step/s, z=1e+04 err_min[eps0]=5.17e-01][A
  GD waterbirds_erm_rn50_train:  11%|█         | 222000/2000000 [01:06<08:36, 3442.22step/s, z=1e+04 err_min[eps0]=5.17e-01][A
  GD waterbirds_erm_rn50_train:  11%|█         | 224000/2000000 [01:06<08:49, 3356.31step/s, z=1e+04 err_min[eps0]=5.17e-01][A
  GD waterbirds_erm_rn50_train:  11%|█▏        | 226000/2000000 [01:07<09:07, 3240.02step/s, z=1e+04 err_min[eps0]=5.17e-01][A
  GD waterbirds_erm_rn50_train:  11%|█▏        | 228000/2000000 [01:07<09:06, 3245.14step/s, z=1e+04 err_min[eps0]=5.17e-01][A
  GD waterbirds_erm_rn50_train:  12%|█▏        | 230000/2000000 [01:08<09:11, 3207.78step/s, z=1e+04 err_min[eps0]=5.17e-01][A
  GD waterbirds_erm_rn50_train:  12%|█▏        | 232000/2000000 [01:09<09:30, 3096.48step/s, z=1e+04 err_min[eps0]=5.17e-01][A
  GD waterbirds_erm_rn50_train:  12%|█▏        | 234000/2000000 [01:09<09:46, 3013.03step/s, z=1e+04 err_min[eps0]=5.17e-01][A
  GD waterbirds_erm_rn50_train:  12%|█▏        | 236000/2000000 [01:10<09:06, 3228.91step/s, z=1e+04 err_min[eps0]=5.17e-01][A
  GD waterbirds_erm_rn50_train:  12%|█▏        | 238000/2000000 [01:11<08:55, 3289.96step/s, z=1e+04 err_min[eps0]=5.17e-01][A
  GD waterbirds_erm_rn50_train:  12%|█▏        | 240000/2000000 [01:11<08:54, 3289.96step/s, z=1.2e+04 err_min[eps0]=5.08e-01][A
  GD waterbirds_erm_rn50_train:  12%|█▏        | 241000/2000000 [01:11<08:05, 3621.67step/s, z=1.2e+04 err_min[eps0]=5.08e-01][A
  GD waterbirds_erm_rn50_train:  12%|█▏        | 243000/2000000 [01:12<08:30, 3442.28step/s, z=1.2e+04 err_min[eps0]=5.08e-01][A
  GD waterbirds_erm_rn50_train:  12%|█▏        | 245000/2000000 [01:12<08:24, 3476.04step/s, z=1.2e+04 err_min[eps0]=5.08e-01][A
  GD waterbirds_erm_rn50_train:  12%|█▏        | 247000/2000000 [01:13<08:39, 3371.19step/s, z=1.2e+04 err_min[eps0]=5.08e-01][A
  GD waterbirds_erm_rn50_train:  12%|█▏        | 249000/2000000 [01:14<08:35, 3395.43step/s, z=1.2e+04 err_min[eps0]=5.08e-01][A
  GD waterbirds_erm_rn50_train:  13%|█▎        | 251000/2000000 [01:14<08:33, 3404.43step/s, z=1.2e+04 err_min[eps0]=5.08e-01][A
  GD waterbirds_erm_rn50_train:  13%|█▎        | 253000/2000000 [01:15<08:32, 3410.20step/s, z=1.2e+04 err_min[eps0]=5.08e-01][A
  GD waterbirds_erm_rn50_train:  13%|█▎        | 255000/2000000 [01:15<08:39, 3356.82step/s, z=1.2e+04 err_min[eps0]=5.08e-01][A
  GD waterbirds_erm_rn50_train:  13%|█▎        | 257000/2000000 [01:16<08:35, 3379.50step/s, z=1.2e+04 err_min[eps0]=5.08e-01][A
  GD waterbirds_erm_rn50_train:  13%|█▎        | 259000/2000000 [01:17<08:27, 3429.28step/s, z=1.2e+04 err_min[eps0]=5.08e-01][A
  GD waterbirds_erm_rn50_train:  13%|█▎        | 260000/2000000 [01:17<08:27, 3429.28step/s, z=1.3e+04 err_min[eps0]=5.00e-01][A
  GD waterbirds_erm_rn50_train:  13%|█▎        | 261000/2000000 [01:17<08:40, 3344.02step/s, z=1.3e+04 err_min[eps0]=5.00e-01][A
  GD waterbirds_erm_rn50_train:  13%|█▎        | 263000/2000000 [01:18<08:34, 3375.29step/s, z=1.3e+04 err_min[eps0]=5.00e-01][A
  GD waterbirds_erm_rn50_train:  13%|█▎        | 265000/2000000 [01:19<09:13, 3133.27step/s, z=1.3e+04 err_min[eps0]=5.00e-01][A
  GD waterbirds_erm_rn50_train:  13%|█▎        | 267000/2000000 [01:19<09:14, 3123.96step/s, z=1.3e+04 err_min[eps0]=5.00e-01][A
  GD waterbirds_erm_rn50_train:  13%|█▎        | 269000/2000000 [01:20<09:18, 3100.26step/s, z=1.3e+04 err_min[eps0]=5.00e-01][A
  GD waterbirds_erm_rn50_train:  14%|█▎        | 271000/2000000 [01:21<09:08, 3150.49step/s, z=1.3e+04 err_min[eps0]=5.00e-01][A
  GD waterbirds_erm_rn50_train:  14%|█▎        | 273000/2000000 [01:21<09:00, 3192.27step/s, z=1.3e+04 err_min[eps0]=5.00e-01][A
  GD waterbirds_erm_rn50_train:  14%|█▍        | 275000/2000000 [01:22<08:51, 3243.39step/s, z=1.3e+04 err_min[eps0]=5.00e-01][A
  GD waterbirds_erm_rn50_train:  14%|█▍        | 277000/2000000 [01:22<08:47, 3266.02step/s, z=1.3e+04 err_min[eps0]=5.00e-01][A
  GD waterbirds_erm_rn50_train:  14%|█▍        | 279000/2000000 [01:23<09:00, 3184.67step/s, z=1.3e+04 err_min[eps0]=5.00e-01][A
  GD waterbirds_erm_rn50_train:  14%|█▍        | 281000/2000000 [01:24<08:51, 3234.31step/s, z=1.3e+04 err_min[eps0]=5.00e-01][A
  GD waterbirds_erm_rn50_train:  14%|█▍        | 283000/2000000 [01:24<08:50, 3239.06step/s, z=1.3e+04 err_min[eps0]=5.00e-01][A
  GD waterbirds_erm_rn50_train:  14%|█▍        | 285000/2000000 [01:25<08:49, 3239.22step/s, z=1.3e+04 err_min[eps0]=5.00e-01][A
  GD waterbirds_erm_rn50_train:  14%|█▍        | 287000/2000000 [01:25<08:45, 3260.73step/s, z=1.3e+04 err_min[eps0]=5.00e-01][A
  GD waterbirds_erm_rn50_train:  14%|█▍        | 289000/2000000 [01:26<08:34, 3326.24step/s, z=1.3e+04 err_min[eps0]=5.00e-01][A
  GD waterbirds_erm_rn50_train:  15%|█▍        | 291000/2000000 [01:27<08:23, 3397.22step/s, z=1.3e+04 err_min[eps0]=5.00e-01][A
  GD waterbirds_erm_rn50_train:  15%|█▍        | 293000/2000000 [01:27<08:19, 3414.32step/s, z=1.3e+04 err_min[eps0]=5.00e-01][A
  GD waterbirds_erm_rn50_train:  15%|█▍        | 295000/2000000 [01:28<08:15, 3443.71step/s, z=1.3e+04 err_min[eps0]=5.00e-01][A
  GD waterbirds_erm_rn50_train:  15%|█▍        | 297000/2000000 [01:28<08:20, 3404.32step/s, z=1.3e+04 err_min[eps0]=5.00e-01][A
  GD waterbirds_erm_rn50_train:  15%|█▍        | 299000/2000000 [01:29<08:18, 3413.41step/s, z=1.3e+04 err_min[eps0]=5.00e-01][A
  GD waterbirds_erm_rn50_train:  15%|█▌        | 300000/2000000 [01:29<08:18, 3413.41step/s, z=1.5e+04 err_min[eps0]=4.93e-01][A
  GD waterbirds_erm_rn50_train:  15%|█▌        | 301000/2000000 [01:29<08:20, 3395.10step/s, z=1.5e+04 err_min[eps0]=4.93e-01][A
  GD waterbirds_erm_rn50_train:  15%|█▌        | 303000/2000000 [01:30<08:15, 3426.58step/s, z=1.5e+04 err_min[eps0]=4.93e-01][A
  GD waterbirds_erm_rn50_train:  15%|█▌        | 305000/2000000 [01:31<08:16, 3416.08step/s, z=1.5e+04 err_min[eps0]=4.93e-01][A
  GD waterbirds_erm_rn50_train:  15%|█▌        | 307000/2000000 [01:31<08:29, 3320.93step/s, z=1.5e+04 err_min[eps0]=4.93e-01][A
  GD waterbirds_erm_rn50_train:  15%|█▌        | 309000/2000000 [01:32<08:32, 3300.63step/s, z=1.5e+04 err_min[eps0]=4.93e-01][A
  GD waterbirds_erm_rn50_train:  16%|█▌        | 311000/2000000 [01:32<08:27, 3327.89step/s, z=1.5e+04 err_min[eps0]=4.93e-01][A
  GD waterbirds_erm_rn50_train:  16%|█▌        | 313000/2000000 [01:33<08:29, 3310.36step/s, z=1.5e+04 err_min[eps0]=4.93e-01][A
  GD waterbirds_erm_rn50_train:  16%|█▌        | 315000/2000000 [01:34<08:24, 3341.25step/s, z=1.5e+04 err_min[eps0]=4.93e-01][A
  GD waterbirds_erm_rn50_train:  16%|█▌        | 317000/2000000 [01:34<08:28, 3310.11step/s, z=1.5e+04 err_min[eps0]=4.93e-01][A
  GD waterbirds_erm_rn50_train:  16%|█▌        | 319000/2000000 [01:35<08:07, 3450.76step/s, z=1.5e+04 err_min[eps0]=4.93e-01][A
  GD waterbirds_erm_rn50_train:  16%|█▌        | 320000/2000000 [01:35<08:06, 3450.76step/s, z=1.6e+04 err_min[eps0]=4.86e-01][A
  GD waterbirds_erm_rn50_train:  16%|█▌        | 323000/2000000 [01:36<06:41, 4178.81step/s, z=1.6e+04 err_min[eps0]=4.86e-01][A
  GD waterbirds_erm_rn50_train:  16%|█▋        | 326000/2000000 [01:36<06:37, 4211.87step/s, z=1.6e+04 err_min[eps0]=4.86e-01][A
  GD waterbirds_erm_rn50_train:  16%|█▋        | 329000/2000000 [01:37<06:48, 4094.93step/s, z=1.6e+04 err_min[eps0]=4.86e-01][A
  GD waterbirds_erm_rn50_train:  17%|█▋        | 332000/2000000 [01:38<07:13, 3851.98step/s, z=1.6e+04 err_min[eps0]=4.86e-01][A
  GD waterbirds_erm_rn50_train:  17%|█▋        | 334000/2000000 [01:38<07:24, 3748.61step/s, z=1.6e+04 err_min[eps0]=4.86e-01][A
  GD waterbirds_erm_rn50_train:  17%|█▋        | 336000/2000000 [01:39<07:37, 3639.12step/s, z=1.6e+04 err_min[eps0]=4.86e-01][A
  GD waterbirds_erm_rn50_train:  17%|█▋        | 338000/2000000 [01:40<07:36, 3638.87step/s, z=1.6e+04 err_min[eps0]=4.86e-01][A
  GD waterbirds_erm_rn50_train:  17%|█▋        | 340000/2000000 [01:40<07:48, 3540.94step/s, z=1.6e+04 err_min[eps0]=4.86e-01][A
  GD waterbirds_erm_rn50_train:  17%|█▋        | 342000/2000000 [01:41<07:48, 3539.70step/s, z=1.6e+04 err_min[eps0]=4.86e-01][A
  GD waterbirds_erm_rn50_train:  17%|█▋        | 344000/2000000 [01:41<07:54, 3492.27step/s, z=1.6e+04 err_min[eps0]=4.86e-01][A
  GD waterbirds_erm_rn50_train:  17%|█▋        | 346000/2000000 [01:42<07:59, 3452.76step/s, z=1.6e+04 err_min[eps0]=4.86e-01][A
  GD waterbirds_erm_rn50_train:  17%|█▋        | 348000/2000000 [01:43<08:29, 3241.14step/s, z=1.6e+04 err_min[eps0]=4.86e-01][A
  GD waterbirds_erm_rn50_train:  18%|█▊        | 350000/2000000 [01:43<08:11, 3355.11step/s, z=1.6e+04 err_min[eps0]=4.86e-01][A
  GD waterbirds_erm_rn50_train:  18%|█▊        | 352000/2000000 [01:44<08:00, 3432.08step/s, z=1.6e+04 err_min[eps0]=4.86e-01][A
  GD waterbirds_erm_rn50_train:  18%|█▊        | 354000/2000000 [01:44<08:04, 3396.30step/s, z=1.6e+04 err_min[eps0]=4.86e-01][A
  GD waterbirds_erm_rn50_train:  18%|█▊        | 356000/2000000 [01:45<08:10, 3352.01step/s, z=1.6e+04 err_min[eps0]=4.86e-01][A
  GD waterbirds_erm_rn50_train:  18%|█▊        | 358000/2000000 [01:46<08:06, 3373.66step/s, z=1.6e+04 err_min[eps0]=4.86e-01][A
  GD waterbirds_erm_rn50_train:  18%|█▊        | 360000/2000000 [01:46<08:04, 3387.57step/s, z=1.6e+04 err_min[eps0]=4.86e-01][A
  GD waterbirds_erm_rn50_train:  18%|█▊        | 360000/2000000 [01:46<08:04, 3387.57step/s, z=1.8e+04 err_min[eps0]=4.78e-01][A
  GD waterbirds_erm_rn50_train:  18%|█▊        | 362000/2000000 [01:47<07:52, 3466.80step/s, z=1.8e+04 err_min[eps0]=4.78e-01][A
  GD waterbirds_erm_rn50_train:  18%|█▊        | 364000/2000000 [01:47<07:38, 3566.43step/s, z=1.8e+04 err_min[eps0]=4.78e-01][A
  GD waterbirds_erm_rn50_train:  18%|█▊        | 366000/2000000 [01:48<07:26, 3662.21step/s, z=1.8e+04 err_min[eps0]=4.78e-01][A
  GD waterbirds_erm_rn50_train:  18%|█▊        | 368000/2000000 [01:48<07:28, 3637.70step/s, z=1.8e+04 err_min[eps0]=4.78e-01][A
  GD waterbirds_erm_rn50_train:  18%|█▊        | 370000/2000000 [01:49<07:32, 3601.32step/s, z=1.8e+04 err_min[eps0]=4.78e-01][A
  GD waterbirds_erm_rn50_train:  19%|█▊        | 372000/2000000 [01:49<07:32, 3595.34step/s, z=1.8e+04 err_min[eps0]=4.78e-01][A
  GD waterbirds_erm_rn50_train:  19%|█▊        | 374000/2000000 [01:50<07:33, 3583.68step/s, z=1.8e+04 err_min[eps0]=4.78e-01][A
  GD waterbirds_erm_rn50_train:  19%|█▉        | 376000/2000000 [01:51<07:36, 3554.66step/s, z=1.8e+04 err_min[eps0]=4.78e-01][A
  GD waterbirds_erm_rn50_train:  19%|█▉        | 378000/2000000 [01:51<07:32, 3582.76step/s, z=1.8e+04 err_min[eps0]=4.78e-01][A
  GD waterbirds_erm_rn50_train:  19%|█▉        | 380000/2000000 [01:52<07:39, 3523.37step/s, z=1.8e+04 err_min[eps0]=4.78e-01][A
  GD waterbirds_erm_rn50_train:  19%|█▉        | 382000/2000000 [01:52<07:32, 3576.04step/s, z=1.8e+04 err_min[eps0]=4.78e-01][A
  GD waterbirds_erm_rn50_train:  19%|█▉        | 384000/2000000 [01:53<07:47, 3460.35step/s, z=1.8e+04 err_min[eps0]=4.78e-01][A
  GD waterbirds_erm_rn50_train:  19%|█▉        | 386000/2000000 [01:53<07:54, 3398.35step/s, z=1.8e+04 err_min[eps0]=4.78e-01][A
  GD waterbirds_erm_rn50_train:  19%|█▉        | 388000/2000000 [01:54<07:35, 3536.45step/s, z=1.8e+04 err_min[eps0]=4.78e-01][A
  GD waterbirds_erm_rn50_train:  20%|█▉        | 390000/2000000 [01:55<07:55, 3388.56step/s, z=1.8e+04 err_min[eps0]=4.78e-01][A
  GD waterbirds_erm_rn50_train:  20%|█▉        | 392000/2000000 [01:55<08:04, 3316.78step/s, z=1.8e+04 err_min[eps0]=4.78e-01][A
  GD waterbirds_erm_rn50_train:  20%|█▉        | 394000/2000000 [01:56<07:53, 3391.27step/s, z=1.8e+04 err_min[eps0]=4.78e-01][A
  GD waterbirds_erm_rn50_train:  20%|█▉        | 396000/2000000 [01:56<07:58, 3351.60step/s, z=1.8e+04 err_min[eps0]=4.78e-01][A
  GD waterbirds_erm_rn50_train:  20%|█▉        | 398000/2000000 [01:57<08:04, 3308.52step/s, z=1.8e+04 err_min[eps0]=4.78e-01][A
  GD waterbirds_erm_rn50_train:  20%|██        | 400000/2000000 [01:58<07:53, 3378.79step/s, z=1.8e+04 err_min[eps0]=4.78e-01][A
  GD waterbirds_erm_rn50_train:  20%|██        | 400000/2000000 [01:58<07:53, 3378.79step/s, z=2e+04 err_min[eps0]=4.71e-01]  [A
  GD waterbirds_erm_rn50_train:  20%|██        | 402000/2000000 [01:58<08:04, 3294.90step/s, z=2e+04 err_min[eps0]=4.71e-01][A
  GD waterbirds_erm_rn50_train:  20%|██        | 404000/2000000 [01:59<08:04, 3293.99step/s, z=2e+04 err_min[eps0]=4.71e-01][A
  GD waterbirds_erm_rn50_train:  20%|██        | 406000/2000000 [01:59<08:06, 3276.12step/s, z=2e+04 err_min[eps0]=4.71e-01][A
  GD waterbirds_erm_rn50_train:  20%|██        | 408000/2000000 [02:00<08:11, 3236.38step/s, z=2e+04 err_min[eps0]=4.71e-01][A
  GD waterbirds_erm_rn50_train:  20%|██        | 410000/2000000 [02:01<08:02, 3293.69step/s, z=2e+04 err_min[eps0]=4.71e-01][A
  GD waterbirds_erm_rn50_train:  21%|██        | 413000/2000000 [02:01<06:47, 3895.98step/s, z=2e+04 err_min[eps0]=4.71e-01][A
  GD waterbirds_erm_rn50_train:  21%|██        | 416000/2000000 [02:02<06:08, 4300.45step/s, z=2e+04 err_min[eps0]=4.71e-01][A
  GD waterbirds_erm_rn50_train:  21%|██        | 419000/2000000 [02:03<06:02, 4363.77step/s, z=2e+04 err_min[eps0]=4.71e-01][A
  GD waterbirds_erm_rn50_train:  21%|██        | 422000/2000000 [02:03<05:31, 4753.98step/s, z=2e+04 err_min[eps0]=4.71e-01][A
  GD waterbirds_erm_rn50_train:  21%|██▏       | 425000/2000000 [02:04<05:52, 4473.70step/s, z=2e+04 err_min[eps0]=4.71e-01][A
  GD waterbirds_erm_rn50_train:  21%|██▏       | 428000/2000000 [02:05<06:11, 4227.55step/s, z=2e+04 err_min[eps0]=4.71e-01][A
  GD waterbirds_erm_rn50_train:  22%|██▏       | 431000/2000000 [02:05<06:33, 3987.81step/s, z=2e+04 err_min[eps0]=4.71e-01][A
  GD waterbirds_erm_rn50_train:  22%|██▏       | 434000/2000000 [02:06<06:43, 3878.37step/s, z=2e+04 err_min[eps0]=4.71e-01][A
  GD waterbirds_erm_rn50_train:  22%|██▏       | 436000/2000000 [02:07<06:52, 3788.08step/s, z=2e+04 err_min[eps0]=4.71e-01][A
  GD waterbirds_erm_rn50_train:  22%|██▏       | 438000/2000000 [02:07<07:05, 3669.56step/s, z=2e+04 err_min[eps0]=4.71e-01][A
  GD waterbirds_erm_rn50_train:  22%|██▏       | 440000/2000000 [02:08<07:02, 3689.02step/s, z=2e+04 err_min[eps0]=4.71e-01][A
  GD waterbirds_erm_rn50_train:  22%|██▏       | 442000/2000000 [02:09<07:11, 3614.63step/s, z=2e+04 err_min[eps0]=4.71e-01][A
  GD waterbirds_erm_rn50_train:  22%|██▏       | 444000/2000000 [02:09<07:19, 3539.07step/s, z=2e+04 err_min[eps0]=4.71e-01][A
  GD waterbirds_erm_rn50_train:  22%|██▏       | 446000/2000000 [02:10<07:16, 3562.46step/s, z=2e+04 err_min[eps0]=4.71e-01][A
  GD waterbirds_erm_rn50_train:  22%|██▏       | 448000/2000000 [02:10<07:28, 3461.19step/s, z=2e+04 err_min[eps0]=4.71e-01][A
  GD waterbirds_erm_rn50_train:  22%|██▎       | 450000/2000000 [02:11<07:28, 3455.64step/s, z=2e+04 err_min[eps0]=4.71e-01][A
  GD waterbirds_erm_rn50_train:  23%|██▎       | 452000/2000000 [02:11<07:32, 3420.93step/s, z=2e+04 err_min[eps0]=4.71e-01][A
  GD waterbirds_erm_rn50_train:  23%|██▎       | 454000/2000000 [02:12<07:13, 3563.50step/s, z=2e+04 err_min[eps0]=4.71e-01][A
  GD waterbirds_erm_rn50_train:  23%|██▎       | 456000/2000000 [02:13<07:22, 3492.93step/s, z=2e+04 err_min[eps0]=4.71e-01][A
  GD waterbirds_erm_rn50_train:  23%|██▎       | 458000/2000000 [02:13<07:21, 3489.84step/s, z=2e+04 err_min[eps0]=4.71e-01][A
  GD waterbirds_erm_rn50_train:  23%|██▎       | 460000/2000000 [02:14<07:25, 3453.97step/s, z=2e+04 err_min[eps0]=4.71e-01][A
  GD waterbirds_erm_rn50_train:  23%|██▎       | 460000/2000000 [02:14<07:25, 3453.97step/s, z=2.3e+04 err_min[eps0]=4.64e-01][A
  GD waterbirds_erm_rn50_train:  23%|██▎       | 462000/2000000 [02:14<07:25, 3449.29step/s, z=2.3e+04 err_min[eps0]=4.64e-01][A
  GD waterbirds_erm_rn50_train:  23%|██▎       | 464000/2000000 [02:15<07:28, 3426.00step/s, z=2.3e+04 err_min[eps0]=4.64e-01][A
  GD waterbirds_erm_rn50_train:  23%|██▎       | 466000/2000000 [02:16<07:32, 3390.65step/s, z=2.3e+04 err_min[eps0]=4.64e-01][A
  GD waterbirds_erm_rn50_train:  23%|██▎       | 468000/2000000 [02:16<07:41, 3319.45step/s, z=2.3e+04 err_min[eps0]=4.64e-01][A
  GD waterbirds_erm_rn50_train:  24%|██▎       | 470000/2000000 [02:17<07:29, 3404.83step/s, z=2.3e+04 err_min[eps0]=4.64e-01][A
  GD waterbirds_erm_rn50_train:  24%|██▎       | 473000/2000000 [02:18<07:18, 3485.06step/s, z=2.3e+04 err_min[eps0]=4.64e-01][A
  GD waterbirds_erm_rn50_train:  24%|██▍       | 475000/2000000 [02:18<07:30, 3387.60step/s, z=2.3e+04 err_min[eps0]=4.64e-01][A
  GD waterbirds_erm_rn50_train:  24%|██▍       | 477000/2000000 [02:19<07:24, 3423.66step/s, z=2.3e+04 err_min[eps0]=4.64e-01][A
  GD waterbirds_erm_rn50_train:  24%|██▍       | 479000/2000000 [02:19<07:37, 3322.91step/s, z=2.3e+04 err_min[eps0]=4.64e-01][A
  GD waterbirds_erm_rn50_train:  24%|██▍       | 481000/2000000 [02:20<07:29, 3381.32step/s, z=2.3e+04 err_min[eps0]=4.64e-01][A
  GD waterbirds_erm_rn50_train:  24%|██▍       | 483000/2000000 [02:21<07:23, 3422.52step/s, z=2.3e+04 err_min[eps0]=4.64e-01][A
  GD waterbirds_erm_rn50_train:  24%|██▍       | 485000/2000000 [02:21<07:19, 3443.83step/s, z=2.3e+04 err_min[eps0]=4.64e-01][A
  GD waterbirds_erm_rn50_train:  24%|██▍       | 487000/2000000 [02:22<07:11, 3503.42step/s, z=2.3e+04 err_min[eps0]=4.64e-01][A
  GD waterbirds_erm_rn50_train:  24%|██▍       | 489000/2000000 [02:22<07:11, 3499.75step/s, z=2.3e+04 err_min[eps0]=4.64e-01][A
  GD waterbirds_erm_rn50_train:  25%|██▍       | 491000/2000000 [02:23<07:19, 3432.46step/s, z=2.3e+04 err_min[eps0]=4.64e-01][A
  GD waterbirds_erm_rn50_train:  25%|██▍       | 493000/2000000 [02:23<07:34, 3314.36step/s, z=2.3e+04 err_min[eps0]=4.64e-01][A
  GD waterbirds_erm_rn50_train:  25%|██▍       | 495000/2000000 [02:24<07:27, 3360.32step/s, z=2.3e+04 err_min[eps0]=4.64e-01][A
  GD waterbirds_erm_rn50_train:  25%|██▍       | 497000/2000000 [02:25<07:26, 3366.47step/s, z=2.3e+04 err_min[eps0]=4.64e-01][A
  GD waterbirds_erm_rn50_train:  25%|██▍       | 499000/2000000 [02:25<07:36, 3289.08step/s, z=2.3e+04 err_min[eps0]=4.64e-01][A
  GD waterbirds_erm_rn50_train:  25%|██▌       | 501000/2000000 [02:26<07:36, 3280.43step/s, z=2.3e+04 err_min[eps0]=4.64e-01][A
  GD waterbirds_erm_rn50_train:  25%|██▌       | 503000/2000000 [02:27<07:41, 3247.16step/s, z=2.3e+04 err_min[eps0]=4.64e-01][A
  GD waterbirds_erm_rn50_train:  25%|██▌       | 505000/2000000 [02:27<07:39, 3250.63step/s, z=2.3e+04 err_min[eps0]=4.64e-01][A
  GD waterbirds_erm_rn50_train:  25%|██▌       | 508000/2000000 [02:28<06:43, 3697.40step/s, z=2.3e+04 err_min[eps0]=4.64e-01][A
  GD waterbirds_erm_rn50_train:  26%|██▌       | 512000/2000000 [02:28<05:31, 4492.62step/s, z=2.3e+04 err_min[eps0]=4.64e-01][A
  GD waterbirds_erm_rn50_train:  26%|██▌       | 515000/2000000 [02:29<05:22, 4597.53step/s, z=2.3e+04 err_min[eps0]=4.64e-01][A
  GD waterbirds_erm_rn50_train:  26%|██▌       | 518000/2000000 [02:30<05:01, 4914.27step/s, z=2.3e+04 err_min[eps0]=4.64e-01][A
  GD waterbirds_erm_rn50_train:  26%|██▌       | 520000/2000000 [02:30<05:01, 4914.27step/s, z=2.6e+04 err_min[eps0]=4.57e-01][A
  GD waterbirds_erm_rn50_train:  26%|██▌       | 522000/2000000 [02:30<04:35, 5363.41step/s, z=2.6e+04 err_min[eps0]=4.57e-01][A
  GD waterbirds_erm_rn50_train:  26%|██▋       | 525000/2000000 [02:31<04:33, 5402.70step/s, z=2.6e+04 err_min[eps0]=4.57e-01][A
  GD waterbirds_erm_rn50_train:  26%|██▋       | 528000/2000000 [02:32<05:06, 4809.83step/s, z=2.6e+04 err_min[eps0]=4.57e-01][A
  GD waterbirds_erm_rn50_train:  27%|██▋       | 531000/2000000 [02:32<04:58, 4915.43step/s, z=2.6e+04 err_min[eps0]=4.57e-01][A
  GD waterbirds_erm_rn50_train:  27%|██▋       | 534000/2000000 [02:33<04:53, 4988.92step/s, z=2.6e+04 err_min[eps0]=4.57e-01][A
  GD waterbirds_erm_rn50_train:  27%|██▋       | 537000/2000000 [02:33<05:26, 4482.70step/s, z=2.6e+04 err_min[eps0]=4.57e-01][A
  GD waterbirds_erm_rn50_train:  27%|██▋       | 540000/2000000 [02:34<05:50, 4161.30step/s, z=2.6e+04 err_min[eps0]=4.57e-01][A
  GD waterbirds_erm_rn50_train:  27%|██▋       | 543000/2000000 [02:35<05:54, 4108.22step/s, z=2.6e+04 err_min[eps0]=4.57e-01][A
  GD waterbirds_erm_rn50_train:  27%|██▋       | 546000/2000000 [02:36<05:52, 4129.25step/s, z=2.6e+04 err_min[eps0]=4.57e-01][A
  GD waterbirds_erm_rn50_train:  27%|██▋       | 549000/2000000 [02:37<05:55, 4080.26step/s, z=2.6e+04 err_min[eps0]=4.57e-01][A
  GD waterbirds_erm_rn50_train:  28%|██▊       | 552000/2000000 [02:37<05:36, 4307.05step/s, z=2.6e+04 err_min[eps0]=4.57e-01][A
  GD waterbirds_erm_rn50_train:  28%|██▊       | 555000/2000000 [02:38<05:50, 4124.69step/s, z=2.6e+04 err_min[eps0]=4.57e-01][A
  GD waterbirds_erm_rn50_train:  28%|██▊       | 558000/2000000 [02:39<05:45, 4176.30step/s, z=2.6e+04 err_min[eps0]=4.57e-01][A
  GD waterbirds_erm_rn50_train:  28%|██▊       | 561000/2000000 [02:39<05:57, 4025.58step/s, z=2.6e+04 err_min[eps0]=4.57e-01][A
  GD waterbirds_erm_rn50_train:  28%|██▊       | 564000/2000000 [02:40<06:09, 3885.31step/s, z=2.6e+04 err_min[eps0]=4.57e-01][A
  GD waterbirds_erm_rn50_train:  28%|██▊       | 566000/2000000 [02:41<06:20, 3765.50step/s, z=2.6e+04 err_min[eps0]=4.57e-01][A
  GD waterbirds_erm_rn50_train:  28%|██▊       | 568000/2000000 [02:41<06:18, 3785.74step/s, z=2.6e+04 err_min[eps0]=4.57e-01][A
  GD waterbirds_erm_rn50_train:  28%|██▊       | 570000/2000000 [02:42<06:21, 3748.34step/s, z=2.6e+04 err_min[eps0]=4.57e-01][A
  GD waterbirds_erm_rn50_train:  29%|██▊       | 573000/2000000 [02:43<05:37, 4223.82step/s, z=2.6e+04 err_min[eps0]=4.57e-01][A
  GD waterbirds_erm_rn50_train:  29%|██▉       | 577000/2000000 [02:43<04:55, 4809.35step/s, z=2.6e+04 err_min[eps0]=4.57e-01][A
  GD waterbirds_erm_rn50_train:  29%|██▉       | 580000/2000000 [02:44<04:55, 4809.35step/s, z=2.9e+04 err_min[eps0]=4.50e-01][A
  GD waterbirds_erm_rn50_train:  29%|██▉       | 581000/2000000 [02:44<04:24, 5365.34step/s, z=2.9e+04 err_min[eps0]=4.50e-01][A
  GD waterbirds_erm_rn50_train:  29%|██▉       | 585000/2000000 [02:44<04:08, 5698.81step/s, z=2.9e+04 err_min[eps0]=4.50e-01][A
  GD waterbirds_erm_rn50_train:  29%|██▉       | 589000/2000000 [02:45<04:08, 5680.50step/s, z=2.9e+04 err_min[eps0]=4.50e-01][A
  GD waterbirds_erm_rn50_train:  30%|██▉       | 592000/2000000 [02:46<04:20, 5413.28step/s, z=2.9e+04 err_min[eps0]=4.50e-01][A
  GD waterbirds_erm_rn50_train:  30%|██▉       | 595000/2000000 [02:46<04:36, 5083.90step/s, z=2.9e+04 err_min[eps0]=4.50e-01][A
  GD waterbirds_erm_rn50_train:  30%|██▉       | 598000/2000000 [02:47<04:47, 4881.68step/s, z=2.9e+04 err_min[eps0]=4.50e-01][A
  GD waterbirds_erm_rn50_train:  30%|███       | 601000/2000000 [02:48<04:58, 4682.22step/s, z=2.9e+04 err_min[eps0]=4.50e-01][A
  GD waterbirds_erm_rn50_train:  30%|███       | 604000/2000000 [02:48<04:58, 4683.13step/s, z=2.9e+04 err_min[eps0]=4.50e-01][A
  GD waterbirds_erm_rn50_train:  30%|███       | 607000/2000000 [02:49<05:00, 4628.16step/s, z=2.9e+04 err_min[eps0]=4.50e-01][A
  GD waterbirds_erm_rn50_train:  30%|███       | 610000/2000000 [02:50<04:51, 4773.55step/s, z=2.9e+04 err_min[eps0]=4.50e-01][A
  GD waterbirds_erm_rn50_train:  31%|███       | 613000/2000000 [02:50<04:48, 4808.73step/s, z=2.9e+04 err_min[eps0]=4.50e-01][A
  GD waterbirds_erm_rn50_train:  31%|███       | 616000/2000000 [02:51<05:17, 4364.81step/s, z=2.9e+04 err_min[eps0]=4.50e-01][A
  GD waterbirds_erm_rn50_train:  31%|███       | 619000/2000000 [02:52<05:16, 4360.22step/s, z=2.9e+04 err_min[eps0]=4.50e-01][A
  GD waterbirds_erm_rn50_train:  31%|███       | 622000/2000000 [02:52<04:57, 4638.06step/s, z=2.9e+04 err_min[eps0]=4.50e-01][A
  GD waterbirds_erm_rn50_train:  31%|███▏      | 625000/2000000 [02:53<04:38, 4932.97step/s, z=2.9e+04 err_min[eps0]=4.50e-01][A
  GD waterbirds_erm_rn50_train:  31%|███▏      | 629000/2000000 [02:54<04:18, 5313.28step/s, z=2.9e+04 err_min[eps0]=4.50e-01][A
  GD waterbirds_erm_rn50_train:  32%|███▏      | 633000/2000000 [02:54<04:02, 5642.67step/s, z=2.9e+04 err_min[eps0]=4.50e-01][A
  GD waterbirds_erm_rn50_train:  32%|███▏      | 636000/2000000 [02:56<06:36, 3440.79step/s, z=2.9e+04 err_min[eps0]=4.50e-01][A
  GD waterbirds_erm_rn50_train:  32%|███▏      | 639000/2000000 [02:57<06:33, 3455.46step/s, z=2.9e+04 err_min[eps0]=4.50e-01][A
  GD waterbirds_erm_rn50_train:  32%|███▏      | 640000/2000000 [02:57<06:33, 3455.46step/s, z=3.2e+04 err_min[eps0]=4.44e-01][A
  GD waterbirds_erm_rn50_train:  32%|███▏      | 642000/2000000 [02:58<06:35, 3432.88step/s, z=3.2e+04 err_min[eps0]=4.44e-01][A
  GD waterbirds_erm_rn50_train:  32%|███▏      | 645000/2000000 [02:58<06:08, 3674.97step/s, z=3.2e+04 err_min[eps0]=4.44e-01][A
  GD waterbirds_erm_rn50_train:  32%|███▏      | 648000/2000000 [02:59<05:36, 4020.93step/s, z=3.2e+04 err_min[eps0]=4.44e-01][A
  GD waterbirds_erm_rn50_train:  33%|███▎      | 652000/2000000 [03:00<04:47, 4682.48step/s, z=3.2e+04 err_min[eps0]=4.44e-01][A
  GD waterbirds_erm_rn50_train:  33%|███▎      | 656000/2000000 [03:00<04:23, 5096.13step/s, z=3.2e+04 err_min[eps0]=4.44e-01][A
  GD waterbirds_erm_rn50_train:  33%|███▎      | 659000/2000000 [03:01<04:22, 5103.51step/s, z=3.2e+04 err_min[eps0]=4.44e-01][A
  GD waterbirds_erm_rn50_train:  33%|███▎      | 663000/2000000 [03:01<04:03, 5500.64step/s, z=3.2e+04 err_min[eps0]=4.44e-01][A
  GD waterbirds_erm_rn50_train:  33%|███▎      | 667000/2000000 [03:02<03:50, 5792.35step/s, z=3.2e+04 err_min[eps0]=4.44e-01][A
  GD waterbirds_erm_rn50_train:  34%|███▎      | 670000/2000000 [03:03<03:51, 5736.80step/s, z=3.2e+04 err_min[eps0]=4.44e-01][A
  GD waterbirds_erm_rn50_train:  34%|███▎      | 673000/2000000 [03:03<04:15, 5202.16step/s, z=3.2e+04 err_min[eps0]=4.44e-01][A
  GD waterbirds_erm_rn50_train:  34%|███▍      | 676000/2000000 [03:04<04:11, 5260.89step/s, z=3.2e+04 err_min[eps0]=4.44e-01][A
  GD waterbirds_erm_rn50_train:  34%|███▍      | 679000/2000000 [03:05<04:36, 4773.50step/s, z=3.2e+04 err_min[eps0]=4.44e-01][A
  GD waterbirds_erm_rn50_train:  34%|███▍      | 682000/2000000 [03:05<04:35, 4791.72step/s, z=3.2e+04 err_min[eps0]=4.44e-01][A
  GD waterbirds_erm_rn50_train:  34%|███▍      | 685000/2000000 [03:06<05:15, 4162.41step/s, z=3.2e+04 err_min[eps0]=4.44e-01][A
  GD waterbirds_erm_rn50_train:  34%|███▍      | 688000/2000000 [03:07<05:44, 3807.63step/s, z=3.2e+04 err_min[eps0]=4.44e-01][A
  GD waterbirds_erm_rn50_train:  35%|███▍      | 691000/2000000 [03:08<05:58, 3654.78step/s, z=3.2e+04 err_min[eps0]=4.44e-01][A
  GD waterbirds_erm_rn50_train:  35%|███▍      | 693000/2000000 [03:09<05:58, 3646.83step/s, z=3.2e+04 err_min[eps0]=4.44e-01][A
  GD waterbirds_erm_rn50_train:  35%|███▍      | 695000/2000000 [03:09<05:52, 3697.53step/s, z=3.2e+04 err_min[eps0]=4.44e-01][A
  GD waterbirds_erm_rn50_train:  35%|███▍      | 698000/2000000 [03:10<05:44, 3781.34step/s, z=3.2e+04 err_min[eps0]=4.44e-01][A
  GD waterbirds_erm_rn50_train:  35%|███▌      | 701000/2000000 [03:11<05:25, 3988.49step/s, z=3.2e+04 err_min[eps0]=4.44e-01][A
  GD waterbirds_erm_rn50_train:  35%|███▌      | 704000/2000000 [03:11<05:35, 3857.18step/s, z=3.2e+04 err_min[eps0]=4.44e-01][A
  GD waterbirds_erm_rn50_train:  35%|███▌      | 707000/2000000 [03:12<05:28, 3939.50step/s, z=3.2e+04 err_min[eps0]=4.44e-01][A
  GD waterbirds_erm_rn50_train:  36%|███▌      | 710000/2000000 [03:13<05:16, 4079.71step/s, z=3.2e+04 err_min[eps0]=4.44e-01][A
  GD waterbirds_erm_rn50_train:  36%|███▌      | 713000/2000000 [03:14<05:18, 4037.93step/s, z=3.2e+04 err_min[eps0]=4.44e-01][A
  GD waterbirds_erm_rn50_train:  36%|███▌      | 716000/2000000 [03:14<05:45, 3718.39step/s, z=3.2e+04 err_min[eps0]=4.44e-01][A
  GD waterbirds_erm_rn50_train:  36%|███▌      | 719000/2000000 [03:15<05:32, 3853.93step/s, z=3.2e+04 err_min[eps0]=4.44e-01][A
  GD waterbirds_erm_rn50_train:  36%|███▌      | 720000/2000000 [03:16<05:32, 3853.93step/s, z=3.6e+04 err_min[eps0]=4.38e-01][A
  GD waterbirds_erm_rn50_train:  36%|███▌      | 721000/2000000 [03:16<05:53, 3616.53step/s, z=3.6e+04 err_min[eps0]=4.38e-01][A
  GD waterbirds_erm_rn50_train:  36%|███▌      | 723000/2000000 [03:17<06:10, 3443.83step/s, z=3.6e+04 err_min[eps0]=4.38e-01][A
  GD waterbirds_erm_rn50_train:  36%|███▋      | 725000/2000000 [03:17<05:59, 3550.42step/s, z=3.6e+04 err_min[eps0]=4.38e-01][A
  GD waterbirds_erm_rn50_train:  36%|███▋      | 728000/2000000 [03:18<05:20, 3966.46step/s, z=3.6e+04 err_min[eps0]=4.38e-01][A
  GD waterbirds_erm_rn50_train:  37%|███▋      | 731000/2000000 [03:18<04:45, 4449.92step/s, z=3.6e+04 err_min[eps0]=4.38e-01][A
  GD waterbirds_erm_rn50_train:  37%|███▋      | 734000/2000000 [03:19<04:32, 4648.88step/s, z=3.6e+04 err_min[eps0]=4.38e-01][A
  GD waterbirds_erm_rn50_train:  37%|███▋      | 737000/2000000 [03:19<04:40, 4505.79step/s, z=3.6e+04 err_min[eps0]=4.38e-01][A
  GD waterbirds_erm_rn50_train:  37%|███▋      | 741000/2000000 [03:20<04:12, 4979.08step/s, z=3.6e+04 err_min[eps0]=4.38e-01][A
  GD waterbirds_erm_rn50_train:  37%|███▋      | 744000/2000000 [03:21<04:00, 5219.00step/s, z=3.6e+04 err_min[eps0]=4.38e-01][A
  GD waterbirds_erm_rn50_train:  37%|███▋      | 747000/2000000 [03:21<03:58, 5262.44step/s, z=3.6e+04 err_min[eps0]=4.38e-01][A
  GD waterbirds_erm_rn50_train:  38%|███▊      | 751000/2000000 [03:22<03:41, 5648.30step/s, z=3.6e+04 err_min[eps0]=4.38e-01][A
  GD waterbirds_erm_rn50_train:  38%|███▊      | 755000/2000000 [03:22<03:31, 5880.58step/s, z=3.6e+04 err_min[eps0]=4.38e-01][A
  GD waterbirds_erm_rn50_train:  38%|███▊      | 759000/2000000 [03:23<03:24, 6062.27step/s, z=3.6e+04 err_min[eps0]=4.38e-01][A
  GD waterbirds_erm_rn50_train:  38%|███▊      | 763000/2000000 [03:24<03:23, 6089.41step/s, z=3.6e+04 err_min[eps0]=4.38e-01][A
  GD waterbirds_erm_rn50_train:  38%|███▊      | 767000/2000000 [03:24<03:21, 6117.98step/s, z=3.6e+04 err_min[eps0]=4.38e-01][A
  GD waterbirds_erm_rn50_train:  39%|███▊      | 771000/2000000 [03:25<03:20, 6118.11step/s, z=3.6e+04 err_min[eps0]=4.38e-01][A
  GD waterbirds_erm_rn50_train:  39%|███▉      | 775000/2000000 [03:26<03:18, 6162.35step/s, z=3.6e+04 err_min[eps0]=4.38e-01][A
  GD waterbirds_erm_rn50_train:  39%|███▉      | 779000/2000000 [03:26<03:21, 6074.62step/s, z=3.6e+04 err_min[eps0]=4.38e-01][A
  GD waterbirds_erm_rn50_train:  39%|███▉      | 783000/2000000 [03:27<03:28, 5837.92step/s, z=3.6e+04 err_min[eps0]=4.38e-01][A
  GD waterbirds_erm_rn50_train:  39%|███▉      | 786000/2000000 [03:28<03:43, 5437.28step/s, z=3.6e+04 err_min[eps0]=4.38e-01][A
  GD waterbirds_erm_rn50_train:  39%|███▉      | 789000/2000000 [03:28<03:59, 5064.26step/s, z=3.6e+04 err_min[eps0]=4.38e-01][A
  GD waterbirds_erm_rn50_train:  40%|███▉      | 792000/2000000 [03:29<03:59, 5033.38step/s, z=3.6e+04 err_min[eps0]=4.38e-01][A
  GD waterbirds_erm_rn50_train:  40%|███▉      | 795000/2000000 [03:30<04:05, 4905.13step/s, z=3.6e+04 err_min[eps0]=4.38e-01][A
  GD waterbirds_erm_rn50_train:  40%|███▉      | 798000/2000000 [03:30<04:13, 4742.22step/s, z=3.6e+04 err_min[eps0]=4.38e-01][A
  GD waterbirds_erm_rn50_train:  40%|████      | 800000/2000000 [03:31<04:13, 4742.22step/s, z=4e+04 err_min[eps0]=4.31e-01]  [A
  GD waterbirds_erm_rn50_train:  40%|████      | 801000/2000000 [03:31<04:04, 4905.16step/s, z=4e+04 err_min[eps0]=4.31e-01][A
  GD waterbirds_erm_rn50_train:  40%|████      | 805000/2000000 [03:32<03:46, 5276.10step/s, z=4e+04 err_min[eps0]=4.31e-01][A
  GD waterbirds_erm_rn50_train:  40%|████      | 809000/2000000 [03:32<03:34, 5543.06step/s, z=4e+04 err_min[eps0]=4.31e-01][A
  GD waterbirds_erm_rn50_train:  41%|████      | 812000/2000000 [03:33<03:30, 5643.90step/s, z=4e+04 err_min[eps0]=4.31e-01][A
  GD waterbirds_erm_rn50_train:  41%|████      | 816000/2000000 [03:33<03:22, 5835.36step/s, z=4e+04 err_min[eps0]=4.31e-01][A
  GD waterbirds_erm_rn50_train:  41%|████      | 819000/2000000 [03:34<03:22, 5844.69step/s, z=4e+04 err_min[eps0]=4.31e-01][A
  GD waterbirds_erm_rn50_train:  41%|████      | 822000/2000000 [03:34<03:24, 5768.18step/s, z=4e+04 err_min[eps0]=4.31e-01][A
  GD waterbirds_erm_rn50_train:  41%|████▏     | 826000/2000000 [03:35<03:20, 5865.81step/s, z=4e+04 err_min[eps0]=4.31e-01][A
  GD waterbirds_erm_rn50_train:  41%|████▏     | 829000/2000000 [03:36<03:20, 5838.86step/s, z=4e+04 err_min[eps0]=4.31e-01][A
  GD waterbirds_erm_rn50_train:  42%|████▏     | 833000/2000000 [03:36<03:19, 5843.89step/s, z=4e+04 err_min[eps0]=4.31e-01][A
  GD waterbirds_erm_rn50_train:  42%|████▏     | 836000/2000000 [03:37<03:18, 5856.08step/s, z=4e+04 err_min[eps0]=4.31e-01][A
  GD waterbirds_erm_rn50_train:  42%|████▏     | 839000/2000000 [03:37<03:18, 5848.11step/s, z=4e+04 err_min[eps0]=4.31e-01][A
  GD waterbirds_erm_rn50_train:  42%|████▏     | 842000/2000000 [03:38<03:22, 5719.10step/s, z=4e+04 err_min[eps0]=4.31e-01][A
  GD waterbirds_erm_rn50_train:  42%|████▏     | 845000/2000000 [03:38<03:20, 5764.77step/s, z=4e+04 err_min[eps0]=4.31e-01][A
  GD waterbirds_erm_rn50_train:  42%|████▏     | 849000/2000000 [03:39<03:15, 5894.32step/s, z=4e+04 err_min[eps0]=4.31e-01][A
  GD waterbirds_erm_rn50_train:  43%|████▎     | 852000/2000000 [03:40<03:20, 5726.70step/s, z=4e+04 err_min[eps0]=4.31e-01][A
  GD waterbirds_erm_rn50_train:  43%|████▎     | 856000/2000000 [03:40<03:13, 5915.60step/s, z=4e+04 err_min[eps0]=4.31e-01][A
  GD waterbirds_erm_rn50_train:  43%|████▎     | 860000/2000000 [03:41<03:09, 6012.75step/s, z=4e+04 err_min[eps0]=4.31e-01][A
  GD waterbirds_erm_rn50_train:  43%|████▎     | 863000/2000000 [03:41<03:09, 6009.36step/s, z=4e+04 err_min[eps0]=4.31e-01][A
  GD waterbirds_erm_rn50_train:  43%|████▎     | 866000/2000000 [03:42<03:09, 5995.01step/s, z=4e+04 err_min[eps0]=4.31e-01][A
  GD waterbirds_erm_rn50_train:  44%|████▎     | 870000/2000000 [03:43<03:06, 6051.16step/s, z=4e+04 err_min[eps0]=4.31e-01][A
  GD waterbirds_erm_rn50_train:  44%|████▎     | 874000/2000000 [03:43<03:06, 6030.75step/s, z=4e+04 err_min[eps0]=4.31e-01][A
  GD waterbirds_erm_rn50_train:  44%|████▍     | 878000/2000000 [03:44<03:03, 6103.19step/s, z=4e+04 err_min[eps0]=4.31e-01][A
  GD waterbirds_erm_rn50_train:  44%|████▍     | 882000/2000000 [03:44<03:03, 6087.79step/s, z=4e+04 err_min[eps0]=4.31e-01][A
  GD waterbirds_erm_rn50_train:  44%|████▍     | 886000/2000000 [03:45<03:02, 6117.63step/s, z=4e+04 err_min[eps0]=4.31e-01][A
  GD waterbirds_erm_rn50_train:  44%|████▍     | 890000/2000000 [03:46<03:02, 6070.31step/s, z=4e+04 err_min[eps0]=4.31e-01][A
  GD waterbirds_erm_rn50_train:  45%|████▍     | 894000/2000000 [03:47<03:08, 5866.97step/s, z=4e+04 err_min[eps0]=4.31e-01][A
  GD waterbirds_erm_rn50_train:  45%|████▍     | 898000/2000000 [03:47<03:05, 5927.03step/s, z=4e+04 err_min[eps0]=4.31e-01][A
  GD waterbirds_erm_rn50_train:  45%|████▌     | 900000/2000000 [03:48<03:05, 5927.03step/s, z=4.5e+04 err_min[eps0]=4.25e-01][A
  GD waterbirds_erm_rn50_train:  45%|████▌     | 902000/2000000 [03:48<03:05, 5921.17step/s, z=4.5e+04 err_min[eps0]=4.25e-01][A
  GD waterbirds_erm_rn50_train:  45%|████▌     | 905000/2000000 [03:48<03:04, 5933.15step/s, z=4.5e+04 err_min[eps0]=4.25e-01][A
  GD waterbirds_erm_rn50_train:  45%|████▌     | 908000/2000000 [03:49<03:04, 5913.48step/s, z=4.5e+04 err_min[eps0]=4.25e-01][A
  GD waterbirds_erm_rn50_train:  46%|████▌     | 911000/2000000 [03:49<03:04, 5894.51step/s, z=4.5e+04 err_min[eps0]=4.25e-01][A
  GD waterbirds_erm_rn50_train:  46%|████▌     | 914000/2000000 [03:50<03:09, 5719.23step/s, z=4.5e+04 err_min[eps0]=4.25e-01][A
  GD waterbirds_erm_rn50_train:  46%|████▌     | 917000/2000000 [03:50<03:06, 5792.69step/s, z=4.5e+04 err_min[eps0]=4.25e-01][A
  GD waterbirds_erm_rn50_train:  46%|████▌     | 920000/2000000 [03:51<03:07, 5764.73step/s, z=4.5e+04 err_min[eps0]=4.25e-01][A
  GD waterbirds_erm_rn50_train:  46%|████▌     | 924000/2000000 [03:52<03:11, 5616.27step/s, z=4.5e+04 err_min[eps0]=4.25e-01][A
  GD waterbirds_erm_rn50_train:  46%|████▋     | 927000/2000000 [03:52<03:12, 5578.72step/s, z=4.5e+04 err_min[eps0]=4.25e-01][A
  GD waterbirds_erm_rn50_train:  47%|████▋     | 931000/2000000 [03:53<03:03, 5839.29step/s, z=4.5e+04 err_min[eps0]=4.25e-01][A
  GD waterbirds_erm_rn50_train:  47%|████▋     | 934000/2000000 [03:53<03:03, 5821.48step/s, z=4.5e+04 err_min[eps0]=4.25e-01][A
  GD waterbirds_erm_rn50_train:  47%|████▋     | 937000/2000000 [03:54<03:15, 5432.44step/s, z=4.5e+04 err_min[eps0]=4.25e-01][A
  GD waterbirds_erm_rn50_train:  47%|████▋     | 940000/2000000 [03:55<03:38, 4847.88step/s, z=4.5e+04 err_min[eps0]=4.25e-01][A
  GD waterbirds_erm_rn50_train:  47%|████▋     | 943000/2000000 [03:56<04:06, 4288.93step/s, z=4.5e+04 err_min[eps0]=4.25e-01][A
  GD waterbirds_erm_rn50_train:  47%|████▋     | 946000/2000000 [03:57<04:22, 4010.26step/s, z=4.5e+04 err_min[eps0]=4.25e-01][A
  GD waterbirds_erm_rn50_train:  47%|████▋     | 949000/2000000 [03:58<04:41, 3738.87step/s, z=4.5e+04 err_min[eps0]=4.25e-01][A
  GD waterbirds_erm_rn50_train:  48%|████▊     | 951000/2000000 [03:58<04:43, 3705.90step/s, z=4.5e+04 err_min[eps0]=4.25e-01][A
  GD waterbirds_erm_rn50_train:  48%|████▊     | 953000/2000000 [03:59<04:50, 3602.26step/s, z=4.5e+04 err_min[eps0]=4.25e-01][A
  GD waterbirds_erm_rn50_train:  48%|████▊     | 955000/2000000 [03:59<04:56, 3522.70step/s, z=4.5e+04 err_min[eps0]=4.25e-01][A
  GD waterbirds_erm_rn50_train:  48%|████▊     | 957000/2000000 [04:00<05:05, 3408.96step/s, z=4.5e+04 err_min[eps0]=4.25e-01][A
  GD waterbirds_erm_rn50_train:  48%|████▊     | 959000/2000000 [04:01<05:13, 3319.74step/s, z=4.5e+04 err_min[eps0]=4.25e-01][A
  GD waterbirds_erm_rn50_train:  48%|████▊     | 961000/2000000 [04:01<05:07, 3377.51step/s, z=4.5e+04 err_min[eps0]=4.25e-01][A
  GD waterbirds_erm_rn50_train:  48%|████▊     | 963000/2000000 [04:02<05:07, 3375.27step/s, z=4.5e+04 err_min[eps0]=4.25e-01][A
  GD waterbirds_erm_rn50_train:  48%|████▊     | 965000/2000000 [04:02<05:06, 3376.28step/s, z=4.5e+04 err_min[eps0]=4.25e-01][A
  GD waterbirds_erm_rn50_train:  48%|████▊     | 967000/2000000 [04:03<05:03, 3403.30step/s, z=4.5e+04 err_min[eps0]=4.25e-01][A
  GD waterbirds_erm_rn50_train:  48%|████▊     | 969000/2000000 [04:04<05:04, 3387.97step/s, z=4.5e+04 err_min[eps0]=4.25e-01][A
  GD waterbirds_erm_rn50_train:  49%|████▊     | 971000/2000000 [04:04<04:59, 3431.70step/s, z=4.5e+04 err_min[eps0]=4.25e-01][A
  GD waterbirds_erm_rn50_train:  49%|████▊     | 973000/2000000 [04:05<04:59, 3430.06step/s, z=4.5e+04 err_min[eps0]=4.25e-01][A
  GD waterbirds_erm_rn50_train:  49%|████▉     | 975000/2000000 [04:05<05:01, 3404.87step/s, z=4.5e+04 err_min[eps0]=4.25e-01][A
  GD waterbirds_erm_rn50_train:  49%|████▉     | 977000/2000000 [04:06<05:07, 3330.66step/s, z=4.5e+04 err_min[eps0]=4.25e-01][A
  GD waterbirds_erm_rn50_train:  49%|████▉     | 979000/2000000 [04:07<05:04, 3350.75step/s, z=4.5e+04 err_min[eps0]=4.25e-01][A
  GD waterbirds_erm_rn50_train:  49%|████▉     | 981000/2000000 [04:07<05:04, 3342.99step/s, z=4.5e+04 err_min[eps0]=4.25e-01][A
  GD waterbirds_erm_rn50_train:  49%|████▉     | 983000/2000000 [04:08<05:05, 3330.98step/s, z=4.5e+04 err_min[eps0]=4.25e-01][A
  GD waterbirds_erm_rn50_train:  49%|████▉     | 985000/2000000 [04:08<05:00, 3379.21step/s, z=4.5e+04 err_min[eps0]=4.25e-01][A
  GD waterbirds_erm_rn50_train:  49%|████▉     | 987000/2000000 [04:09<05:01, 3363.33step/s, z=4.5e+04 err_min[eps0]=4.25e-01][A
  GD waterbirds_erm_rn50_train:  49%|████▉     | 989000/2000000 [04:09<04:59, 3370.83step/s, z=4.5e+04 err_min[eps0]=4.25e-01][A
  GD waterbirds_erm_rn50_train:  50%|████▉     | 991000/2000000 [04:10<04:59, 3368.79step/s, z=4.5e+04 err_min[eps0]=4.25e-01][A
  GD waterbirds_erm_rn50_train:  50%|████▉     | 993000/2000000 [04:11<04:59, 3361.51step/s, z=4.5e+04 err_min[eps0]=4.25e-01][A
  GD waterbirds_erm_rn50_train:  50%|████▉     | 995000/2000000 [04:11<05:00, 3348.69step/s, z=4.5e+04 err_min[eps0]=4.25e-01][A
  GD waterbirds_erm_rn50_train:  50%|████▉     | 997000/2000000 [04:12<04:52, 3429.85step/s, z=4.5e+04 err_min[eps0]=4.25e-01][A
  GD waterbirds_erm_rn50_train:  50%|████▉     | 999000/2000000 [04:12<04:56, 3370.55step/s, z=4.5e+04 err_min[eps0]=4.25e-01][A
  GD waterbirds_erm_rn50_train:  50%|█████     | 1000000/2000000 [04:13<04:56, 3370.55step/s, z=5e+04 err_min[eps0]=4.19e-01] [A
  GD waterbirds_erm_rn50_train:  50%|█████     | 1001000/2000000 [04:13<05:16, 3153.41step/s, z=5e+04 err_min[eps0]=4.19e-01][A
  GD waterbirds_erm_rn50_train:  50%|█████     | 1003000/2000000 [04:14<05:11, 3197.34step/s, z=5e+04 err_min[eps0]=4.19e-01][A
  GD waterbirds_erm_rn50_train:  50%|█████     | 1005000/2000000 [04:14<05:12, 3188.79step/s, z=5e+04 err_min[eps0]=4.19e-01][A
  GD waterbirds_erm_rn50_train:  50%|█████     | 1007000/2000000 [04:15<05:07, 3225.91step/s, z=5e+04 err_min[eps0]=4.19e-01][A
  GD waterbirds_erm_rn50_train:  50%|█████     | 1009000/2000000 [04:16<05:08, 3212.66step/s, z=5e+04 err_min[eps0]=4.19e-01][A
  GD waterbirds_erm_rn50_train:  51%|█████     | 1011000/2000000 [04:16<05:09, 3194.31step/s, z=5e+04 err_min[eps0]=4.19e-01][A
  GD waterbirds_erm_rn50_train:  51%|█████     | 1013000/2000000 [04:17<05:13, 3147.67step/s, z=5e+04 err_min[eps0]=4.19e-01][A
  GD waterbirds_erm_rn50_train:  51%|█████     | 1015000/2000000 [04:17<04:54, 3343.00step/s, z=5e+04 err_min[eps0]=4.19e-01][A
  GD waterbirds_erm_rn50_train:  51%|█████     | 1018000/2000000 [04:18<04:24, 3706.96step/s, z=5e+04 err_min[eps0]=4.19e-01][A
  GD waterbirds_erm_rn50_train:  51%|█████     | 1021000/2000000 [04:19<04:00, 4065.42step/s, z=5e+04 err_min[eps0]=4.19e-01][A
  GD waterbirds_erm_rn50_train:  51%|█████     | 1024000/2000000 [04:19<04:03, 4000.03step/s, z=5e+04 err_min[eps0]=4.19e-01][A
  GD waterbirds_erm_rn50_train:  51%|█████▏    | 1027000/2000000 [04:20<04:20, 3734.12step/s, z=5e+04 err_min[eps0]=4.19e-01][A
  GD waterbirds_erm_rn50_train:  51%|█████▏    | 1029000/2000000 [04:21<04:27, 3626.49step/s, z=5e+04 err_min[eps0]=4.19e-01][A
  GD waterbirds_erm_rn50_train:  52%|█████▏    | 1031000/2000000 [04:22<04:30, 3578.79step/s, z=5e+04 err_min[eps0]=4.19e-01][A
  GD waterbirds_erm_rn50_train:  52%|█████▏    | 1033000/2000000 [04:22<04:46, 3377.22step/s, z=5e+04 err_min[eps0]=4.19e-01][A
  GD waterbirds_erm_rn50_train:  52%|█████▏    | 1035000/2000000 [04:23<04:49, 3337.23step/s, z=5e+04 err_min[eps0]=4.19e-01][A
  GD waterbirds_erm_rn50_train:  52%|█████▏    | 1037000/2000000 [04:24<04:52, 3291.69step/s, z=5e+04 err_min[eps0]=4.19e-01][A
  GD waterbirds_erm_rn50_train:  52%|█████▏    | 1039000/2000000 [04:24<04:38, 3448.80step/s, z=5e+04 err_min[eps0]=4.19e-01][A
  GD waterbirds_erm_rn50_train:  52%|█████▏    | 1041000/2000000 [04:25<04:50, 3296.08step/s, z=5e+04 err_min[eps0]=4.19e-01][A
  GD waterbirds_erm_rn50_train:  52%|█████▏    | 1043000/2000000 [04:25<04:59, 3196.32step/s, z=5e+04 err_min[eps0]=4.19e-01][A
  GD waterbirds_erm_rn50_train:  52%|█████▏    | 1045000/2000000 [04:26<05:04, 3131.80step/s, z=5e+04 err_min[eps0]=4.19e-01][A
  GD waterbirds_erm_rn50_train:  52%|█████▏    | 1047000/2000000 [04:27<04:50, 3282.64step/s, z=5e+04 err_min[eps0]=4.19e-01][A
  GD waterbirds_erm_rn50_train:  52%|█████▏    | 1049000/2000000 [04:27<04:52, 3251.13step/s, z=5e+04 err_min[eps0]=4.19e-01][A
  GD waterbirds_erm_rn50_train:  53%|█████▎    | 1051000/2000000 [04:28<04:50, 3269.69step/s, z=5e+04 err_min[eps0]=4.19e-01][A
  GD waterbirds_erm_rn50_train:  53%|█████▎    | 1053000/2000000 [04:28<04:54, 3212.60step/s, z=5e+04 err_min[eps0]=4.19e-01][A
  GD waterbirds_erm_rn50_train:  53%|█████▎    | 1055000/2000000 [04:29<04:51, 3240.59step/s, z=5e+04 err_min[eps0]=4.19e-01][A
  GD waterbirds_erm_rn50_train:  53%|█████▎    | 1057000/2000000 [04:30<04:52, 3223.81step/s, z=5e+04 err_min[eps0]=4.19e-01][A
  GD waterbirds_erm_rn50_train:  53%|█████▎    | 1059000/2000000 [04:30<04:51, 3226.55step/s, z=5e+04 err_min[eps0]=4.19e-01][A
  GD waterbirds_erm_rn50_train:  53%|█████▎    | 1061000/2000000 [04:31<04:50, 3235.12step/s, z=5e+04 err_min[eps0]=4.19e-01][A
  GD waterbirds_erm_rn50_train:  53%|█████▎    | 1063000/2000000 [04:32<04:46, 3272.21step/s, z=5e+04 err_min[eps0]=4.19e-01][A
  GD waterbirds_erm_rn50_train:  53%|█████▎    | 1065000/2000000 [04:32<04:41, 3316.37step/s, z=5e+04 err_min[eps0]=4.19e-01][A
  GD waterbirds_erm_rn50_train:  53%|█████▎    | 1067000/2000000 [04:33<04:44, 3273.93step/s, z=5e+04 err_min[eps0]=4.19e-01][A
  GD waterbirds_erm_rn50_train:  53%|█████▎    | 1069000/2000000 [04:33<04:49, 3217.97step/s, z=5e+04 err_min[eps0]=4.19e-01][A
  GD waterbirds_erm_rn50_train:  54%|█████▎    | 1071000/2000000 [04:34<04:51, 3183.11step/s, z=5e+04 err_min[eps0]=4.19e-01][A
  GD waterbirds_erm_rn50_train:  54%|█████▎    | 1073000/2000000 [04:35<04:53, 3158.66step/s, z=5e+04 err_min[eps0]=4.19e-01][A
  GD waterbirds_erm_rn50_train:  54%|█████▍    | 1075000/2000000 [04:35<04:54, 3138.96step/s, z=5e+04 err_min[eps0]=4.19e-01][A
  GD waterbirds_erm_rn50_train:  54%|█████▍    | 1077000/2000000 [04:36<04:53, 3139.75step/s, z=5e+04 err_min[eps0]=4.19e-01][A
  GD waterbirds_erm_rn50_train:  54%|█████▍    | 1079000/2000000 [04:37<04:54, 3124.02step/s, z=5e+04 err_min[eps0]=4.19e-01][A
  GD waterbirds_erm_rn50_train:  54%|█████▍    | 1081000/2000000 [04:37<04:55, 3111.35step/s, z=5e+04 err_min[eps0]=4.19e-01][A
  GD waterbirds_erm_rn50_train:  54%|█████▍    | 1083000/2000000 [04:38<04:55, 3102.41step/s, z=5e+04 err_min[eps0]=4.19e-01][A
  GD waterbirds_erm_rn50_train:  54%|█████▍    | 1085000/2000000 [04:39<04:54, 3108.35step/s, z=5e+04 err_min[eps0]=4.19e-01][A
  GD waterbirds_erm_rn50_train:  54%|█████▍    | 1087000/2000000 [04:39<04:54, 3103.55step/s, z=5e+04 err_min[eps0]=4.19e-01][A
  GD waterbirds_erm_rn50_train:  54%|█████▍    | 1089000/2000000 [04:40<04:54, 3097.10step/s, z=5e+04 err_min[eps0]=4.19e-01][A
  GD waterbirds_erm_rn50_train:  55%|█████▍    | 1091000/2000000 [04:40<04:53, 3096.82step/s, z=5e+04 err_min[eps0]=4.19e-01][A
  GD waterbirds_erm_rn50_train:  55%|█████▍    | 1093000/2000000 [04:41<04:53, 3091.44step/s, z=5e+04 err_min[eps0]=4.19e-01][A
  GD waterbirds_erm_rn50_train:  55%|█████▍    | 1095000/2000000 [04:42<04:48, 3136.02step/s, z=5e+04 err_min[eps0]=4.19e-01][A
  GD waterbirds_erm_rn50_train:  55%|█████▍    | 1099000/2000000 [04:42<03:38, 4120.69step/s, z=5e+04 err_min[eps0]=4.19e-01][A
  GD waterbirds_erm_rn50_train:  55%|█████▌    | 1102000/2000000 [04:43<03:34, 4195.00step/s, z=5e+04 err_min[eps0]=4.19e-01][A
  GD waterbirds_erm_rn50_train:  55%|█████▌    | 1105000/2000000 [04:44<03:57, 3761.31step/s, z=5e+04 err_min[eps0]=4.19e-01][A
  GD waterbirds_erm_rn50_train:  55%|█████▌    | 1107000/2000000 [04:45<04:07, 3603.32step/s, z=5e+04 err_min[eps0]=4.19e-01][A
  GD waterbirds_erm_rn50_train:  55%|█████▌    | 1109000/2000000 [04:45<04:17, 3457.27step/s, z=5e+04 err_min[eps0]=4.19e-01][A
  GD waterbirds_erm_rn50_train:  56%|█████▌    | 1111000/2000000 [04:46<04:24, 3355.59step/s, z=5e+04 err_min[eps0]=4.19e-01][A
  GD waterbirds_erm_rn50_train:  56%|█████▌    | 1113000/2000000 [04:47<04:27, 3315.85step/s, z=5e+04 err_min[eps0]=4.19e-01][A
  GD waterbirds_erm_rn50_train:  56%|█████▌    | 1115000/2000000 [04:47<04:32, 3247.92step/s, z=5e+04 err_min[eps0]=4.19e-01][A
  GD waterbirds_erm_rn50_train:  56%|█████▌    | 1117000/2000000 [04:48<04:35, 3203.29step/s, z=5e+04 err_min[eps0]=4.19e-01][A
  GD waterbirds_erm_rn50_train:  56%|█████▌    | 1119000/2000000 [04:48<04:35, 3201.94step/s, z=5e+04 err_min[eps0]=4.19e-01][A
  GD waterbirds_erm_rn50_train:  56%|█████▌    | 1121000/2000000 [04:49<04:31, 3240.18step/s, z=5e+04 err_min[eps0]=4.19e-01][A
  GD waterbirds_erm_rn50_train:  56%|█████▌    | 1123000/2000000 [04:50<04:37, 3158.53step/s, z=5e+04 err_min[eps0]=4.19e-01][A
  GD waterbirds_erm_rn50_train:  56%|█████▋    | 1125000/2000000 [04:50<04:33, 3200.44step/s, z=5e+04 err_min[eps0]=4.19e-01][A
  GD waterbirds_erm_rn50_train:  56%|█████▋    | 1127000/2000000 [04:51<04:29, 3242.30step/s, z=5e+04 err_min[eps0]=4.19e-01][A
  GD waterbirds_erm_rn50_train:  56%|█████▋    | 1129000/2000000 [04:52<04:26, 3273.75step/s, z=5e+04 err_min[eps0]=4.19e-01][A
  GD waterbirds_erm_rn50_train:  57%|█████▋    | 1131000/2000000 [04:52<04:19, 3342.85step/s, z=5e+04 err_min[eps0]=4.19e-01][A
  GD waterbirds_erm_rn50_train:  57%|█████▋    | 1133000/2000000 [04:53<04:19, 3342.99step/s, z=5e+04 err_min[eps0]=4.19e-01][A
  GD waterbirds_erm_rn50_train:  57%|█████▋    | 1135000/2000000 [04:53<04:19, 3331.56step/s, z=5e+04 err_min[eps0]=4.19e-01][A
  GD waterbirds_erm_rn50_train:  57%|█████▋    | 1137000/2000000 [04:54<04:22, 3284.51step/s, z=5e+04 err_min[eps0]=4.19e-01][A
  GD waterbirds_erm_rn50_train:  57%|█████▋    | 1139000/2000000 [04:55<04:21, 3297.58step/s, z=5e+04 err_min[eps0]=4.19e-01][A
  GD waterbirds_erm_rn50_train:  57%|█████▋    | 1140000/2000000 [04:55<04:20, 3297.58step/s, z=5.7e+04 err_min[eps0]=4.13e-01][A
  GD waterbirds_erm_rn50_train:  57%|█████▋    | 1141000/2000000 [04:55<04:19, 3304.23step/s, z=5.7e+04 err_min[eps0]=4.13e-01][A
  GD waterbirds_erm_rn50_train:  57%|█████▋    | 1143000/2000000 [04:56<04:22, 3265.49step/s, z=5.7e+04 err_min[eps0]=4.13e-01][A
  GD waterbirds_erm_rn50_train:  57%|█████▋    | 1145000/2000000 [04:56<04:26, 3214.14step/s, z=5.7e+04 err_min[eps0]=4.13e-01][A
  GD waterbirds_erm_rn50_train:  57%|█████▋    | 1147000/2000000 [04:57<04:25, 3212.47step/s, z=5.7e+04 err_min[eps0]=4.13e-01][A
  GD waterbirds_erm_rn50_train:  57%|█████▋    | 1149000/2000000 [04:58<04:22, 3244.93step/s, z=5.7e+04 err_min[eps0]=4.13e-01][A
  GD waterbirds_erm_rn50_train:  58%|█████▊    | 1151000/2000000 [04:58<04:21, 3247.76step/s, z=5.7e+04 err_min[eps0]=4.13e-01][A
  GD waterbirds_erm_rn50_train:  58%|█████▊    | 1153000/2000000 [04:59<04:21, 3242.08step/s, z=5.7e+04 err_min[eps0]=4.13e-01][A
  GD waterbirds_erm_rn50_train:  58%|█████▊    | 1155000/2000000 [05:00<04:18, 3268.28step/s, z=5.7e+04 err_min[eps0]=4.13e-01][A
  GD waterbirds_erm_rn50_train:  58%|█████▊    | 1157000/2000000 [05:00<04:17, 3278.79step/s, z=5.7e+04 err_min[eps0]=4.13e-01][A
  GD waterbirds_erm_rn50_train:  58%|█████▊    | 1159000/2000000 [05:01<04:25, 3169.22step/s, z=5.7e+04 err_min[eps0]=4.13e-01][A
  GD waterbirds_erm_rn50_train:  58%|█████▊    | 1161000/2000000 [05:01<04:19, 3229.06step/s, z=5.7e+04 err_min[eps0]=4.13e-01][A
  GD waterbirds_erm_rn50_train:  58%|█████▊    | 1163000/2000000 [05:02<04:23, 3170.71step/s, z=5.7e+04 err_min[eps0]=4.13e-01][A
  GD waterbirds_erm_rn50_train:  58%|█████▊    | 1165000/2000000 [05:03<04:23, 3173.36step/s, z=5.7e+04 err_min[eps0]=4.13e-01][A
  GD waterbirds_erm_rn50_train:  58%|█████▊    | 1167000/2000000 [05:03<04:22, 3177.50step/s, z=5.7e+04 err_min[eps0]=4.13e-01][A
  GD waterbirds_erm_rn50_train:  58%|█████▊    | 1169000/2000000 [05:04<04:16, 3236.89step/s, z=5.7e+04 err_min[eps0]=4.13e-01][A
  GD waterbirds_erm_rn50_train:  59%|█████▊    | 1171000/2000000 [05:05<04:18, 3206.18step/s, z=5.7e+04 err_min[eps0]=4.13e-01][A
  GD waterbirds_erm_rn50_train:  59%|█████▊    | 1173000/2000000 [05:05<04:16, 3220.27step/s, z=5.7e+04 err_min[eps0]=4.13e-01][A
  GD waterbirds_erm_rn50_train:  59%|█████▉    | 1176000/2000000 [05:06<03:46, 3637.55step/s, z=5.7e+04 err_min[eps0]=4.13e-01][A
  GD waterbirds_erm_rn50_train:  59%|█████▉    | 1179000/2000000 [05:06<03:14, 4215.57step/s, z=5.7e+04 err_min[eps0]=4.13e-01][A
  GD waterbirds_erm_rn50_train:  59%|█████▉    | 1183000/2000000 [05:07<02:51, 4756.28step/s, z=5.7e+04 err_min[eps0]=4.13e-01][A
  GD waterbirds_erm_rn50_train:  59%|█████▉    | 1186000/2000000 [05:08<02:42, 5003.59step/s, z=5.7e+04 err_min[eps0]=4.13e-01][A
  GD waterbirds_erm_rn50_train:  59%|█████▉    | 1189000/2000000 [05:08<03:06, 4356.65step/s, z=5.7e+04 err_min[eps0]=4.13e-01][A
  GD waterbirds_erm_rn50_train:  60%|█████▉    | 1192000/2000000 [05:09<03:24, 3945.15step/s, z=5.7e+04 err_min[eps0]=4.13e-01][A
  GD waterbirds_erm_rn50_train:  60%|█████▉    | 1195000/2000000 [05:10<03:34, 3760.34step/s, z=5.7e+04 err_min[eps0]=4.13e-01][A
  GD waterbirds_erm_rn50_train:  60%|█████▉    | 1197000/2000000 [05:11<03:40, 3640.60step/s, z=5.7e+04 err_min[eps0]=4.13e-01][A
  GD waterbirds_erm_rn50_train:  60%|█████▉    | 1199000/2000000 [05:11<03:45, 3558.54step/s, z=5.7e+04 err_min[eps0]=4.13e-01][A
  GD waterbirds_erm_rn50_train:  60%|██████    | 1201000/2000000 [05:12<03:46, 3529.37step/s, z=5.7e+04 err_min[eps0]=4.13e-01][A
  GD waterbirds_erm_rn50_train:  60%|██████    | 1203000/2000000 [05:13<03:48, 3487.75step/s, z=5.7e+04 err_min[eps0]=4.13e-01][A
  GD waterbirds_erm_rn50_train:  60%|██████    | 1205000/2000000 [05:13<03:52, 3420.14step/s, z=5.7e+04 err_min[eps0]=4.13e-01][A
  GD waterbirds_erm_rn50_train:  60%|██████    | 1207000/2000000 [05:14<03:58, 3322.84step/s, z=5.7e+04 err_min[eps0]=4.13e-01][A
  GD waterbirds_erm_rn50_train:  60%|██████    | 1209000/2000000 [05:14<04:00, 3294.89step/s, z=5.7e+04 err_min[eps0]=4.13e-01][A
  GD waterbirds_erm_rn50_train:  61%|██████    | 1211000/2000000 [05:15<03:59, 3295.44step/s, z=5.7e+04 err_min[eps0]=4.13e-01][A
  GD waterbirds_erm_rn50_train:  61%|██████    | 1213000/2000000 [05:16<03:57, 3309.64step/s, z=5.7e+04 err_min[eps0]=4.13e-01][A
  GD waterbirds_erm_rn50_train:  61%|██████    | 1215000/2000000 [05:16<03:58, 3298.00step/s, z=5.7e+04 err_min[eps0]=4.13e-01][A
  GD waterbirds_erm_rn50_train:  61%|██████    | 1217000/2000000 [05:17<03:53, 3353.40step/s, z=5.7e+04 err_min[eps0]=4.13e-01][A
  GD waterbirds_erm_rn50_train:  61%|██████    | 1219000/2000000 [05:18<03:56, 3299.32step/s, z=5.7e+04 err_min[eps0]=4.13e-01][A
  GD waterbirds_erm_rn50_train:  61%|██████    | 1221000/2000000 [05:18<03:57, 3279.49step/s, z=5.7e+04 err_min[eps0]=4.13e-01][A
  GD waterbirds_erm_rn50_train:  61%|██████    | 1223000/2000000 [05:19<04:00, 3226.41step/s, z=5.7e+04 err_min[eps0]=4.13e-01][A
  GD waterbirds_erm_rn50_train:  61%|██████▏   | 1225000/2000000 [05:19<03:59, 3232.18step/s, z=5.7e+04 err_min[eps0]=4.13e-01][A
  GD waterbirds_erm_rn50_train:  61%|██████▏   | 1227000/2000000 [05:20<03:56, 3262.51step/s, z=5.7e+04 err_min[eps0]=4.13e-01][A
  GD waterbirds_erm_rn50_train:  61%|██████▏   | 1229000/2000000 [05:21<03:56, 3255.20step/s, z=5.7e+04 err_min[eps0]=4.13e-01][A
  GD waterbirds_erm_rn50_train:  62%|██████▏   | 1231000/2000000 [05:21<03:55, 3261.01step/s, z=5.7e+04 err_min[eps0]=4.13e-01][A
  GD waterbirds_erm_rn50_train:  62%|██████▏   | 1233000/2000000 [05:22<04:00, 3193.38step/s, z=5.7e+04 err_min[eps0]=4.13e-01][A
  GD waterbirds_erm_rn50_train:  62%|██████▏   | 1235000/2000000 [05:22<03:57, 3219.09step/s, z=5.7e+04 err_min[eps0]=4.13e-01][A
  GD waterbirds_erm_rn50_train:  62%|██████▏   | 1237000/2000000 [05:23<03:57, 3215.30step/s, z=5.7e+04 err_min[eps0]=4.13e-01][A
  GD waterbirds_erm_rn50_train:  62%|██████▏   | 1239000/2000000 [05:24<03:57, 3197.86step/s, z=5.7e+04 err_min[eps0]=4.13e-01][A
  GD waterbirds_erm_rn50_train:  62%|██████▏   | 1241000/2000000 [05:24<04:04, 3101.64step/s, z=5.7e+04 err_min[eps0]=4.13e-01][A
  GD waterbirds_erm_rn50_train:  62%|██████▏   | 1243000/2000000 [05:25<03:58, 3179.19step/s, z=5.7e+04 err_min[eps0]=4.13e-01][A
  GD waterbirds_erm_rn50_train:  62%|██████▏   | 1245000/2000000 [05:26<03:57, 3173.66step/s, z=5.7e+04 err_min[eps0]=4.13e-01][A
  GD waterbirds_erm_rn50_train:  62%|██████▏   | 1247000/2000000 [05:26<03:58, 3161.66step/s, z=5.7e+04 err_min[eps0]=4.13e-01][A
  GD waterbirds_erm_rn50_train:  62%|██████▏   | 1249000/2000000 [05:27<03:54, 3207.85step/s, z=5.7e+04 err_min[eps0]=4.13e-01][A
  GD waterbirds_erm_rn50_train:  63%|██████▎   | 1251000/2000000 [05:28<03:59, 3129.07step/s, z=5.7e+04 err_min[eps0]=4.13e-01][A
  GD waterbirds_erm_rn50_train:  63%|██████▎   | 1253000/2000000 [05:28<03:54, 3185.77step/s, z=5.7e+04 err_min[eps0]=4.13e-01][A
  GD waterbirds_erm_rn50_train:  63%|██████▎   | 1255000/2000000 [05:29<03:52, 3201.51step/s, z=5.7e+04 err_min[eps0]=4.13e-01][A
  GD waterbirds_erm_rn50_train:  63%|██████▎   | 1257000/2000000 [05:29<03:52, 3195.36step/s, z=5.7e+04 err_min[eps0]=4.13e-01][A
  GD waterbirds_erm_rn50_train:  63%|██████▎   | 1259000/2000000 [05:30<03:56, 3126.98step/s, z=5.7e+04 err_min[eps0]=4.13e-01][A
  GD waterbirds_erm_rn50_train:  63%|██████▎   | 1260000/2000000 [05:30<03:56, 3126.98step/s, z=6.3e+04 err_min[eps0]=4.06e-01][A
  GD waterbirds_erm_rn50_train:  63%|██████▎   | 1262000/2000000 [05:31<03:22, 3636.40step/s, z=6.3e+04 err_min[eps0]=4.06e-01][A
  GD waterbirds_erm_rn50_train:  63%|██████▎   | 1265000/2000000 [05:31<02:57, 4149.48step/s, z=6.3e+04 err_min[eps0]=4.06e-01][A
  GD waterbirds_erm_rn50_train:  63%|██████▎   | 1268000/2000000 [05:32<03:10, 3833.38step/s, z=6.3e+04 err_min[eps0]=4.06e-01][A
  GD waterbirds_erm_rn50_train:  64%|██████▎   | 1270000/2000000 [05:33<03:16, 3714.64step/s, z=6.3e+04 err_min[eps0]=4.06e-01][A
  GD waterbirds_erm_rn50_train:  64%|██████▎   | 1272000/2000000 [05:33<03:25, 3546.72step/s, z=6.3e+04 err_min[eps0]=4.06e-01][A
  GD waterbirds_erm_rn50_train:  64%|██████▎   | 1274000/2000000 [05:34<03:28, 3478.82step/s, z=6.3e+04 err_min[eps0]=4.06e-01][A
  GD waterbirds_erm_rn50_train:  64%|██████▍   | 1276000/2000000 [05:35<03:30, 3441.54step/s, z=6.3e+04 err_min[eps0]=4.06e-01][A
  GD waterbirds_erm_rn50_train:  64%|██████▍   | 1278000/2000000 [05:35<03:31, 3415.50step/s, z=6.3e+04 err_min[eps0]=4.06e-01][A
  GD waterbirds_erm_rn50_train:  64%|██████▍   | 1280000/2000000 [05:36<03:43, 3216.92step/s, z=6.3e+04 err_min[eps0]=4.06e-01][A
  GD waterbirds_erm_rn50_train:  64%|██████▍   | 1282000/2000000 [05:36<03:37, 3296.61step/s, z=6.3e+04 err_min[eps0]=4.06e-01][A
  GD waterbirds_erm_rn50_train:  64%|██████▍   | 1284000/2000000 [05:37<03:36, 3312.38step/s, z=6.3e+04 err_min[eps0]=4.06e-01][A
  GD waterbirds_erm_rn50_train:  64%|██████▍   | 1286000/2000000 [05:38<03:37, 3280.94step/s, z=6.3e+04 err_min[eps0]=4.06e-01][A
  GD waterbirds_erm_rn50_train:  64%|██████▍   | 1288000/2000000 [05:38<03:32, 3350.49step/s, z=6.3e+04 err_min[eps0]=4.06e-01][A
  GD waterbirds_erm_rn50_train:  64%|██████▍   | 1290000/2000000 [05:39<03:35, 3289.35step/s, z=6.3e+04 err_min[eps0]=4.06e-01][A
  GD waterbirds_erm_rn50_train:  65%|██████▍   | 1292000/2000000 [05:39<03:35, 3289.64step/s, z=6.3e+04 err_min[eps0]=4.06e-01][A
  GD waterbirds_erm_rn50_train:  65%|██████▍   | 1294000/2000000 [05:40<03:26, 3412.04step/s, z=6.3e+04 err_min[eps0]=4.06e-01][A
  GD waterbirds_erm_rn50_train:  65%|██████▍   | 1296000/2000000 [05:41<03:30, 3351.76step/s, z=6.3e+04 err_min[eps0]=4.06e-01][A
  GD waterbirds_erm_rn50_train:  65%|██████▍   | 1298000/2000000 [05:41<03:24, 3426.44step/s, z=6.3e+04 err_min[eps0]=4.06e-01][A
  GD waterbirds_erm_rn50_train:  65%|██████▌   | 1300000/2000000 [05:42<03:27, 3376.56step/s, z=6.3e+04 err_min[eps0]=4.06e-01][A
  GD waterbirds_erm_rn50_train:  65%|██████▌   | 1302000/2000000 [05:42<03:28, 3343.68step/s, z=6.3e+04 err_min[eps0]=4.06e-01][A
  GD waterbirds_erm_rn50_train:  65%|██████▌   | 1304000/2000000 [05:43<03:30, 3302.03step/s, z=6.3e+04 err_min[eps0]=4.06e-01][A
  GD waterbirds_erm_rn50_train:  65%|██████▌   | 1306000/2000000 [05:44<03:33, 3254.18step/s, z=6.3e+04 err_min[eps0]=4.06e-01][A
  GD waterbirds_erm_rn50_train:  65%|██████▌   | 1308000/2000000 [05:44<03:32, 3254.65step/s, z=6.3e+04 err_min[eps0]=4.06e-01][A
  GD waterbirds_erm_rn50_train:  66%|██████▌   | 1310000/2000000 [05:45<03:30, 3280.64step/s, z=6.3e+04 err_min[eps0]=4.06e-01][A
  GD waterbirds_erm_rn50_train:  66%|██████▌   | 1312000/2000000 [05:45<03:28, 3292.96step/s, z=6.3e+04 err_min[eps0]=4.06e-01][A
  GD waterbirds_erm_rn50_train:  66%|██████▌   | 1314000/2000000 [05:46<03:27, 3304.52step/s, z=6.3e+04 err_min[eps0]=4.06e-01][A
  GD waterbirds_erm_rn50_train:  66%|██████▌   | 1316000/2000000 [05:47<03:28, 3281.55step/s, z=6.3e+04 err_min[eps0]=4.06e-01][A
  GD waterbirds_erm_rn50_train:  66%|██████▌   | 1318000/2000000 [05:47<03:27, 3284.42step/s, z=6.3e+04 err_min[eps0]=4.06e-01][A
  GD waterbirds_erm_rn50_train:  66%|██████▌   | 1320000/2000000 [05:48<03:24, 3326.13step/s, z=6.3e+04 err_min[eps0]=4.06e-01][A
  GD waterbirds_erm_rn50_train:  66%|██████▌   | 1322000/2000000 [05:49<03:24, 3312.80step/s, z=6.3e+04 err_min[eps0]=4.06e-01][A
  GD waterbirds_erm_rn50_train:  66%|██████▌   | 1324000/2000000 [05:49<03:22, 3331.93step/s, z=6.3e+04 err_min[eps0]=4.06e-01][A
  GD waterbirds_erm_rn50_train:  66%|██████▋   | 1326000/2000000 [05:50<03:19, 3382.43step/s, z=6.3e+04 err_min[eps0]=4.06e-01][A
  GD waterbirds_erm_rn50_train:  66%|██████▋   | 1328000/2000000 [05:50<03:19, 3365.25step/s, z=6.3e+04 err_min[eps0]=4.06e-01][A
  GD waterbirds_erm_rn50_train:  66%|██████▋   | 1330000/2000000 [05:51<03:17, 3395.89step/s, z=6.3e+04 err_min[eps0]=4.06e-01][A
  GD waterbirds_erm_rn50_train:  67%|██████▋   | 1332000/2000000 [05:51<03:16, 3397.55step/s, z=6.3e+04 err_min[eps0]=4.06e-01][A
  GD waterbirds_erm_rn50_train:  67%|██████▋   | 1334000/2000000 [05:52<03:16, 3382.38step/s, z=6.3e+04 err_min[eps0]=4.06e-01][A
  GD waterbirds_erm_rn50_train:  67%|██████▋   | 1336000/2000000 [05:53<03:16, 3372.85step/s, z=6.3e+04 err_min[eps0]=4.06e-01][A
  GD waterbirds_erm_rn50_train:  67%|██████▋   | 1338000/2000000 [05:53<03:20, 3294.56step/s, z=6.3e+04 err_min[eps0]=4.06e-01][A
  GD waterbirds_erm_rn50_train:  67%|██████▋   | 1340000/2000000 [05:54<03:21, 3283.12step/s, z=6.3e+04 err_min[eps0]=4.06e-01][A
  GD waterbirds_erm_rn50_train:  67%|██████▋   | 1342000/2000000 [05:55<03:21, 3259.95step/s, z=6.3e+04 err_min[eps0]=4.06e-01][A
  GD waterbirds_erm_rn50_train:  67%|██████▋   | 1344000/2000000 [05:55<03:26, 3181.76step/s, z=6.3e+04 err_min[eps0]=4.06e-01][A
  GD waterbirds_erm_rn50_train:  67%|██████▋   | 1346000/2000000 [05:56<03:17, 3309.26step/s, z=6.3e+04 err_min[eps0]=4.06e-01][A
  GD waterbirds_erm_rn50_train:  68%|██████▊   | 1350000/2000000 [05:56<02:32, 4272.77step/s, z=6.3e+04 err_min[eps0]=4.06e-01][A
  GD waterbirds_erm_rn50_train:  68%|██████▊   | 1353000/2000000 [05:57<02:50, 3796.09step/s, z=6.3e+04 err_min[eps0]=4.06e-01][A
  GD waterbirds_erm_rn50_train:  68%|██████▊   | 1355000/2000000 [05:58<02:57, 3626.77step/s, z=6.3e+04 err_min[eps0]=4.06e-01][A
  GD waterbirds_erm_rn50_train:  68%|██████▊   | 1357000/2000000 [05:59<03:10, 3382.27step/s, z=6.3e+04 err_min[eps0]=4.06e-01][A
  GD waterbirds_erm_rn50_train:  68%|██████▊   | 1359000/2000000 [05:59<03:15, 3281.24step/s, z=6.3e+04 err_min[eps0]=4.06e-01][A
  GD waterbirds_erm_rn50_train:  68%|██████▊   | 1361000/2000000 [06:00<03:12, 3314.90step/s, z=6.3e+04 err_min[eps0]=4.06e-01][A
  GD waterbirds_erm_rn50_train:  68%|██████▊   | 1363000/2000000 [06:00<03:10, 3344.43step/s, z=6.3e+04 err_min[eps0]=4.06e-01][A
  GD waterbirds_erm_rn50_train:  68%|██████▊   | 1365000/2000000 [06:01<03:09, 3357.22step/s, z=6.3e+04 err_min[eps0]=4.06e-01][A
  GD waterbirds_erm_rn50_train:  68%|██████▊   | 1367000/2000000 [06:02<03:11, 3300.91step/s, z=6.3e+04 err_min[eps0]=4.06e-01][A
  GD waterbirds_erm_rn50_train:  68%|██████▊   | 1369000/2000000 [06:02<03:08, 3341.69step/s, z=6.3e+04 err_min[eps0]=4.06e-01][A
  GD waterbirds_erm_rn50_train:  69%|██████▊   | 1371000/2000000 [06:03<03:04, 3407.21step/s, z=6.3e+04 err_min[eps0]=4.06e-01][A
  GD waterbirds_erm_rn50_train:  69%|██████▊   | 1373000/2000000 [06:03<03:08, 3325.15step/s, z=6.3e+04 err_min[eps0]=4.06e-01][A
  GD waterbirds_erm_rn50_train:  69%|██████▉   | 1375000/2000000 [06:04<03:08, 3324.08step/s, z=6.3e+04 err_min[eps0]=4.06e-01][A
  GD waterbirds_erm_rn50_train:  69%|██████▉   | 1377000/2000000 [06:05<03:07, 3326.39step/s, z=6.3e+04 err_min[eps0]=4.06e-01][A
  GD waterbirds_erm_rn50_train:  69%|██████▉   | 1379000/2000000 [06:05<03:02, 3401.71step/s, z=6.3e+04 err_min[eps0]=4.06e-01][A
  GD waterbirds_erm_rn50_train:  69%|██████▉   | 1381000/2000000 [06:06<02:59, 3452.05step/s, z=6.3e+04 err_min[eps0]=4.06e-01][A
  GD waterbirds_erm_rn50_train:  69%|██████▉   | 1383000/2000000 [06:06<02:59, 3443.94step/s, z=6.3e+04 err_min[eps0]=4.06e-01][A
  GD waterbirds_erm_rn50_train:  69%|██████▉   | 1385000/2000000 [06:07<03:00, 3410.80step/s, z=6.3e+04 err_min[eps0]=4.06e-01][A
  GD waterbirds_erm_rn50_train:  69%|██████▉   | 1387000/2000000 [06:08<03:00, 3393.47step/s, z=6.3e+04 err_min[eps0]=4.06e-01][A
  GD waterbirds_erm_rn50_train:  69%|██████▉   | 1389000/2000000 [06:08<03:01, 3373.60step/s, z=6.3e+04 err_min[eps0]=4.06e-01][A
  GD waterbirds_erm_rn50_train:  70%|██████▉   | 1391000/2000000 [06:09<02:57, 3434.29step/s, z=6.3e+04 err_min[eps0]=4.06e-01][A
  GD waterbirds_erm_rn50_train:  70%|██████▉   | 1393000/2000000 [06:09<03:02, 3333.45step/s, z=6.3e+04 err_min[eps0]=4.06e-01][A
  GD waterbirds_erm_rn50_train:  70%|██████▉   | 1395000/2000000 [06:10<02:57, 3417.77step/s, z=6.3e+04 err_min[eps0]=4.06e-01][A
  GD waterbirds_erm_rn50_train:  70%|██████▉   | 1397000/2000000 [06:10<02:55, 3432.94step/s, z=6.3e+04 err_min[eps0]=4.06e-01][A
  GD waterbirds_erm_rn50_train:  70%|██████▉   | 1399000/2000000 [06:11<02:56, 3397.21step/s, z=6.3e+04 err_min[eps0]=4.06e-01][A
  GD waterbirds_erm_rn50_train:  70%|███████   | 1401000/2000000 [06:12<02:59, 3346.24step/s, z=6.3e+04 err_min[eps0]=4.06e-01][A
  GD waterbirds_erm_rn50_train:  70%|███████   | 1403000/2000000 [06:12<02:54, 3424.47step/s, z=6.3e+04 err_min[eps0]=4.06e-01][A
  GD waterbirds_erm_rn50_train:  70%|███████   | 1405000/2000000 [06:13<02:49, 3500.97step/s, z=6.3e+04 err_min[eps0]=4.06e-01][A
  GD waterbirds_erm_rn50_train:  70%|███████   | 1407000/2000000 [06:13<02:51, 3455.22step/s, z=6.3e+04 err_min[eps0]=4.06e-01][A
  GD waterbirds_erm_rn50_train:  70%|███████   | 1409000/2000000 [06:14<02:50, 3468.62step/s, z=6.3e+04 err_min[eps0]=4.06e-01][A
  GD waterbirds_erm_rn50_train:  71%|███████   | 1411000/2000000 [06:15<02:47, 3526.11step/s, z=6.3e+04 err_min[eps0]=4.06e-01][A
  GD waterbirds_erm_rn50_train:  71%|███████   | 1413000/2000000 [06:15<02:55, 3343.90step/s, z=6.3e+04 err_min[eps0]=4.06e-01][A
  GD waterbirds_erm_rn50_train:  71%|███████   | 1415000/2000000 [06:16<02:56, 3314.96step/s, z=6.3e+04 err_min[eps0]=4.06e-01][A
  GD waterbirds_erm_rn50_train:  71%|███████   | 1417000/2000000 [06:16<02:56, 3304.98step/s, z=6.3e+04 err_min[eps0]=4.06e-01][A
  GD waterbirds_erm_rn50_train:  71%|███████   | 1419000/2000000 [06:17<02:56, 3289.35step/s, z=6.3e+04 err_min[eps0]=4.06e-01][A
  GD waterbirds_erm_rn50_train:  71%|███████   | 1420000/2000000 [06:17<02:56, 3289.35step/s, z=7.1e+04 err_min[eps0]=4.00e-01][A
  GD waterbirds_erm_rn50_train:  71%|███████   | 1421000/2000000 [06:18<02:52, 3349.10step/s, z=7.1e+04 err_min[eps0]=4.00e-01][A
  GD waterbirds_erm_rn50_train:  71%|███████   | 1423000/2000000 [06:18<02:51, 3372.66step/s, z=7.1e+04 err_min[eps0]=4.00e-01][A
  GD waterbirds_erm_rn50_train:  71%|███████▏  | 1425000/2000000 [06:19<02:52, 3341.12step/s, z=7.1e+04 err_min[eps0]=4.00e-01][A
  GD waterbirds_erm_rn50_train:  71%|███████▏  | 1427000/2000000 [06:19<02:52, 3325.57step/s, z=7.1e+04 err_min[eps0]=4.00e-01][A
  GD waterbirds_erm_rn50_train:  71%|███████▏  | 1429000/2000000 [06:20<02:54, 3280.70step/s, z=7.1e+04 err_min[eps0]=4.00e-01][A
  GD waterbirds_erm_rn50_train:  72%|███████▏  | 1431000/2000000 [06:21<02:55, 3241.57step/s, z=7.1e+04 err_min[eps0]=4.00e-01][A
  GD waterbirds_erm_rn50_train:  72%|███████▏  | 1433000/2000000 [06:21<02:54, 3241.73step/s, z=7.1e+04 err_min[eps0]=4.00e-01][A
  GD waterbirds_erm_rn50_train:  72%|███████▏  | 1437000/2000000 [06:22<02:15, 4159.88step/s, z=7.1e+04 err_min[eps0]=4.00e-01][A
  GD waterbirds_erm_rn50_train:  72%|███████▏  | 1440000/2000000 [06:23<02:10, 4276.65step/s, z=7.1e+04 err_min[eps0]=4.00e-01][A
  GD waterbirds_erm_rn50_train:  72%|███████▏  | 1443000/2000000 [06:23<02:15, 4120.18step/s, z=7.1e+04 err_min[eps0]=4.00e-01][A
  GD waterbirds_erm_rn50_train:  72%|███████▏  | 1446000/2000000 [06:24<02:24, 3821.11step/s, z=7.1e+04 err_min[eps0]=4.00e-01][A
  GD waterbirds_erm_rn50_train:  72%|███████▏  | 1448000/2000000 [06:25<02:30, 3673.89step/s, z=7.1e+04 err_min[eps0]=4.00e-01][A
  GD waterbirds_erm_rn50_train:  72%|███████▎  | 1450000/2000000 [06:26<02:34, 3563.52step/s, z=7.1e+04 err_min[eps0]=4.00e-01][A
  GD waterbirds_erm_rn50_train:  73%|███████▎  | 1452000/2000000 [06:26<02:40, 3406.00step/s, z=7.1e+04 err_min[eps0]=4.00e-01][A
  GD waterbirds_erm_rn50_train:  73%|███████▎  | 1454000/2000000 [06:27<02:40, 3392.25step/s, z=7.1e+04 err_min[eps0]=4.00e-01][A
  GD waterbirds_erm_rn50_train:  73%|███████▎  | 1456000/2000000 [06:27<02:41, 3373.26step/s, z=7.1e+04 err_min[eps0]=4.00e-01][A
  GD waterbirds_erm_rn50_train:  73%|███████▎  | 1458000/2000000 [06:28<02:44, 3303.36step/s, z=7.1e+04 err_min[eps0]=4.00e-01][A
  GD waterbirds_erm_rn50_train:  73%|███████▎  | 1460000/2000000 [06:29<02:42, 3328.87step/s, z=7.1e+04 err_min[eps0]=4.00e-01][A
  GD waterbirds_erm_rn50_train:  73%|███████▎  | 1462000/2000000 [06:29<02:43, 3286.90step/s, z=7.1e+04 err_min[eps0]=4.00e-01][A
  GD waterbirds_erm_rn50_train:  73%|███████▎  | 1464000/2000000 [06:30<02:50, 3144.93step/s, z=7.1e+04 err_min[eps0]=4.00e-01][A
  GD waterbirds_erm_rn50_train:  73%|███████▎  | 1466000/2000000 [06:31<02:53, 3079.02step/s, z=7.1e+04 err_min[eps0]=4.00e-01][A
  GD waterbirds_erm_rn50_train:  73%|███████▎  | 1468000/2000000 [06:31<02:50, 3119.99step/s, z=7.1e+04 err_min[eps0]=4.00e-01][A
  GD waterbirds_erm_rn50_train:  74%|███████▎  | 1470000/2000000 [06:32<02:50, 3105.76step/s, z=7.1e+04 err_min[eps0]=4.00e-01][A
  GD waterbirds_erm_rn50_train:  74%|███████▎  | 1472000/2000000 [06:33<02:49, 3122.33step/s, z=7.1e+04 err_min[eps0]=4.00e-01][A
  GD waterbirds_erm_rn50_train:  74%|███████▎  | 1474000/2000000 [06:33<02:46, 3152.23step/s, z=7.1e+04 err_min[eps0]=4.00e-01][A
  GD waterbirds_erm_rn50_train:  74%|███████▍  | 1476000/2000000 [06:34<02:44, 3190.34step/s, z=7.1e+04 err_min[eps0]=4.00e-01][A
  GD waterbirds_erm_rn50_train:  74%|███████▍  | 1478000/2000000 [06:34<02:39, 3278.94step/s, z=7.1e+04 err_min[eps0]=4.00e-01][A
  GD waterbirds_erm_rn50_train:  74%|███████▍  | 1480000/2000000 [06:35<02:38, 3288.06step/s, z=7.1e+04 err_min[eps0]=4.00e-01][A
  GD waterbirds_erm_rn50_train:  74%|███████▍  | 1482000/2000000 [06:36<02:41, 3216.56step/s, z=7.1e+04 err_min[eps0]=4.00e-01][A
  GD waterbirds_erm_rn50_train:  74%|███████▍  | 1484000/2000000 [06:36<02:36, 3303.37step/s, z=7.1e+04 err_min[eps0]=4.00e-01][A
  GD waterbirds_erm_rn50_train:  74%|███████▍  | 1486000/2000000 [06:37<02:32, 3381.17step/s, z=7.1e+04 err_min[eps0]=4.00e-01][A
  GD waterbirds_erm_rn50_train:  74%|███████▍  | 1488000/2000000 [06:37<02:33, 3334.44step/s, z=7.1e+04 err_min[eps0]=4.00e-01][A
  GD waterbirds_erm_rn50_train:  74%|███████▍  | 1490000/2000000 [06:38<02:37, 3248.21step/s, z=7.1e+04 err_min[eps0]=4.00e-01][A
  GD waterbirds_erm_rn50_train:  75%|███████▍  | 1492000/2000000 [06:39<02:35, 3262.35step/s, z=7.1e+04 err_min[eps0]=4.00e-01][A
  GD waterbirds_erm_rn50_train:  75%|███████▍  | 1494000/2000000 [06:39<02:33, 3293.63step/s, z=7.1e+04 err_min[eps0]=4.00e-01][A
  GD waterbirds_erm_rn50_train:  75%|███████▍  | 1496000/2000000 [06:40<02:32, 3307.78step/s, z=7.1e+04 err_min[eps0]=4.00e-01][A
  GD waterbirds_erm_rn50_train:  75%|███████▍  | 1498000/2000000 [06:40<02:29, 3355.79step/s, z=7.1e+04 err_min[eps0]=4.00e-01][A
  GD waterbirds_erm_rn50_train:  75%|███████▌  | 1500000/2000000 [06:41<02:31, 3300.62step/s, z=7.1e+04 err_min[eps0]=4.00e-01][A
  GD waterbirds_erm_rn50_train:  75%|███████▌  | 1502000/2000000 [06:42<02:30, 3304.04step/s, z=7.1e+04 err_min[eps0]=4.00e-01][A
  GD waterbirds_erm_rn50_train:  75%|███████▌  | 1504000/2000000 [06:42<02:29, 3325.60step/s, z=7.1e+04 err_min[eps0]=4.00e-01][A
  GD waterbirds_erm_rn50_train:  75%|███████▌  | 1506000/2000000 [06:43<02:31, 3262.22step/s, z=7.1e+04 err_min[eps0]=4.00e-01][A
  GD waterbirds_erm_rn50_train:  75%|███████▌  | 1508000/2000000 [06:43<02:30, 3271.52step/s, z=7.1e+04 err_min[eps0]=4.00e-01][A
  GD waterbirds_erm_rn50_train:  76%|███████▌  | 1510000/2000000 [06:44<02:29, 3271.36step/s, z=7.1e+04 err_min[eps0]=4.00e-01][A
  GD waterbirds_erm_rn50_train:  76%|███████▌  | 1512000/2000000 [06:45<02:31, 3217.76step/s, z=7.1e+04 err_min[eps0]=4.00e-01][A
  GD waterbirds_erm_rn50_train:  76%|███████▌  | 1514000/2000000 [06:45<02:31, 3198.14step/s, z=7.1e+04 err_min[eps0]=4.00e-01][A
  GD waterbirds_erm_rn50_train:  76%|███████▌  | 1516000/2000000 [06:46<02:32, 3172.43step/s, z=7.1e+04 err_min[eps0]=4.00e-01][A
  GD waterbirds_erm_rn50_train:  76%|███████▌  | 1519000/2000000 [06:47<02:13, 3592.75step/s, z=7.1e+04 err_min[eps0]=4.00e-01][A
  GD waterbirds_erm_rn50_train:  76%|███████▌  | 1522000/2000000 [06:47<02:03, 3883.36step/s, z=7.1e+04 err_min[eps0]=4.00e-01][A
  GD waterbirds_erm_rn50_train:  76%|███████▋  | 1525000/2000000 [06:48<01:54, 4140.07step/s, z=7.1e+04 err_min[eps0]=4.00e-01][A
  GD waterbirds_erm_rn50_train:  76%|███████▋  | 1528000/2000000 [06:49<01:53, 4147.63step/s, z=7.1e+04 err_min[eps0]=4.00e-01][A
  GD waterbirds_erm_rn50_train:  77%|███████▋  | 1531000/2000000 [06:50<02:01, 3872.35step/s, z=7.1e+04 err_min[eps0]=4.00e-01][A
  GD waterbirds_erm_rn50_train:  77%|███████▋  | 1533000/2000000 [06:50<02:08, 3641.69step/s, z=7.1e+04 err_min[eps0]=4.00e-01][A
  GD waterbirds_erm_rn50_train:  77%|███████▋  | 1535000/2000000 [06:51<02:13, 3482.06step/s, z=7.1e+04 err_min[eps0]=4.00e-01][A
  GD waterbirds_erm_rn50_train:  77%|███████▋  | 1537000/2000000 [06:51<02:17, 3362.54step/s, z=7.1e+04 err_min[eps0]=4.00e-01][A
  GD waterbirds_erm_rn50_train:  77%|███████▋  | 1539000/2000000 [06:52<02:18, 3322.92step/s, z=7.1e+04 err_min[eps0]=4.00e-01][A
  GD waterbirds_erm_rn50_train:  77%|███████▋  | 1541000/2000000 [06:53<02:19, 3283.47step/s, z=7.1e+04 err_min[eps0]=4.00e-01][A
  GD waterbirds_erm_rn50_train:  77%|███████▋  | 1543000/2000000 [06:53<02:14, 3409.67step/s, z=7.1e+04 err_min[eps0]=4.00e-01][A
  GD waterbirds_erm_rn50_train:  77%|███████▋  | 1545000/2000000 [06:54<02:12, 3433.85step/s, z=7.1e+04 err_min[eps0]=4.00e-01][A
  GD waterbirds_erm_rn50_train:  77%|███████▋  | 1547000/2000000 [06:54<02:11, 3437.67step/s, z=7.1e+04 err_min[eps0]=4.00e-01][A
  GD waterbirds_erm_rn50_train:  77%|███████▋  | 1549000/2000000 [06:55<02:11, 3433.61step/s, z=7.1e+04 err_min[eps0]=4.00e-01][A
  GD waterbirds_erm_rn50_train:  78%|███████▊  | 1551000/2000000 [06:56<02:14, 3347.13step/s, z=7.1e+04 err_min[eps0]=4.00e-01][A
  GD waterbirds_erm_rn50_train:  78%|███████▊  | 1553000/2000000 [06:56<02:16, 3284.67step/s, z=7.1e+04 err_min[eps0]=4.00e-01][A
  GD waterbirds_erm_rn50_train:  78%|███████▊  | 1555000/2000000 [06:57<02:17, 3239.66step/s, z=7.1e+04 err_min[eps0]=4.00e-01][A
  GD waterbirds_erm_rn50_train:  78%|███████▊  | 1557000/2000000 [06:58<02:18, 3202.51step/s, z=7.1e+04 err_min[eps0]=4.00e-01][A
  GD waterbirds_erm_rn50_train:  78%|███████▊  | 1559000/2000000 [06:58<02:15, 3250.71step/s, z=7.1e+04 err_min[eps0]=4.00e-01][A
  GD waterbirds_erm_rn50_train:  78%|███████▊  | 1561000/2000000 [06:59<02:14, 3261.76step/s, z=7.1e+04 err_min[eps0]=4.00e-01][A
  GD waterbirds_erm_rn50_train:  78%|███████▊  | 1563000/2000000 [06:59<02:13, 3272.07step/s, z=7.1e+04 err_min[eps0]=4.00e-01][A
  GD waterbirds_erm_rn50_train:  78%|███████▊  | 1565000/2000000 [07:00<02:11, 3296.26step/s, z=7.1e+04 err_min[eps0]=4.00e-01][A
  GD waterbirds_erm_rn50_train:  78%|███████▊  | 1567000/2000000 [07:01<02:13, 3254.98step/s, z=7.1e+04 err_min[eps0]=4.00e-01][A
  GD waterbirds_erm_rn50_train:  78%|███████▊  | 1569000/2000000 [07:01<02:13, 3234.57step/s, z=7.1e+04 err_min[eps0]=4.00e-01][A
  GD waterbirds_erm_rn50_train:  79%|███████▊  | 1571000/2000000 [07:02<02:12, 3246.59step/s, z=7.1e+04 err_min[eps0]=4.00e-01][A
  GD waterbirds_erm_rn50_train:  79%|███████▊  | 1573000/2000000 [07:02<02:10, 3260.67step/s, z=7.1e+04 err_min[eps0]=4.00e-01][A
  GD waterbirds_erm_rn50_train:  79%|███████▉  | 1575000/2000000 [07:03<02:07, 3322.50step/s, z=7.1e+04 err_min[eps0]=4.00e-01][A
  GD waterbirds_erm_rn50_train:  79%|███████▉  | 1577000/2000000 [07:04<02:08, 3298.04step/s, z=7.1e+04 err_min[eps0]=4.00e-01][A
  GD waterbirds_erm_rn50_train:  79%|███████▉  | 1579000/2000000 [07:04<02:07, 3306.29step/s, z=7.1e+04 err_min[eps0]=4.00e-01][A
  GD waterbirds_erm_rn50_train:  79%|███████▉  | 1581000/2000000 [07:05<02:07, 3274.60step/s, z=7.1e+04 err_min[eps0]=4.00e-01][A
  GD waterbirds_erm_rn50_train:  79%|███████▉  | 1583000/2000000 [07:06<02:11, 3167.35step/s, z=7.1e+04 err_min[eps0]=4.00e-01][A
  GD waterbirds_erm_rn50_train:  79%|███████▉  | 1585000/2000000 [07:06<02:13, 3107.89step/s, z=7.1e+04 err_min[eps0]=4.00e-01][A
  GD waterbirds_erm_rn50_train:  79%|███████▉  | 1587000/2000000 [07:07<02:10, 3171.62step/s, z=7.1e+04 err_min[eps0]=4.00e-01][A
  GD waterbirds_erm_rn50_train:  79%|███████▉  | 1589000/2000000 [07:07<02:08, 3194.57step/s, z=7.1e+04 err_min[eps0]=4.00e-01][A
  GD waterbirds_erm_rn50_train:  80%|███████▉  | 1591000/2000000 [07:08<02:04, 3277.70step/s, z=7.1e+04 err_min[eps0]=4.00e-01][A
  GD waterbirds_erm_rn50_train:  80%|███████▉  | 1593000/2000000 [07:09<02:01, 3354.01step/s, z=7.1e+04 err_min[eps0]=4.00e-01][A
  GD waterbirds_erm_rn50_train:  80%|███████▉  | 1595000/2000000 [07:09<02:03, 3290.48step/s, z=7.1e+04 err_min[eps0]=4.00e-01][A
  GD waterbirds_erm_rn50_train:  80%|███████▉  | 1597000/2000000 [07:10<02:02, 3294.95step/s, z=7.1e+04 err_min[eps0]=4.00e-01][A
  GD waterbirds_erm_rn50_train:  80%|███████▉  | 1599000/2000000 [07:10<02:03, 3243.08step/s, z=7.1e+04 err_min[eps0]=4.00e-01][A
  GD waterbirds_erm_rn50_train:  80%|████████  | 1600000/2000000 [07:11<02:03, 3243.08step/s, z=8e+04 err_min[eps0]=3.93e-01]  [A
  GD waterbirds_erm_rn50_train:  80%|████████  | 1601000/2000000 [07:11<02:01, 3287.32step/s, z=8e+04 err_min[eps0]=3.93e-01][A
  GD waterbirds_erm_rn50_train:  80%|████████  | 1604000/2000000 [07:12<01:47, 3675.11step/s, z=8e+04 err_min[eps0]=3.93e-01][A
  GD waterbirds_erm_rn50_train:  80%|████████  | 1607000/2000000 [07:12<01:39, 3960.55step/s, z=8e+04 err_min[eps0]=3.93e-01][A
  GD waterbirds_erm_rn50_train:  80%|████████  | 1609000/2000000 [07:13<01:53, 3440.58step/s, z=8e+04 err_min[eps0]=3.93e-01][A
  GD waterbirds_erm_rn50_train:  81%|████████  | 1611000/2000000 [07:14<02:02, 3169.04step/s, z=8e+04 err_min[eps0]=3.93e-01][A
  GD waterbirds_erm_rn50_train:  81%|████████  | 1613000/2000000 [07:15<02:06, 3066.49step/s, z=8e+04 err_min[eps0]=3.93e-01][A
  GD waterbirds_erm_rn50_train:  81%|████████  | 1615000/2000000 [07:15<02:07, 3019.07step/s, z=8e+04 err_min[eps0]=3.93e-01][A
  GD waterbirds_erm_rn50_train:  81%|████████  | 1617000/2000000 [07:16<02:11, 2917.74step/s, z=8e+04 err_min[eps0]=3.93e-01][A
  GD waterbirds_erm_rn50_train:  81%|████████  | 1619000/2000000 [07:17<02:07, 2976.75step/s, z=8e+04 err_min[eps0]=3.93e-01][A
  GD waterbirds_erm_rn50_train:  81%|████████  | 1621000/2000000 [07:17<02:06, 2998.83step/s, z=8e+04 err_min[eps0]=3.93e-01][A
  GD waterbirds_erm_rn50_train:  81%|████████  | 1623000/2000000 [07:18<02:06, 2988.13step/s, z=8e+04 err_min[eps0]=3.93e-01][A
  GD waterbirds_erm_rn50_train:  81%|████████▏ | 1625000/2000000 [07:19<02:02, 3059.34step/s, z=8e+04 err_min[eps0]=3.93e-01][A
  GD waterbirds_erm_rn50_train:  81%|████████▏ | 1627000/2000000 [07:19<02:01, 3069.08step/s, z=8e+04 err_min[eps0]=3.93e-01][A
  GD waterbirds_erm_rn50_train:  81%|████████▏ | 1629000/2000000 [07:20<01:55, 3214.00step/s, z=8e+04 err_min[eps0]=3.93e-01][A
  GD waterbirds_erm_rn50_train:  82%|████████▏ | 1631000/2000000 [07:20<01:56, 3176.99step/s, z=8e+04 err_min[eps0]=3.93e-01][A
  GD waterbirds_erm_rn50_train:  82%|████████▏ | 1633000/2000000 [07:21<01:53, 3221.27step/s, z=8e+04 err_min[eps0]=3.93e-01][A
  GD waterbirds_erm_rn50_train:  82%|████████▏ | 1635000/2000000 [07:22<01:52, 3254.92step/s, z=8e+04 err_min[eps0]=3.93e-01][A
  GD waterbirds_erm_rn50_train:  82%|████████▏ | 1637000/2000000 [07:22<01:51, 3268.97step/s, z=8e+04 err_min[eps0]=3.93e-01][A
  GD waterbirds_erm_rn50_train:  82%|████████▏ | 1639000/2000000 [07:23<01:51, 3247.80step/s, z=8e+04 err_min[eps0]=3.93e-01][A
  GD waterbirds_erm_rn50_train:  82%|████████▏ | 1641000/2000000 [07:23<01:49, 3279.08step/s, z=8e+04 err_min[eps0]=3.93e-01][A
  GD waterbirds_erm_rn50_train:  82%|████████▏ | 1643000/2000000 [07:24<01:49, 3265.99step/s, z=8e+04 err_min[eps0]=3.93e-01][A
  GD waterbirds_erm_rn50_train:  82%|████████▏ | 1645000/2000000 [07:25<01:49, 3245.14step/s, z=8e+04 err_min[eps0]=3.93e-01][A
  GD waterbirds_erm_rn50_train:  82%|████████▏ | 1647000/2000000 [07:25<01:47, 3285.75step/s, z=8e+04 err_min[eps0]=3.93e-01][A
  GD waterbirds_erm_rn50_train:  82%|████████▏ | 1649000/2000000 [07:26<01:46, 3286.51step/s, z=8e+04 err_min[eps0]=3.93e-01][A
  GD waterbirds_erm_rn50_train:  83%|████████▎ | 1651000/2000000 [07:27<01:45, 3321.90step/s, z=8e+04 err_min[eps0]=3.93e-01][A
  GD waterbirds_erm_rn50_train:  83%|████████▎ | 1653000/2000000 [07:27<01:46, 3256.32step/s, z=8e+04 err_min[eps0]=3.93e-01][A
  GD waterbirds_erm_rn50_train:  83%|████████▎ | 1655000/2000000 [07:28<01:45, 3269.16step/s, z=8e+04 err_min[eps0]=3.93e-01][A
  GD waterbirds_erm_rn50_train:  83%|████████▎ | 1657000/2000000 [07:28<01:44, 3296.84step/s, z=8e+04 err_min[eps0]=3.93e-01][A
  GD waterbirds_erm_rn50_train:  83%|████████▎ | 1659000/2000000 [07:29<01:43, 3302.68step/s, z=8e+04 err_min[eps0]=3.93e-01][A
  GD waterbirds_erm_rn50_train:  83%|████████▎ | 1661000/2000000 [07:30<01:43, 3272.83step/s, z=8e+04 err_min[eps0]=3.93e-01][A
  GD waterbirds_erm_rn50_train:  83%|████████▎ | 1663000/2000000 [07:30<01:42, 3272.96step/s, z=8e+04 err_min[eps0]=3.93e-01][A
  GD waterbirds_erm_rn50_train:  83%|████████▎ | 1665000/2000000 [07:31<01:42, 3274.30step/s, z=8e+04 err_min[eps0]=3.93e-01][A
  GD waterbirds_erm_rn50_train:  83%|████████▎ | 1667000/2000000 [07:31<01:40, 3316.64step/s, z=8e+04 err_min[eps0]=3.93e-01][A
  GD waterbirds_erm_rn50_train:  83%|████████▎ | 1669000/2000000 [07:32<01:41, 3263.40step/s, z=8e+04 err_min[eps0]=3.93e-01][A
  GD waterbirds_erm_rn50_train:  84%|████████▎ | 1671000/2000000 [07:33<01:41, 3231.27step/s, z=8e+04 err_min[eps0]=3.93e-01][A
  GD waterbirds_erm_rn50_train:  84%|████████▎ | 1673000/2000000 [07:33<01:40, 3253.58step/s, z=8e+04 err_min[eps0]=3.93e-01][A
  GD waterbirds_erm_rn50_train:  84%|████████▍ | 1675000/2000000 [07:34<01:39, 3256.68step/s, z=8e+04 err_min[eps0]=3.93e-01][A
  GD waterbirds_erm_rn50_train:  84%|████████▍ | 1677000/2000000 [07:35<01:40, 3214.67step/s, z=8e+04 err_min[eps0]=3.93e-01][A
  GD waterbirds_erm_rn50_train:  84%|████████▍ | 1679000/2000000 [07:35<01:40, 3188.40step/s, z=8e+04 err_min[eps0]=3.93e-01][A
  GD waterbirds_erm_rn50_train:  84%|████████▍ | 1681000/2000000 [07:36<01:39, 3215.91step/s, z=8e+04 err_min[eps0]=3.93e-01][A
  GD waterbirds_erm_rn50_train:  84%|████████▍ | 1683000/2000000 [07:36<01:35, 3336.28step/s, z=8e+04 err_min[eps0]=3.93e-01][A
  GD waterbirds_erm_rn50_train:  84%|████████▍ | 1686000/2000000 [07:37<01:19, 3945.14step/s, z=8e+04 err_min[eps0]=3.93e-01][A
  GD waterbirds_erm_rn50_train:  84%|████████▍ | 1689000/2000000 [07:37<01:09, 4488.69step/s, z=8e+04 err_min[eps0]=3.93e-01][A
  GD waterbirds_erm_rn50_train:  85%|████████▍ | 1692000/2000000 [07:38<01:04, 4796.08step/s, z=8e+04 err_min[eps0]=3.93e-01][A
  GD waterbirds_erm_rn50_train:  85%|████████▍ | 1695000/2000000 [07:38<00:59, 5084.11step/s, z=8e+04 err_min[eps0]=3.93e-01][A
  GD waterbirds_erm_rn50_train:  85%|████████▍ | 1698000/2000000 [07:39<01:07, 4474.87step/s, z=8e+04 err_min[eps0]=3.93e-01][A
  GD waterbirds_erm_rn50_train:  85%|████████▌ | 1701000/2000000 [07:40<01:12, 4110.89step/s, z=8e+04 err_min[eps0]=3.93e-01][A
  GD waterbirds_erm_rn50_train:  85%|████████▌ | 1704000/2000000 [07:41<01:18, 3779.34step/s, z=8e+04 err_min[eps0]=3.93e-01][A
  GD waterbirds_erm_rn50_train:  85%|████████▌ | 1706000/2000000 [07:42<01:20, 3668.96step/s, z=8e+04 err_min[eps0]=3.93e-01][A
  GD waterbirds_erm_rn50_train:  85%|████████▌ | 1708000/2000000 [07:42<01:21, 3579.97step/s, z=8e+04 err_min[eps0]=3.93e-01][A
  GD waterbirds_erm_rn50_train:  86%|████████▌ | 1710000/2000000 [07:43<01:22, 3516.80step/s, z=8e+04 err_min[eps0]=3.93e-01][A
  GD waterbirds_erm_rn50_train:  86%|████████▌ | 1712000/2000000 [07:43<01:23, 3466.42step/s, z=8e+04 err_min[eps0]=3.93e-01][A
  GD waterbirds_erm_rn50_train:  86%|████████▌ | 1714000/2000000 [07:44<01:23, 3421.68step/s, z=8e+04 err_min[eps0]=3.93e-01][A
  GD waterbirds_erm_rn50_train:  86%|████████▌ | 1716000/2000000 [07:45<01:23, 3395.53step/s, z=8e+04 err_min[eps0]=3.93e-01][A
  GD waterbirds_erm_rn50_train:  86%|████████▌ | 1718000/2000000 [07:45<01:24, 3320.51step/s, z=8e+04 err_min[eps0]=3.93e-01][A
  GD waterbirds_erm_rn50_train:  86%|████████▌ | 1720000/2000000 [07:46<01:24, 3294.50step/s, z=8e+04 err_min[eps0]=3.93e-01][A
  GD waterbirds_erm_rn50_train:  86%|████████▌ | 1722000/2000000 [07:47<01:23, 3309.97step/s, z=8e+04 err_min[eps0]=3.93e-01][A
  GD waterbirds_erm_rn50_train:  86%|████████▌ | 1724000/2000000 [07:47<01:25, 3244.26step/s, z=8e+04 err_min[eps0]=3.93e-01][A
  GD waterbirds_erm_rn50_train:  86%|████████▋ | 1726000/2000000 [07:48<01:24, 3245.28step/s, z=8e+04 err_min[eps0]=3.93e-01][A
  GD waterbirds_erm_rn50_train:  86%|████████▋ | 1728000/2000000 [07:48<01:24, 3211.20step/s, z=8e+04 err_min[eps0]=3.93e-01][A
  GD waterbirds_erm_rn50_train:  86%|████████▋ | 1730000/2000000 [07:49<01:19, 3385.92step/s, z=8e+04 err_min[eps0]=3.93e-01][A
  GD waterbirds_erm_rn50_train:  87%|████████▋ | 1732000/2000000 [07:50<01:19, 3388.68step/s, z=8e+04 err_min[eps0]=3.93e-01][A
  GD waterbirds_erm_rn50_train:  87%|████████▋ | 1734000/2000000 [07:50<01:19, 3356.05step/s, z=8e+04 err_min[eps0]=3.93e-01][A
  GD waterbirds_erm_rn50_train:  87%|████████▋ | 1736000/2000000 [07:51<01:21, 3257.82step/s, z=8e+04 err_min[eps0]=3.93e-01][A
  GD waterbirds_erm_rn50_train:  87%|████████▋ | 1738000/2000000 [07:51<01:19, 3316.16step/s, z=8e+04 err_min[eps0]=3.93e-01][A
  GD waterbirds_erm_rn50_train:  87%|████████▋ | 1740000/2000000 [07:52<01:18, 3322.23step/s, z=8e+04 err_min[eps0]=3.93e-01][A
  GD waterbirds_erm_rn50_train:  87%|████████▋ | 1742000/2000000 [07:53<01:17, 3324.26step/s, z=8e+04 err_min[eps0]=3.93e-01][A
  GD waterbirds_erm_rn50_train:  87%|████████▋ | 1744000/2000000 [07:53<01:17, 3317.47step/s, z=8e+04 err_min[eps0]=3.93e-01][A
  GD waterbirds_erm_rn50_train:  87%|████████▋ | 1746000/2000000 [07:54<01:16, 3330.62step/s, z=8e+04 err_min[eps0]=3.93e-01][A
  GD waterbirds_erm_rn50_train:  87%|████████▋ | 1748000/2000000 [07:54<01:15, 3330.12step/s, z=8e+04 err_min[eps0]=3.93e-01][A
  GD waterbirds_erm_rn50_train:  88%|████████▊ | 1750000/2000000 [07:55<01:15, 3332.61step/s, z=8e+04 err_min[eps0]=3.93e-01][A
  GD waterbirds_erm_rn50_train:  88%|████████▊ | 1752000/2000000 [07:56<01:15, 3285.22step/s, z=8e+04 err_min[eps0]=3.93e-01][A
  GD waterbirds_erm_rn50_train:  88%|████████▊ | 1754000/2000000 [07:56<01:13, 3352.68step/s, z=8e+04 err_min[eps0]=3.93e-01][A
  GD waterbirds_erm_rn50_train:  88%|████████▊ | 1756000/2000000 [07:57<01:11, 3390.07step/s, z=8e+04 err_min[eps0]=3.93e-01][A
  GD waterbirds_erm_rn50_train:  88%|████████▊ | 1758000/2000000 [07:57<01:12, 3319.13step/s, z=8e+04 err_min[eps0]=3.93e-01][A
  GD waterbirds_erm_rn50_train:  88%|████████▊ | 1760000/2000000 [07:58<01:12, 3297.94step/s, z=8e+04 err_min[eps0]=3.93e-01][A
  GD waterbirds_erm_rn50_train:  88%|████████▊ | 1762000/2000000 [07:59<01:13, 3239.06step/s, z=8e+04 err_min[eps0]=3.93e-01][A
  GD waterbirds_erm_rn50_train:  88%|████████▊ | 1764000/2000000 [07:59<01:12, 3239.56step/s, z=8e+04 err_min[eps0]=3.93e-01][A
  GD waterbirds_erm_rn50_train:  88%|████████▊ | 1766000/2000000 [08:00<01:13, 3190.67step/s, z=8e+04 err_min[eps0]=3.93e-01][A
  GD waterbirds_erm_rn50_train:  88%|████████▊ | 1768000/2000000 [08:00<01:11, 3246.73step/s, z=8e+04 err_min[eps0]=3.93e-01][A
  GD waterbirds_erm_rn50_train:  88%|████████▊ | 1770000/2000000 [08:01<01:10, 3261.76step/s, z=8e+04 err_min[eps0]=3.93e-01][A
  GD waterbirds_erm_rn50_train:  89%|████████▊ | 1772000/2000000 [08:02<01:10, 3245.72step/s, z=8e+04 err_min[eps0]=3.93e-01][A
  GD waterbirds_erm_rn50_train:  89%|████████▉ | 1775000/2000000 [08:02<00:58, 3852.78step/s, z=8e+04 err_min[eps0]=3.93e-01][A
  GD waterbirds_erm_rn50_train:  89%|████████▉ | 1779000/2000000 [08:03<00:47, 4683.37step/s, z=8e+04 err_min[eps0]=3.93e-01][A
  GD waterbirds_erm_rn50_train:  89%|████████▉ | 1780000/2000000 [08:03<00:46, 4683.37step/s, z=8.9e+04 err_min[eps0]=3.87e-01][A
  GD waterbirds_erm_rn50_train:  89%|████████▉ | 1782000/2000000 [08:04<00:48, 4533.28step/s, z=8.9e+04 err_min[eps0]=3.87e-01][A
  GD waterbirds_erm_rn50_train:  89%|████████▉ | 1785000/2000000 [08:05<00:53, 4041.75step/s, z=8.9e+04 err_min[eps0]=3.87e-01][A
  GD waterbirds_erm_rn50_train:  89%|████████▉ | 1788000/2000000 [08:05<00:54, 3904.36step/s, z=8.9e+04 err_min[eps0]=3.87e-01][A
  GD waterbirds_erm_rn50_train:  90%|████████▉ | 1791000/2000000 [08:06<00:54, 3860.97step/s, z=8.9e+04 err_min[eps0]=3.87e-01][A
  GD waterbirds_erm_rn50_train:  90%|████████▉ | 1794000/2000000 [08:07<00:51, 4006.27step/s, z=8.9e+04 err_min[eps0]=3.87e-01][A
  GD waterbirds_erm_rn50_train:  90%|████████▉ | 1797000/2000000 [08:07<00:47, 4245.55step/s, z=8.9e+04 err_min[eps0]=3.87e-01][A
  GD waterbirds_erm_rn50_train:  90%|█████████ | 1800000/2000000 [08:08<00:45, 4365.33step/s, z=8.9e+04 err_min[eps0]=3.87e-01][A
  GD waterbirds_erm_rn50_train:  90%|█████████ | 1803000/2000000 [08:09<00:42, 4624.37step/s, z=8.9e+04 err_min[eps0]=3.87e-01][A
  GD waterbirds_erm_rn50_train:  90%|█████████ | 1807000/2000000 [08:09<00:39, 4869.71step/s, z=8.9e+04 err_min[eps0]=3.87e-01][A
  GD waterbirds_erm_rn50_train:  90%|█████████ | 1810000/2000000 [08:10<00:44, 4237.82step/s, z=8.9e+04 err_min[eps0]=3.87e-01][A
  GD waterbirds_erm_rn50_train:  91%|█████████ | 1813000/2000000 [08:11<00:46, 4002.93step/s, z=8.9e+04 err_min[eps0]=3.87e-01][A
  GD waterbirds_erm_rn50_train:  91%|█████████ | 1816000/2000000 [08:12<00:44, 4115.77step/s, z=8.9e+04 err_min[eps0]=3.87e-01][A
  GD waterbirds_erm_rn50_train:  91%|█████████ | 1819000/2000000 [08:13<00:45, 3969.78step/s, z=8.9e+04 err_min[eps0]=3.87e-01][A
  GD waterbirds_erm_rn50_train:  91%|█████████ | 1822000/2000000 [08:13<00:44, 4012.05step/s, z=8.9e+04 err_min[eps0]=3.87e-01][A
  GD waterbirds_erm_rn50_train:  91%|█████████▏| 1825000/2000000 [08:14<00:46, 3795.41step/s, z=8.9e+04 err_min[eps0]=3.87e-01][A
  GD waterbirds_erm_rn50_train:  91%|█████████▏| 1827000/2000000 [08:15<00:46, 3712.97step/s, z=8.9e+04 err_min[eps0]=3.87e-01][A
  GD waterbirds_erm_rn50_train:  92%|█████████▏| 1830000/2000000 [08:15<00:41, 4139.03step/s, z=8.9e+04 err_min[eps0]=3.87e-01][A
  GD waterbirds_erm_rn50_train:  92%|█████████▏| 1833000/2000000 [08:16<00:40, 4127.58step/s, z=8.9e+04 err_min[eps0]=3.87e-01][A
  GD waterbirds_erm_rn50_train:  92%|█████████▏| 1836000/2000000 [08:17<00:38, 4255.16step/s, z=8.9e+04 err_min[eps0]=3.87e-01][A
  GD waterbirds_erm_rn50_train:  92%|█████████▏| 1840000/2000000 [08:17<00:33, 4771.50step/s, z=8.9e+04 err_min[eps0]=3.87e-01][A
  GD waterbirds_erm_rn50_train:  92%|█████████▏| 1844000/2000000 [08:18<00:29, 5290.89step/s, z=8.9e+04 err_min[eps0]=3.87e-01][A
  GD waterbirds_erm_rn50_train:  92%|█████████▏| 1848000/2000000 [08:19<00:26, 5631.85step/s, z=8.9e+04 err_min[eps0]=3.87e-01][A
  GD waterbirds_erm_rn50_train:  93%|█████████▎| 1852000/2000000 [08:19<00:25, 5860.94step/s, z=8.9e+04 err_min[eps0]=3.87e-01][A
  GD waterbirds_erm_rn50_train:  93%|█████████▎| 1856000/2000000 [08:20<00:23, 6061.84step/s, z=8.9e+04 err_min[eps0]=3.87e-01][A
  GD waterbirds_erm_rn50_train:  93%|█████████▎| 1860000/2000000 [08:21<00:22, 6179.49step/s, z=8.9e+04 err_min[eps0]=3.87e-01][A
  GD waterbirds_erm_rn50_train:  93%|█████████▎| 1864000/2000000 [08:21<00:23, 5693.29step/s, z=8.9e+04 err_min[eps0]=3.87e-01][A
  GD waterbirds_erm_rn50_train:  93%|█████████▎| 1867000/2000000 [08:22<00:23, 5754.90step/s, z=8.9e+04 err_min[eps0]=3.87e-01][A
  GD waterbirds_erm_rn50_train:  94%|█████████▎| 1871000/2000000 [08:23<00:21, 5867.00step/s, z=8.9e+04 err_min[eps0]=3.87e-01][A
  GD waterbirds_erm_rn50_train:  94%|█████████▎| 1874000/2000000 [08:23<00:21, 5779.36step/s, z=8.9e+04 err_min[eps0]=3.87e-01][A
  GD waterbirds_erm_rn50_train:  94%|█████████▍| 1877000/2000000 [08:24<00:21, 5637.38step/s, z=8.9e+04 err_min[eps0]=3.87e-01][A
  GD waterbirds_erm_rn50_train:  94%|█████████▍| 1880000/2000000 [08:24<00:21, 5698.14step/s, z=8.9e+04 err_min[eps0]=3.87e-01][A
  GD waterbirds_erm_rn50_train:  94%|█████████▍| 1883000/2000000 [08:25<00:21, 5567.56step/s, z=8.9e+04 err_min[eps0]=3.87e-01][A
  GD waterbirds_erm_rn50_train:  94%|█████████▍| 1886000/2000000 [08:25<00:22, 5078.39step/s, z=8.9e+04 err_min[eps0]=3.87e-01][A
  GD waterbirds_erm_rn50_train:  94%|█████████▍| 1889000/2000000 [08:26<00:22, 4971.91step/s, z=8.9e+04 err_min[eps0]=3.87e-01][A
  GD waterbirds_erm_rn50_train:  95%|█████████▍| 1893000/2000000 [08:27<00:19, 5387.16step/s, z=8.9e+04 err_min[eps0]=3.87e-01][A
  GD waterbirds_erm_rn50_train:  95%|█████████▍| 1897000/2000000 [08:27<00:18, 5577.55step/s, z=8.9e+04 err_min[eps0]=3.87e-01][A
  GD waterbirds_erm_rn50_train:  95%|█████████▌| 1900000/2000000 [08:28<00:20, 4934.92step/s, z=8.9e+04 err_min[eps0]=3.87e-01][A
  GD waterbirds_erm_rn50_train:  95%|█████████▌| 1903000/2000000 [08:29<00:21, 4462.69step/s, z=8.9e+04 err_min[eps0]=3.87e-01][A
  GD waterbirds_erm_rn50_train:  95%|█████████▌| 1906000/2000000 [08:30<00:21, 4444.52step/s, z=8.9e+04 err_min[eps0]=3.87e-01][A
  GD waterbirds_erm_rn50_train:  96%|█████████▌| 1910000/2000000 [08:30<00:18, 4984.67step/s, z=8.9e+04 err_min[eps0]=3.87e-01][A
  GD waterbirds_erm_rn50_train:  96%|█████████▌| 1914000/2000000 [08:31<00:15, 5386.67step/s, z=8.9e+04 err_min[eps0]=3.87e-01][A
  GD waterbirds_erm_rn50_train:  96%|█████████▌| 1918000/2000000 [08:32<00:14, 5646.55step/s, z=8.9e+04 err_min[eps0]=3.87e-01][A
  GD waterbirds_erm_rn50_train:  96%|█████████▌| 1922000/2000000 [08:32<00:13, 5873.72step/s, z=8.9e+04 err_min[eps0]=3.87e-01][A
  GD waterbirds_erm_rn50_train:  96%|█████████▋| 1925000/2000000 [08:33<00:15, 4869.75step/s, z=8.9e+04 err_min[eps0]=3.87e-01][A
  GD waterbirds_erm_rn50_train:  96%|█████████▋| 1928000/2000000 [08:34<00:17, 4176.83step/s, z=8.9e+04 err_min[eps0]=3.87e-01][A
  GD waterbirds_erm_rn50_train:  97%|█████████▋| 1931000/2000000 [08:35<00:18, 3709.88step/s, z=8.9e+04 err_min[eps0]=3.87e-01][A
  GD waterbirds_erm_rn50_train:  97%|█████████▋| 1934000/2000000 [08:36<00:17, 3794.44step/s, z=8.9e+04 err_min[eps0]=3.87e-01][A
  GD waterbirds_erm_rn50_train:  97%|█████████▋| 1937000/2000000 [08:37<00:15, 4102.25step/s, z=8.9e+04 err_min[eps0]=3.87e-01][A
  GD waterbirds_erm_rn50_train:  97%|█████████▋| 1940000/2000000 [08:37<00:13, 4305.18step/s, z=8.9e+04 err_min[eps0]=3.87e-01][A
  GD waterbirds_erm_rn50_train:  97%|█████████▋| 1943000/2000000 [08:38<00:13, 4206.24step/s, z=8.9e+04 err_min[eps0]=3.87e-01][A
  GD waterbirds_erm_rn50_train:  97%|█████████▋| 1946000/2000000 [08:39<00:12, 4273.34step/s, z=8.9e+04 err_min[eps0]=3.87e-01][A
  GD waterbirds_erm_rn50_train:  97%|█████████▋| 1949000/2000000 [08:39<00:11, 4410.24step/s, z=8.9e+04 err_min[eps0]=3.87e-01][A
  GD waterbirds_erm_rn50_train:  98%|█████████▊| 1952000/2000000 [08:40<00:11, 4197.23step/s, z=8.9e+04 err_min[eps0]=3.87e-01][A
  GD waterbirds_erm_rn50_train:  98%|█████████▊| 1955000/2000000 [08:41<00:11, 3873.35step/s, z=8.9e+04 err_min[eps0]=3.87e-01][A
  GD waterbirds_erm_rn50_train:  98%|█████████▊| 1958000/2000000 [08:41<00:10, 4133.54step/s, z=8.9e+04 err_min[eps0]=3.87e-01][A
  GD waterbirds_erm_rn50_train:  98%|█████████▊| 1961000/2000000 [08:42<00:09, 4035.29step/s, z=8.9e+04 err_min[eps0]=3.87e-01][A
  GD waterbirds_erm_rn50_train:  98%|█████████▊| 1964000/2000000 [08:43<00:08, 4292.98step/s, z=8.9e+04 err_min[eps0]=3.87e-01][A
  GD waterbirds_erm_rn50_train:  98%|█████████▊| 1967000/2000000 [08:44<00:07, 4181.65step/s, z=8.9e+04 err_min[eps0]=3.87e-01][A
  GD waterbirds_erm_rn50_train:  98%|█████████▊| 1970000/2000000 [08:44<00:07, 3969.75step/s, z=8.9e+04 err_min[eps0]=3.87e-01][A
  GD waterbirds_erm_rn50_train:  99%|█████████▊| 1973000/2000000 [08:45<00:07, 3771.75step/s, z=8.9e+04 err_min[eps0]=3.87e-01][A
  GD waterbirds_erm_rn50_train:  99%|█████████▉| 1975000/2000000 [08:46<00:06, 3601.99step/s, z=8.9e+04 err_min[eps0]=3.87e-01][A
  GD waterbirds_erm_rn50_train:  99%|█████████▉| 1977000/2000000 [08:47<00:06, 3661.73step/s, z=8.9e+04 err_min[eps0]=3.87e-01][A
  GD waterbirds_erm_rn50_train:  99%|█████████▉| 1979000/2000000 [08:47<00:05, 3603.99step/s, z=8.9e+04 err_min[eps0]=3.87e-01][A
  GD waterbirds_erm_rn50_train:  99%|█████████▉| 1981000/2000000 [08:48<00:05, 3574.59step/s, z=8.9e+04 err_min[eps0]=3.87e-01][A
  GD waterbirds_erm_rn50_train:  99%|█████████▉| 1984000/2000000 [08:48<00:04, 3807.65step/s, z=8.9e+04 err_min[eps0]=3.87e-01][A
  GD waterbirds_erm_rn50_train:  99%|█████████▉| 1987000/2000000 [08:49<00:03, 4250.49step/s, z=8.9e+04 err_min[eps0]=3.87e-01][A
  GD waterbirds_erm_rn50_train: 100%|█████████▉| 1991000/2000000 [08:50<00:01, 4862.58step/s, z=8.9e+04 err_min[eps0]=3.87e-01][A
  GD waterbirds_erm_rn50_train: 100%|█████████▉| 1995000/2000000 [08:50<00:00, 5366.08step/s, z=8.9e+04 err_min[eps0]=3.87e-01][A
  GD waterbirds_erm_rn50_train: 100%|█████████▉| 1999000/2000000 [08:51<00:00, 5628.65step/s, z=8.9e+04 err_min[eps0]=3.87e-01][A
  GD waterbirds_erm_rn50_train: 100%|██████████| 2000000/2000000 [08:51<00:00, 3762.92step/s, z=1e+05 err_min[eps0]=3.80e-01]
bundles:  67%|██████▋   | 2/3 [14:59<07:44, 464.10s/bundle][waterbirds_under_rn50_train] n=4795 d=2048 n_min=240 ref margin=0.0163

  GD waterbirds_under_rn50_train:   0%|          | 0/2000000 [00:00<?, ?step/s][A
  GD waterbirds_under_rn50_train:   0%|          | 2000/2000000 [00:00<09:57, 3346.32step/s][A
  GD waterbirds_under_rn50_train:   0%|          | 5000/2000000 [00:01<07:27, 4460.52step/s][A
  GD waterbirds_under_rn50_train:   0%|          | 8000/2000000 [00:01<07:04, 4694.87step/s][A
  GD waterbirds_under_rn50_train:   1%|          | 11000/2000000 [00:02<06:34, 5046.62step/s][A
  GD waterbirds_under_rn50_train:   1%|          | 14000/2000000 [00:02<06:10, 5355.37step/s][A
  GD waterbirds_under_rn50_train:   1%|          | 17000/2000000 [00:03<06:09, 5373.59step/s][A
  GD waterbirds_under_rn50_train:   1%|          | 20000/2000000 [00:03<06:03, 5442.74step/s][A
  GD waterbirds_under_rn50_train:   1%|          | 20000/2000000 [00:03<06:03, 5442.74step/s, z=1e+03 err_min[eps0]=6.98e-01][A
  GD waterbirds_under_rn50_train:   1%|          | 23000/2000000 [00:04<05:55, 5555.36step/s, z=1e+03 err_min[eps0]=6.98e-01][A
  GD waterbirds_under_rn50_train:   1%|▏         | 26000/2000000 [00:04<05:50, 5629.14step/s, z=1e+03 err_min[eps0]=6.98e-01][A
  GD waterbirds_under_rn50_train:   1%|▏         | 29000/2000000 [00:05<05:49, 5643.09step/s, z=1e+03 err_min[eps0]=6.98e-01][A
  GD waterbirds_under_rn50_train:   2%|▏         | 32000/2000000 [00:05<05:43, 5731.29step/s, z=1e+03 err_min[eps0]=6.98e-01][A
  GD waterbirds_under_rn50_train:   2%|▏         | 35000/2000000 [00:06<05:46, 5669.78step/s, z=1e+03 err_min[eps0]=6.98e-01][A
  GD waterbirds_under_rn50_train:   2%|▏         | 39000/2000000 [00:07<05:36, 5831.58step/s, z=1e+03 err_min[eps0]=6.98e-01][A
  GD waterbirds_under_rn50_train:   2%|▏         | 40000/2000000 [00:07<05:36, 5831.58step/s, z=2e+03 err_min[eps0]=6.57e-01][A
  GD waterbirds_under_rn50_train:   2%|▏         | 43000/2000000 [00:07<05:38, 5780.12step/s, z=2e+03 err_min[eps0]=6.57e-01][A
  GD waterbirds_under_rn50_train:   2%|▏         | 47000/2000000 [00:08<05:26, 5986.26step/s, z=2e+03 err_min[eps0]=6.57e-01][A
  GD waterbirds_under_rn50_train:   3%|▎         | 51000/2000000 [00:09<05:19, 6103.65step/s, z=2e+03 err_min[eps0]=6.57e-01][A
  GD waterbirds_under_rn50_train:   3%|▎         | 55000/2000000 [00:09<05:39, 5729.21step/s, z=2e+03 err_min[eps0]=6.57e-01][A
  GD waterbirds_under_rn50_train:   3%|▎         | 58000/2000000 [00:10<05:56, 5454.93step/s, z=2e+03 err_min[eps0]=6.57e-01][A
  GD waterbirds_under_rn50_train:   3%|▎         | 60000/2000000 [00:10<05:55, 5454.93step/s, z=3e+03 err_min[eps0]=6.36e-01][A
  GD waterbirds_under_rn50_train:   3%|▎         | 62000/2000000 [00:11<05:41, 5672.78step/s, z=3e+03 err_min[eps0]=6.36e-01][A
  GD waterbirds_under_rn50_train:   3%|▎         | 66000/2000000 [00:11<05:27, 5900.35step/s, z=3e+03 err_min[eps0]=6.36e-01][A
  GD waterbirds_under_rn50_train:   4%|▎         | 70000/2000000 [00:12<05:15, 6113.96step/s, z=3e+03 err_min[eps0]=6.36e-01][A
  GD waterbirds_under_rn50_train:   4%|▎         | 74000/2000000 [00:13<05:10, 6205.06step/s, z=3e+03 err_min[eps0]=6.36e-01][A
  GD waterbirds_under_rn50_train:   4%|▍         | 78000/2000000 [00:13<05:08, 6221.79step/s, z=3e+03 err_min[eps0]=6.36e-01][A
  GD waterbirds_under_rn50_train:   4%|▍         | 80000/2000000 [00:13<05:08, 6221.79step/s, z=4e+03 err_min[eps0]=6.14e-01][A
  GD waterbirds_under_rn50_train:   4%|▍         | 82000/2000000 [00:14<05:05, 6272.77step/s, z=4e+03 err_min[eps0]=6.14e-01][A
  GD waterbirds_under_rn50_train:   4%|▍         | 86000/2000000 [00:14<05:06, 6238.37step/s, z=4e+03 err_min[eps0]=6.14e-01][A
  GD waterbirds_under_rn50_train:   4%|▍         | 90000/2000000 [00:15<05:06, 6234.47step/s, z=4e+03 err_min[eps0]=6.14e-01][A
  GD waterbirds_under_rn50_train:   5%|▍         | 94000/2000000 [00:16<04:59, 6356.08step/s, z=4e+03 err_min[eps0]=6.14e-01][A
  GD waterbirds_under_rn50_train:   5%|▍         | 98000/2000000 [00:16<05:01, 6306.00step/s, z=4e+03 err_min[eps0]=6.14e-01][A
  GD waterbirds_under_rn50_train:   5%|▌         | 100000/2000000 [00:17<05:01, 6306.00step/s, z=5e+03 err_min[eps0]=5.98e-01][A
  GD waterbirds_under_rn50_train:   5%|▌         | 102000/2000000 [00:17<05:01, 6296.42step/s, z=5e+03 err_min[eps0]=5.98e-01][A
  GD waterbirds_under_rn50_train:   5%|▌         | 106000/2000000 [00:18<04:56, 6385.41step/s, z=5e+03 err_min[eps0]=5.98e-01][A
  GD waterbirds_under_rn50_train:   6%|▌         | 110000/2000000 [00:18<04:52, 6458.12step/s, z=5e+03 err_min[eps0]=5.98e-01][A
  GD waterbirds_under_rn50_train:   6%|▌         | 114000/2000000 [00:19<04:53, 6430.51step/s, z=5e+03 err_min[eps0]=5.98e-01][A
  GD waterbirds_under_rn50_train:   6%|▌         | 118000/2000000 [00:19<04:58, 6314.24step/s, z=5e+03 err_min[eps0]=5.98e-01][A
  GD waterbirds_under_rn50_train:   6%|▌         | 120000/2000000 [00:20<04:57, 6314.24step/s, z=6e+03 err_min[eps0]=5.90e-01][A
  GD waterbirds_under_rn50_train:   6%|▌         | 122000/2000000 [00:20<05:14, 5976.36step/s, z=6e+03 err_min[eps0]=5.90e-01][A
  GD waterbirds_under_rn50_train:   6%|▋         | 126000/2000000 [00:21<05:29, 5690.70step/s, z=6e+03 err_min[eps0]=5.90e-01][A
  GD waterbirds_under_rn50_train:   6%|▋         | 130000/2000000 [00:22<05:15, 5922.10step/s, z=6e+03 err_min[eps0]=5.90e-01][A
  GD waterbirds_under_rn50_train:   7%|▋         | 134000/2000000 [00:22<05:12, 5977.64step/s, z=6e+03 err_min[eps0]=5.90e-01][A
  GD waterbirds_under_rn50_train:   7%|▋         | 138000/2000000 [00:23<05:07, 6048.12step/s, z=6e+03 err_min[eps0]=5.90e-01][A
  GD waterbirds_under_rn50_train:   7%|▋         | 140000/2000000 [00:23<05:07, 6048.12step/s, z=7e+03 err_min[eps0]=5.81e-01][A
  GD waterbirds_under_rn50_train:   7%|▋         | 142000/2000000 [00:24<05:09, 6012.42step/s, z=7e+03 err_min[eps0]=5.81e-01][A
  GD waterbirds_under_rn50_train:   7%|▋         | 146000/2000000 [00:24<05:10, 5961.60step/s, z=7e+03 err_min[eps0]=5.81e-01][A
  GD waterbirds_under_rn50_train:   8%|▊         | 150000/2000000 [00:25<05:05, 6052.87step/s, z=7e+03 err_min[eps0]=5.81e-01][A
  GD waterbirds_under_rn50_train:   8%|▊         | 154000/2000000 [00:26<05:06, 6019.09step/s, z=7e+03 err_min[eps0]=5.81e-01][A
  GD waterbirds_under_rn50_train:   8%|▊         | 158000/2000000 [00:26<05:09, 5957.67step/s, z=7e+03 err_min[eps0]=5.81e-01][A
  GD waterbirds_under_rn50_train:   8%|▊         | 160000/2000000 [00:27<05:08, 5957.67step/s, z=8e+03 err_min[eps0]=5.61e-01][A
  GD waterbirds_under_rn50_train:   8%|▊         | 161000/2000000 [00:27<05:08, 5959.16step/s, z=8e+03 err_min[eps0]=5.61e-01][A
  GD waterbirds_under_rn50_train:   8%|▊         | 164000/2000000 [00:27<05:13, 5852.91step/s, z=8e+03 err_min[eps0]=5.61e-01][A
  GD waterbirds_under_rn50_train:   8%|▊         | 167000/2000000 [00:28<05:21, 5705.67step/s, z=8e+03 err_min[eps0]=5.61e-01][A
  GD waterbirds_under_rn50_train:   8%|▊         | 170000/2000000 [00:29<05:42, 5344.87step/s, z=8e+03 err_min[eps0]=5.61e-01][A
  GD waterbirds_under_rn50_train:   9%|▊         | 173000/2000000 [00:29<06:03, 5026.80step/s, z=8e+03 err_min[eps0]=5.61e-01][A
  GD waterbirds_under_rn50_train:   9%|▉         | 176000/2000000 [00:30<05:46, 5258.34step/s, z=8e+03 err_min[eps0]=5.61e-01][A
  GD waterbirds_under_rn50_train:   9%|▉         | 180000/2000000 [00:30<05:29, 5516.04step/s, z=8e+03 err_min[eps0]=5.61e-01][A
  GD waterbirds_under_rn50_train:   9%|▉         | 180000/2000000 [00:30<05:29, 5516.04step/s, z=9e+03 err_min[eps0]=5.51e-01][A
  GD waterbirds_under_rn50_train:   9%|▉         | 183000/2000000 [00:31<05:25, 5588.03step/s, z=9e+03 err_min[eps0]=5.51e-01][A
  GD waterbirds_under_rn50_train:   9%|▉         | 187000/2000000 [00:32<05:17, 5705.44step/s, z=9e+03 err_min[eps0]=5.51e-01][A
  GD waterbirds_under_rn50_train:  10%|▉         | 190000/2000000 [00:32<05:15, 5733.08step/s, z=9e+03 err_min[eps0]=5.51e-01][A
  GD waterbirds_under_rn50_train:  10%|▉         | 193000/2000000 [00:33<05:48, 5188.34step/s, z=9e+03 err_min[eps0]=5.51e-01][A
  GD waterbirds_under_rn50_train:  10%|▉         | 196000/2000000 [00:34<06:12, 4840.98step/s, z=9e+03 err_min[eps0]=5.51e-01][A
  GD waterbirds_under_rn50_train:  10%|▉         | 199000/2000000 [00:34<06:14, 4805.84step/s, z=9e+03 err_min[eps0]=5.51e-01][A
  GD waterbirds_under_rn50_train:  10%|█         | 200000/2000000 [00:34<06:14, 4805.84step/s, z=1e+04 err_min[eps0]=5.39e-01][A
  GD waterbirds_under_rn50_train:  10%|█         | 202000/2000000 [00:35<05:54, 5075.22step/s, z=1e+04 err_min[eps0]=5.39e-01][A
  GD waterbirds_under_rn50_train:  10%|█         | 205000/2000000 [00:35<05:39, 5281.96step/s, z=1e+04 err_min[eps0]=5.39e-01][A
  GD waterbirds_under_rn50_train:  10%|█         | 209000/2000000 [00:36<05:20, 5583.70step/s, z=1e+04 err_min[eps0]=5.39e-01][A
  GD waterbirds_under_rn50_train:  11%|█         | 213000/2000000 [00:37<05:22, 5538.42step/s, z=1e+04 err_min[eps0]=5.39e-01][A
  GD waterbirds_under_rn50_train:  11%|█         | 216000/2000000 [00:37<05:55, 5022.71step/s, z=1e+04 err_min[eps0]=5.39e-01][A
  GD waterbirds_under_rn50_train:  11%|█         | 219000/2000000 [00:38<06:53, 4302.10step/s, z=1e+04 err_min[eps0]=5.39e-01][A
  GD waterbirds_under_rn50_train:  11%|█         | 222000/2000000 [00:39<07:19, 4045.71step/s, z=1e+04 err_min[eps0]=5.39e-01][A
  GD waterbirds_under_rn50_train:  11%|█▏        | 225000/2000000 [00:40<07:59, 3703.83step/s, z=1e+04 err_min[eps0]=5.39e-01][A
  GD waterbirds_under_rn50_train:  11%|█▏        | 227000/2000000 [00:41<08:43, 3384.37step/s, z=1e+04 err_min[eps0]=5.39e-01][A
  GD waterbirds_under_rn50_train:  11%|█▏        | 229000/2000000 [00:42<09:18, 3173.63step/s, z=1e+04 err_min[eps0]=5.39e-01][A
  GD waterbirds_under_rn50_train:  12%|█▏        | 231000/2000000 [00:42<09:42, 3038.77step/s, z=1e+04 err_min[eps0]=5.39e-01][A
  GD waterbirds_under_rn50_train:  12%|█▏        | 233000/2000000 [00:43<10:20, 2846.61step/s, z=1e+04 err_min[eps0]=5.39e-01][A
  GD waterbirds_under_rn50_train:  12%|█▏        | 235000/2000000 [00:44<09:56, 2959.65step/s, z=1e+04 err_min[eps0]=5.39e-01][A
  GD waterbirds_under_rn50_train:  12%|█▏        | 238000/2000000 [00:44<08:45, 3356.00step/s, z=1e+04 err_min[eps0]=5.39e-01][A
  GD waterbirds_under_rn50_train:  12%|█▏        | 240000/2000000 [00:45<08:36, 3406.55step/s, z=1e+04 err_min[eps0]=5.39e-01][A
  GD waterbirds_under_rn50_train:  12%|█▏        | 240000/2000000 [00:45<08:36, 3406.55step/s, z=1.2e+04 err_min[eps0]=5.28e-01][A
  GD waterbirds_under_rn50_train:  12%|█▏        | 242000/2000000 [00:46<09:01, 3244.66step/s, z=1.2e+04 err_min[eps0]=5.28e-01][A
  GD waterbirds_under_rn50_train:  12%|█▏        | 244000/2000000 [00:46<09:04, 3227.60step/s, z=1.2e+04 err_min[eps0]=5.28e-01][A
  GD waterbirds_under_rn50_train:  12%|█▏        | 246000/2000000 [00:47<09:01, 3242.04step/s, z=1.2e+04 err_min[eps0]=5.28e-01][A
  GD waterbirds_under_rn50_train:  12%|█▏        | 248000/2000000 [00:48<09:15, 3151.34step/s, z=1.2e+04 err_min[eps0]=5.28e-01][A
  GD waterbirds_under_rn50_train:  13%|█▎        | 251000/2000000 [00:48<08:09, 3570.66step/s, z=1.2e+04 err_min[eps0]=5.28e-01][A
  GD waterbirds_under_rn50_train:  13%|█▎        | 254000/2000000 [00:49<07:30, 3875.12step/s, z=1.2e+04 err_min[eps0]=5.28e-01][A
  GD waterbirds_under_rn50_train:  13%|█▎        | 256000/2000000 [00:50<07:32, 3854.98step/s, z=1.2e+04 err_min[eps0]=5.28e-01][A
  GD waterbirds_under_rn50_train:  13%|█▎        | 258000/2000000 [00:50<07:51, 3691.81step/s, z=1.2e+04 err_min[eps0]=5.28e-01][A
  GD waterbirds_under_rn50_train:  13%|█▎        | 260000/2000000 [00:51<07:57, 3645.91step/s, z=1.2e+04 err_min[eps0]=5.28e-01][A
  GD waterbirds_under_rn50_train:  13%|█▎        | 260000/2000000 [00:51<07:57, 3645.91step/s, z=1.3e+04 err_min[eps0]=5.17e-01][A
  GD waterbirds_under_rn50_train:  13%|█▎        | 263000/2000000 [00:51<07:13, 4010.10step/s, z=1.3e+04 err_min[eps0]=5.17e-01][A
  GD waterbirds_under_rn50_train:  13%|█▎        | 266000/2000000 [00:52<06:48, 4240.50step/s, z=1.3e+04 err_min[eps0]=5.17e-01][A
  GD waterbirds_under_rn50_train:  13%|█▎        | 269000/2000000 [00:53<06:24, 4500.59step/s, z=1.3e+04 err_min[eps0]=5.17e-01][A
  GD waterbirds_under_rn50_train:  14%|█▎        | 272000/2000000 [00:53<06:14, 4615.74step/s, z=1.3e+04 err_min[eps0]=5.17e-01][A
  GD waterbirds_under_rn50_train:  14%|█▍        | 275000/2000000 [00:54<06:10, 4653.46step/s, z=1.3e+04 err_min[eps0]=5.17e-01][A
  GD waterbirds_under_rn50_train:  14%|█▍        | 278000/2000000 [00:55<07:06, 4035.14step/s, z=1.3e+04 err_min[eps0]=5.17e-01][A
  GD waterbirds_under_rn50_train:  14%|█▍        | 281000/2000000 [00:56<07:51, 3644.71step/s, z=1.3e+04 err_min[eps0]=5.17e-01][A
  GD waterbirds_under_rn50_train:  14%|█▍        | 283000/2000000 [00:56<08:26, 3387.40step/s, z=1.3e+04 err_min[eps0]=5.17e-01][A
  GD waterbirds_under_rn50_train:  14%|█▍        | 285000/2000000 [00:57<08:12, 3485.01step/s, z=1.3e+04 err_min[eps0]=5.17e-01][A
  GD waterbirds_under_rn50_train:  14%|█▍        | 287000/2000000 [00:58<08:16, 3449.45step/s, z=1.3e+04 err_min[eps0]=5.17e-01][A
  GD waterbirds_under_rn50_train:  14%|█▍        | 289000/2000000 [00:58<08:37, 3305.36step/s, z=1.3e+04 err_min[eps0]=5.17e-01][A
  GD waterbirds_under_rn50_train:  15%|█▍        | 291000/2000000 [00:59<08:49, 3225.11step/s, z=1.3e+04 err_min[eps0]=5.17e-01][A
  GD waterbirds_under_rn50_train:  15%|█▍        | 293000/2000000 [01:00<09:00, 3156.98step/s, z=1.3e+04 err_min[eps0]=5.17e-01][A
  GD waterbirds_under_rn50_train:  15%|█▍        | 295000/2000000 [01:00<09:10, 3094.48step/s, z=1.3e+04 err_min[eps0]=5.17e-01][A
  GD waterbirds_under_rn50_train:  15%|█▍        | 298000/2000000 [01:01<07:40, 3699.53step/s, z=1.3e+04 err_min[eps0]=5.17e-01][A
  GD waterbirds_under_rn50_train:  15%|█▌        | 300000/2000000 [01:01<07:45, 3649.53step/s, z=1.3e+04 err_min[eps0]=5.17e-01][A
  GD waterbirds_under_rn50_train:  15%|█▌        | 300000/2000000 [01:01<07:45, 3649.53step/s, z=1.5e+04 err_min[eps0]=5.05e-01][A
  GD waterbirds_under_rn50_train:  15%|█▌        | 302000/2000000 [01:02<08:23, 3373.07step/s, z=1.5e+04 err_min[eps0]=5.05e-01][A
  GD waterbirds_under_rn50_train:  15%|█▌        | 304000/2000000 [01:03<08:40, 3261.07step/s, z=1.5e+04 err_min[eps0]=5.05e-01][A
  GD waterbirds_under_rn50_train:  15%|█▌        | 306000/2000000 [01:03<08:52, 3180.45step/s, z=1.5e+04 err_min[eps0]=5.05e-01][A
  GD waterbirds_under_rn50_train:  15%|█▌        | 308000/2000000 [01:04<09:17, 3033.14step/s, z=1.5e+04 err_min[eps0]=5.05e-01][A
  GD waterbirds_under_rn50_train:  16%|█▌        | 311000/2000000 [01:05<08:40, 3243.42step/s, z=1.5e+04 err_min[eps0]=5.05e-01][A
  GD waterbirds_under_rn50_train:  16%|█▌        | 313000/2000000 [01:06<08:53, 3161.94step/s, z=1.5e+04 err_min[eps0]=5.05e-01][A
  GD waterbirds_under_rn50_train:  16%|█▌        | 315000/2000000 [01:06<08:58, 3129.69step/s, z=1.5e+04 err_min[eps0]=5.05e-01][A
  GD waterbirds_under_rn50_train:  16%|█▌        | 317000/2000000 [01:07<09:27, 2964.04step/s, z=1.5e+04 err_min[eps0]=5.05e-01][A
  GD waterbirds_under_rn50_train:  16%|█▌        | 319000/2000000 [01:08<09:13, 3034.39step/s, z=1.5e+04 err_min[eps0]=5.05e-01][A
  GD waterbirds_under_rn50_train:  16%|█▌        | 320000/2000000 [01:08<09:13, 3034.39step/s, z=1.6e+04 err_min[eps0]=4.92e-01][A
  GD waterbirds_under_rn50_train:  16%|█▌        | 322000/2000000 [01:09<08:39, 3231.84step/s, z=1.6e+04 err_min[eps0]=4.92e-01][A
  GD waterbirds_under_rn50_train:  16%|█▌        | 324000/2000000 [01:09<08:48, 3169.15step/s, z=1.6e+04 err_min[eps0]=4.92e-01][A
  GD waterbirds_under_rn50_train:  16%|█▋        | 326000/2000000 [01:10<08:59, 3102.35step/s, z=1.6e+04 err_min[eps0]=4.92e-01][A
  GD waterbirds_under_rn50_train:  16%|█▋        | 328000/2000000 [01:11<09:06, 3057.32step/s, z=1.6e+04 err_min[eps0]=4.92e-01][A
  GD waterbirds_under_rn50_train:  16%|█▋        | 330000/2000000 [01:11<09:08, 3044.23step/s, z=1.6e+04 err_min[eps0]=4.92e-01][A
  GD waterbirds_under_rn50_train:  17%|█▋        | 332000/2000000 [01:12<09:07, 3044.44step/s, z=1.6e+04 err_min[eps0]=4.92e-01][A
  GD waterbirds_under_rn50_train:  17%|█▋        | 334000/2000000 [01:13<09:12, 3014.70step/s, z=1.6e+04 err_min[eps0]=4.92e-01][A
  GD waterbirds_under_rn50_train:  17%|█▋        | 336000/2000000 [01:13<09:08, 3031.43step/s, z=1.6e+04 err_min[eps0]=4.92e-01][A
  GD waterbirds_under_rn50_train:  17%|█▋        | 338000/2000000 [01:14<09:08, 3030.77step/s, z=1.6e+04 err_min[eps0]=4.92e-01][A
  GD waterbirds_under_rn50_train:  17%|█▋        | 340000/2000000 [01:14<08:56, 3094.02step/s, z=1.6e+04 err_min[eps0]=4.92e-01][A
  GD waterbirds_under_rn50_train:  17%|█▋        | 343000/2000000 [01:15<08:19, 3315.83step/s, z=1.6e+04 err_min[eps0]=4.92e-01][A
  GD waterbirds_under_rn50_train:  17%|█▋        | 345000/2000000 [01:16<08:35, 3213.30step/s, z=1.6e+04 err_min[eps0]=4.92e-01][A
  GD waterbirds_under_rn50_train:  17%|█▋        | 347000/2000000 [01:17<08:43, 3155.17step/s, z=1.6e+04 err_min[eps0]=4.92e-01][A
  GD waterbirds_under_rn50_train:  17%|█▋        | 349000/2000000 [01:17<08:51, 3109.12step/s, z=1.6e+04 err_min[eps0]=4.92e-01][A
  GD waterbirds_under_rn50_train:  18%|█▊        | 351000/2000000 [01:18<08:56, 3074.20step/s, z=1.6e+04 err_min[eps0]=4.92e-01][A
  GD waterbirds_under_rn50_train:  18%|█▊        | 353000/2000000 [01:19<08:54, 3081.36step/s, z=1.6e+04 err_min[eps0]=4.92e-01][A
  GD waterbirds_under_rn50_train:  18%|█▊        | 355000/2000000 [01:19<09:11, 2981.57step/s, z=1.6e+04 err_min[eps0]=4.92e-01][A
  GD waterbirds_under_rn50_train:  18%|█▊        | 357000/2000000 [01:20<09:11, 2980.85step/s, z=1.6e+04 err_min[eps0]=4.92e-01][A
  GD waterbirds_under_rn50_train:  18%|█▊        | 359000/2000000 [01:21<09:08, 2991.46step/s, z=1.6e+04 err_min[eps0]=4.92e-01][A
  GD waterbirds_under_rn50_train:  18%|█▊        | 360000/2000000 [01:21<09:08, 2991.46step/s, z=1.8e+04 err_min[eps0]=4.77e-01][A
  GD waterbirds_under_rn50_train:  18%|█▊        | 361000/2000000 [01:21<08:51, 3081.24step/s, z=1.8e+04 err_min[eps0]=4.77e-01][A
  GD waterbirds_under_rn50_train:  18%|█▊        | 364000/2000000 [01:22<08:19, 3276.05step/s, z=1.8e+04 err_min[eps0]=4.77e-01][A
  GD waterbirds_under_rn50_train:  18%|█▊        | 366000/2000000 [01:23<08:32, 3191.01step/s, z=1.8e+04 err_min[eps0]=4.77e-01][A
  GD waterbirds_under_rn50_train:  18%|█▊        | 368000/2000000 [01:23<08:39, 3141.19step/s, z=1.8e+04 err_min[eps0]=4.77e-01][A
  GD waterbirds_under_rn50_train:  18%|█▊        | 370000/2000000 [01:24<08:47, 3087.49step/s, z=1.8e+04 err_min[eps0]=4.77e-01][A
  GD waterbirds_under_rn50_train:  19%|█▊        | 372000/2000000 [01:25<08:57, 3026.88step/s, z=1.8e+04 err_min[eps0]=4.77e-01][A
  GD waterbirds_under_rn50_train:  19%|█▊        | 374000/2000000 [01:25<09:01, 3002.67step/s, z=1.8e+04 err_min[eps0]=4.77e-01][A
  GD waterbirds_under_rn50_train:  19%|█▉        | 376000/2000000 [01:26<09:06, 2973.60step/s, z=1.8e+04 err_min[eps0]=4.77e-01][A
  GD waterbirds_under_rn50_train:  19%|█▉        | 378000/2000000 [01:27<09:02, 2991.12step/s, z=1.8e+04 err_min[eps0]=4.77e-01][A
  GD waterbirds_under_rn50_train:  19%|█▉        | 380000/2000000 [01:27<09:02, 2984.06step/s, z=1.8e+04 err_min[eps0]=4.77e-01][A
  GD waterbirds_under_rn50_train:  19%|█▉        | 382000/2000000 [01:28<08:28, 3182.91step/s, z=1.8e+04 err_min[eps0]=4.77e-01][A
  GD waterbirds_under_rn50_train:  19%|█▉        | 386000/2000000 [01:29<06:27, 4165.42step/s, z=1.8e+04 err_min[eps0]=4.77e-01][A
  GD waterbirds_under_rn50_train:  19%|█▉        | 389000/2000000 [01:29<06:02, 4448.10step/s, z=1.8e+04 err_min[eps0]=4.77e-01][A
  GD waterbirds_under_rn50_train:  20%|█▉        | 392000/2000000 [01:30<06:57, 3847.78step/s, z=1.8e+04 err_min[eps0]=4.77e-01][A
  GD waterbirds_under_rn50_train:  20%|█▉        | 395000/2000000 [01:31<07:34, 3529.08step/s, z=1.8e+04 err_min[eps0]=4.77e-01][A
  GD waterbirds_under_rn50_train:  20%|█▉        | 397000/2000000 [01:32<07:53, 3387.66step/s, z=1.8e+04 err_min[eps0]=4.77e-01][A
  GD waterbirds_under_rn50_train:  20%|█▉        | 399000/2000000 [01:33<08:08, 3278.96step/s, z=1.8e+04 err_min[eps0]=4.77e-01][A
  GD waterbirds_under_rn50_train:  20%|██        | 400000/2000000 [01:33<08:07, 3278.96step/s, z=2e+04 err_min[eps0]=4.62e-01]  [A
  GD waterbirds_under_rn50_train:  20%|██        | 401000/2000000 [01:33<08:25, 3162.37step/s, z=2e+04 err_min[eps0]=4.62e-01][A
  GD waterbirds_under_rn50_train:  20%|██        | 403000/2000000 [01:34<08:25, 3157.15step/s, z=2e+04 err_min[eps0]=4.62e-01][A
  GD waterbirds_under_rn50_train:  20%|██        | 405000/2000000 [01:35<08:32, 3109.70step/s, z=2e+04 err_min[eps0]=4.62e-01][A
  GD waterbirds_under_rn50_train:  20%|██        | 407000/2000000 [01:35<08:44, 3036.58step/s, z=2e+04 err_min[eps0]=4.62e-01][A
  GD waterbirds_under_rn50_train:  20%|██        | 409000/2000000 [01:36<08:07, 3262.47step/s, z=2e+04 err_min[eps0]=4.62e-01][A
  GD waterbirds_under_rn50_train:  21%|██        | 411000/2000000 [01:36<08:04, 3280.41step/s, z=2e+04 err_min[eps0]=4.62e-01][A
  GD waterbirds_under_rn50_train:  21%|██        | 413000/2000000 [01:37<08:17, 3189.37step/s, z=2e+04 err_min[eps0]=4.62e-01][A
  GD waterbirds_under_rn50_train:  21%|██        | 415000/2000000 [01:38<08:26, 3128.89step/s, z=2e+04 err_min[eps0]=4.62e-01][A
  GD waterbirds_under_rn50_train:  21%|██        | 417000/2000000 [01:38<08:33, 3085.46step/s, z=2e+04 err_min[eps0]=4.62e-01][A
  GD waterbirds_under_rn50_train:  21%|██        | 419000/2000000 [01:39<08:42, 3026.76step/s, z=2e+04 err_min[eps0]=4.62e-01][A
  GD waterbirds_under_rn50_train:  21%|██        | 421000/2000000 [01:40<08:28, 3107.33step/s, z=2e+04 err_min[eps0]=4.62e-01][A
  GD waterbirds_under_rn50_train:  21%|██        | 423000/2000000 [01:40<08:33, 3073.66step/s, z=2e+04 err_min[eps0]=4.62e-01][A
  GD waterbirds_under_rn50_train:  21%|██▏       | 425000/2000000 [01:41<08:37, 3044.99step/s, z=2e+04 err_min[eps0]=4.62e-01][A
  GD waterbirds_under_rn50_train:  21%|██▏       | 427000/2000000 [01:42<08:40, 3021.18step/s, z=2e+04 err_min[eps0]=4.62e-01][A
  GD waterbirds_under_rn50_train:  21%|██▏       | 429000/2000000 [01:42<08:45, 2991.76step/s, z=2e+04 err_min[eps0]=4.62e-01][A
  GD waterbirds_under_rn50_train:  22%|██▏       | 432000/2000000 [01:43<07:55, 3297.84step/s, z=2e+04 err_min[eps0]=4.62e-01][A
  GD waterbirds_under_rn50_train:  22%|██▏       | 434000/2000000 [01:44<08:09, 3196.49step/s, z=2e+04 err_min[eps0]=4.62e-01][A
  GD waterbirds_under_rn50_train:  22%|██▏       | 436000/2000000 [01:44<08:17, 3144.84step/s, z=2e+04 err_min[eps0]=4.62e-01][A
  GD waterbirds_under_rn50_train:  22%|██▏       | 438000/2000000 [01:45<08:23, 3100.65step/s, z=2e+04 err_min[eps0]=4.62e-01][A
  GD waterbirds_under_rn50_train:  22%|██▏       | 440000/2000000 [01:46<08:29, 3060.72step/s, z=2e+04 err_min[eps0]=4.62e-01][A
  GD waterbirds_under_rn50_train:  22%|██▏       | 442000/2000000 [01:46<08:21, 3104.04step/s, z=2e+04 err_min[eps0]=4.62e-01][A
  GD waterbirds_under_rn50_train:  22%|██▏       | 444000/2000000 [01:47<08:26, 3070.46step/s, z=2e+04 err_min[eps0]=4.62e-01][A
  GD waterbirds_under_rn50_train:  22%|██▏       | 446000/2000000 [01:48<08:33, 3028.50step/s, z=2e+04 err_min[eps0]=4.62e-01][A
  GD waterbirds_under_rn50_train:  22%|██▏       | 448000/2000000 [01:49<08:48, 2936.64step/s, z=2e+04 err_min[eps0]=4.62e-01][A
  GD waterbirds_under_rn50_train:  22%|██▎       | 450000/2000000 [01:49<08:46, 2943.03step/s, z=2e+04 err_min[eps0]=4.62e-01][A
  GD waterbirds_under_rn50_train:  23%|██▎       | 453000/2000000 [01:50<07:17, 3537.05step/s, z=2e+04 err_min[eps0]=4.62e-01][A
  GD waterbirds_under_rn50_train:  23%|██▎       | 455000/2000000 [01:50<07:38, 3372.25step/s, z=2e+04 err_min[eps0]=4.62e-01][A
  GD waterbirds_under_rn50_train:  23%|██▎       | 457000/2000000 [01:51<07:54, 3252.00step/s, z=2e+04 err_min[eps0]=4.62e-01][A
  GD waterbirds_under_rn50_train:  23%|██▎       | 459000/2000000 [01:52<08:10, 3143.47step/s, z=2e+04 err_min[eps0]=4.62e-01][A
  GD waterbirds_under_rn50_train:  23%|██▎       | 460000/2000000 [01:52<08:09, 3143.47step/s, z=2.3e+04 err_min[eps0]=4.47e-01][A
  GD waterbirds_under_rn50_train:  23%|██▎       | 461000/2000000 [01:52<08:16, 3102.19step/s, z=2.3e+04 err_min[eps0]=4.47e-01][A
  GD waterbirds_under_rn50_train:  23%|██▎       | 463000/2000000 [01:53<08:14, 3107.03step/s, z=2.3e+04 err_min[eps0]=4.47e-01][A
  GD waterbirds_under_rn50_train:  23%|██▎       | 465000/2000000 [01:54<08:19, 3072.69step/s, z=2.3e+04 err_min[eps0]=4.47e-01][A
  GD waterbirds_under_rn50_train:  23%|██▎       | 467000/2000000 [01:54<08:28, 3016.11step/s, z=2.3e+04 err_min[eps0]=4.47e-01][A
  GD waterbirds_under_rn50_train:  23%|██▎       | 469000/2000000 [01:55<08:24, 3037.14step/s, z=2.3e+04 err_min[eps0]=4.47e-01][A
  GD waterbirds_under_rn50_train:  24%|██▎       | 471000/2000000 [01:56<08:24, 3029.84step/s, z=2.3e+04 err_min[eps0]=4.47e-01][A
  GD waterbirds_under_rn50_train:  24%|██▎       | 473000/2000000 [01:56<07:48, 3262.18step/s, z=2.3e+04 err_min[eps0]=4.47e-01][A
  GD waterbirds_under_rn50_train:  24%|██▍       | 475000/2000000 [01:57<07:36, 3338.51step/s, z=2.3e+04 err_min[eps0]=4.47e-01][A
  GD waterbirds_under_rn50_train:  24%|██▍       | 477000/2000000 [01:58<07:53, 3219.12step/s, z=2.3e+04 err_min[eps0]=4.47e-01][A
  GD waterbirds_under_rn50_train:  24%|██▍       | 479000/2000000 [01:58<08:02, 3151.81step/s, z=2.3e+04 err_min[eps0]=4.47e-01][A
  GD waterbirds_under_rn50_train:  24%|██▍       | 481000/2000000 [01:59<08:12, 3086.05step/s, z=2.3e+04 err_min[eps0]=4.47e-01][A
  GD waterbirds_under_rn50_train:  24%|██▍       | 483000/2000000 [02:00<08:14, 3068.13step/s, z=2.3e+04 err_min[eps0]=4.47e-01][A
  GD waterbirds_under_rn50_train:  24%|██▍       | 485000/2000000 [02:00<08:06, 3113.37step/s, z=2.3e+04 err_min[eps0]=4.47e-01][A
  GD waterbirds_under_rn50_train:  24%|██▍       | 487000/2000000 [02:01<08:12, 3074.22step/s, z=2.3e+04 err_min[eps0]=4.47e-01][A
  GD waterbirds_under_rn50_train:  24%|██▍       | 489000/2000000 [02:01<08:16, 3045.87step/s, z=2.3e+04 err_min[eps0]=4.47e-01][A
  GD waterbirds_under_rn50_train:  25%|██▍       | 491000/2000000 [02:02<08:20, 3013.54step/s, z=2.3e+04 err_min[eps0]=4.47e-01][A
  GD waterbirds_under_rn50_train:  25%|██▍       | 493000/2000000 [02:03<08:19, 3018.19step/s, z=2.3e+04 err_min[eps0]=4.47e-01][A
  GD waterbirds_under_rn50_train:  25%|██▍       | 496000/2000000 [02:03<06:49, 3674.51step/s, z=2.3e+04 err_min[eps0]=4.47e-01][A
  GD waterbirds_under_rn50_train:  25%|██▌       | 500000/2000000 [02:04<05:42, 4384.72step/s, z=2.3e+04 err_min[eps0]=4.47e-01][A
  GD waterbirds_under_rn50_train:  25%|██▌       | 503000/2000000 [02:05<06:37, 3767.65step/s, z=2.3e+04 err_min[eps0]=4.47e-01][A
  GD waterbirds_under_rn50_train:  25%|██▌       | 505000/2000000 [02:06<07:02, 3535.62step/s, z=2.3e+04 err_min[eps0]=4.47e-01][A
  GD waterbirds_under_rn50_train:  25%|██▌       | 507000/2000000 [02:06<07:19, 3394.91step/s, z=2.3e+04 err_min[eps0]=4.47e-01][A
  GD waterbirds_under_rn50_train:  25%|██▌       | 509000/2000000 [02:07<07:36, 3269.25step/s, z=2.3e+04 err_min[eps0]=4.47e-01][A
  GD waterbirds_under_rn50_train:  26%|██▌       | 511000/2000000 [02:08<07:46, 3195.15step/s, z=2.3e+04 err_min[eps0]=4.47e-01][A
  GD waterbirds_under_rn50_train:  26%|██▌       | 513000/2000000 [02:08<07:51, 3153.79step/s, z=2.3e+04 err_min[eps0]=4.47e-01][A
  GD waterbirds_under_rn50_train:  26%|██▌       | 515000/2000000 [02:09<07:58, 3105.18step/s, z=2.3e+04 err_min[eps0]=4.47e-01][A
  GD waterbirds_under_rn50_train:  26%|██▌       | 517000/2000000 [02:10<08:04, 3058.35step/s, z=2.3e+04 err_min[eps0]=4.47e-01][A
  GD waterbirds_under_rn50_train:  26%|██▌       | 519000/2000000 [02:10<08:02, 3067.46step/s, z=2.3e+04 err_min[eps0]=4.47e-01][A
  GD waterbirds_under_rn50_train:  26%|██▌       | 520000/2000000 [02:11<08:02, 3067.46step/s, z=2.6e+04 err_min[eps0]=4.32e-01][A
  GD waterbirds_under_rn50_train:  26%|██▌       | 521000/2000000 [02:11<07:30, 3285.28step/s, z=2.6e+04 err_min[eps0]=4.32e-01][A
  GD waterbirds_under_rn50_train:  26%|██▌       | 523000/2000000 [02:12<07:41, 3200.59step/s, z=2.6e+04 err_min[eps0]=4.32e-01][A
  GD waterbirds_under_rn50_train:  26%|██▋       | 525000/2000000 [02:12<07:53, 3114.81step/s, z=2.6e+04 err_min[eps0]=4.32e-01][A
  GD waterbirds_under_rn50_train:  26%|██▋       | 527000/2000000 [02:13<07:58, 3078.39step/s, z=2.6e+04 err_min[eps0]=4.32e-01][A
  GD waterbirds_under_rn50_train:  26%|██▋       | 529000/2000000 [02:14<08:00, 3062.94step/s, z=2.6e+04 err_min[eps0]=4.32e-01][A
  GD waterbirds_under_rn50_train:  27%|██▋       | 531000/2000000 [02:14<07:56, 3082.96step/s, z=2.6e+04 err_min[eps0]=4.32e-01][A
  GD waterbirds_under_rn50_train:  27%|██▋       | 533000/2000000 [02:15<08:01, 3049.00step/s, z=2.6e+04 err_min[eps0]=4.32e-01][A
  GD waterbirds_under_rn50_train:  27%|██▋       | 535000/2000000 [02:16<08:02, 3033.75step/s, z=2.6e+04 err_min[eps0]=4.32e-01][A
  GD waterbirds_under_rn50_train:  27%|██▋       | 537000/2000000 [02:16<08:09, 2988.61step/s, z=2.6e+04 err_min[eps0]=4.32e-01][A
  GD waterbirds_under_rn50_train:  27%|██▋       | 539000/2000000 [02:17<08:04, 3016.80step/s, z=2.6e+04 err_min[eps0]=4.32e-01][A
  GD waterbirds_under_rn50_train:  27%|██▋       | 541000/2000000 [02:18<08:05, 3007.86step/s, z=2.6e+04 err_min[eps0]=4.32e-01][A
  GD waterbirds_under_rn50_train:  27%|██▋       | 543000/2000000 [02:18<07:56, 3059.18step/s, z=2.6e+04 err_min[eps0]=4.32e-01][A
  GD waterbirds_under_rn50_train:  27%|██▋       | 545000/2000000 [02:19<07:58, 3039.00step/s, z=2.6e+04 err_min[eps0]=4.32e-01][A
  GD waterbirds_under_rn50_train:  27%|██▋       | 547000/2000000 [02:20<08:04, 3001.29step/s, z=2.6e+04 err_min[eps0]=4.32e-01][A
  GD waterbirds_under_rn50_train:  27%|██▋       | 549000/2000000 [02:20<08:00, 3019.07step/s, z=2.6e+04 err_min[eps0]=4.32e-01][A
  GD waterbirds_under_rn50_train:  28%|██▊       | 551000/2000000 [02:21<07:56, 3039.31step/s, z=2.6e+04 err_min[eps0]=4.32e-01][A
  GD waterbirds_under_rn50_train:  28%|██▊       | 553000/2000000 [02:22<07:57, 3031.41step/s, z=2.6e+04 err_min[eps0]=4.32e-01][A
  GD waterbirds_under_rn50_train:  28%|██▊       | 555000/2000000 [02:22<07:58, 3019.36step/s, z=2.6e+04 err_min[eps0]=4.32e-01][A
  GD waterbirds_under_rn50_train:  28%|██▊       | 557000/2000000 [02:23<07:59, 3006.89step/s, z=2.6e+04 err_min[eps0]=4.32e-01][A
  GD waterbirds_under_rn50_train:  28%|██▊       | 559000/2000000 [02:24<08:00, 2998.83step/s, z=2.6e+04 err_min[eps0]=4.32e-01][A
  GD waterbirds_under_rn50_train:  28%|██▊       | 561000/2000000 [02:24<07:58, 3010.30step/s, z=2.6e+04 err_min[eps0]=4.32e-01][A
  GD waterbirds_under_rn50_train:  28%|██▊       | 563000/2000000 [02:25<08:03, 2969.69step/s, z=2.6e+04 err_min[eps0]=4.32e-01][A
  GD waterbirds_under_rn50_train:  28%|██▊       | 565000/2000000 [02:26<08:02, 2973.33step/s, z=2.6e+04 err_min[eps0]=4.32e-01][A
  GD waterbirds_under_rn50_train:  28%|██▊       | 567000/2000000 [02:26<08:00, 2979.90step/s, z=2.6e+04 err_min[eps0]=4.32e-01][A
  GD waterbirds_under_rn50_train:  28%|██▊       | 569000/2000000 [02:27<08:00, 2979.88step/s, z=2.6e+04 err_min[eps0]=4.32e-01][A
  GD waterbirds_under_rn50_train:  29%|██▊       | 571000/2000000 [02:28<07:56, 2998.15step/s, z=2.6e+04 err_min[eps0]=4.32e-01][A
  GD waterbirds_under_rn50_train:  29%|██▊       | 573000/2000000 [02:28<07:56, 2993.66step/s, z=2.6e+04 err_min[eps0]=4.32e-01][A
  GD waterbirds_under_rn50_train:  29%|██▉       | 575000/2000000 [02:29<07:56, 2988.67step/s, z=2.6e+04 err_min[eps0]=4.32e-01][A
  GD waterbirds_under_rn50_train:  29%|██▉       | 577000/2000000 [02:30<07:56, 2988.97step/s, z=2.6e+04 err_min[eps0]=4.32e-01][A
  GD waterbirds_under_rn50_train:  29%|██▉       | 579000/2000000 [02:30<07:55, 2988.62step/s, z=2.6e+04 err_min[eps0]=4.32e-01][A
  GD waterbirds_under_rn50_train:  29%|██▉       | 580000/2000000 [02:31<07:55, 2988.62step/s, z=2.9e+04 err_min[eps0]=4.16e-01][A
  GD waterbirds_under_rn50_train:  29%|██▉       | 581000/2000000 [02:31<07:52, 3003.51step/s, z=2.9e+04 err_min[eps0]=4.16e-01][A
  GD waterbirds_under_rn50_train:  29%|██▉       | 583000/2000000 [02:32<07:53, 2995.56step/s, z=2.9e+04 err_min[eps0]=4.16e-01][A
  GD waterbirds_under_rn50_train:  29%|██▉       | 585000/2000000 [02:32<07:52, 2995.40step/s, z=2.9e+04 err_min[eps0]=4.16e-01][A
  GD waterbirds_under_rn50_train:  29%|██▉       | 587000/2000000 [02:33<07:52, 2989.54step/s, z=2.9e+04 err_min[eps0]=4.16e-01][A
  GD waterbirds_under_rn50_train:  29%|██▉       | 589000/2000000 [02:34<07:52, 2987.87step/s, z=2.9e+04 err_min[eps0]=4.16e-01][A
  GD waterbirds_under_rn50_train:  30%|██▉       | 591000/2000000 [02:34<07:49, 2998.66step/s, z=2.9e+04 err_min[eps0]=4.16e-01][A
  GD waterbirds_under_rn50_train:  30%|██▉       | 593000/2000000 [02:35<07:49, 2997.20step/s, z=2.9e+04 err_min[eps0]=4.16e-01][A
  GD waterbirds_under_rn50_train:  30%|██▉       | 595000/2000000 [02:36<07:49, 2991.38step/s, z=2.9e+04 err_min[eps0]=4.16e-01][A
  GD waterbirds_under_rn50_train:  30%|██▉       | 597000/2000000 [02:36<07:48, 2992.65step/s, z=2.9e+04 err_min[eps0]=4.16e-01][A
  GD waterbirds_under_rn50_train:  30%|██▉       | 599000/2000000 [02:37<07:46, 3000.17step/s, z=2.9e+04 err_min[eps0]=4.16e-01][A
  GD waterbirds_under_rn50_train:  30%|███       | 601000/2000000 [02:38<07:46, 2999.03step/s, z=2.9e+04 err_min[eps0]=4.16e-01][A
  GD waterbirds_under_rn50_train:  30%|███       | 603000/2000000 [02:38<07:45, 2997.87step/s, z=2.9e+04 err_min[eps0]=4.16e-01][A
  GD waterbirds_under_rn50_train:  30%|███       | 605000/2000000 [02:39<07:46, 2990.42step/s, z=2.9e+04 err_min[eps0]=4.16e-01][A
  GD waterbirds_under_rn50_train:  30%|███       | 607000/2000000 [02:40<07:46, 2987.54step/s, z=2.9e+04 err_min[eps0]=4.16e-01][A
  GD waterbirds_under_rn50_train:  30%|███       | 609000/2000000 [02:40<07:44, 2997.77step/s, z=2.9e+04 err_min[eps0]=4.16e-01][A
  GD waterbirds_under_rn50_train:  31%|███       | 611000/2000000 [02:41<07:43, 2997.67step/s, z=2.9e+04 err_min[eps0]=4.16e-01][A
  GD waterbirds_under_rn50_train:  31%|███       | 613000/2000000 [02:42<07:43, 2991.67step/s, z=2.9e+04 err_min[eps0]=4.16e-01][A
  GD waterbirds_under_rn50_train:  31%|███       | 615000/2000000 [02:42<07:42, 2992.82step/s, z=2.9e+04 err_min[eps0]=4.16e-01][A
  GD waterbirds_under_rn50_train:  31%|███       | 617000/2000000 [02:43<07:42, 2987.58step/s, z=2.9e+04 err_min[eps0]=4.16e-01][A
  GD waterbirds_under_rn50_train:  31%|███       | 619000/2000000 [02:44<07:41, 2994.03step/s, z=2.9e+04 err_min[eps0]=4.16e-01][A
  GD waterbirds_under_rn50_train:  31%|███       | 621000/2000000 [02:44<07:40, 2993.84step/s, z=2.9e+04 err_min[eps0]=4.16e-01][A
  GD waterbirds_under_rn50_train:  31%|███       | 623000/2000000 [02:45<07:40, 2989.92step/s, z=2.9e+04 err_min[eps0]=4.16e-01][A
  GD waterbirds_under_rn50_train:  31%|███▏      | 625000/2000000 [02:46<07:39, 2991.07step/s, z=2.9e+04 err_min[eps0]=4.16e-01][A
  GD waterbirds_under_rn50_train:  31%|███▏      | 627000/2000000 [02:46<07:39, 2987.18step/s, z=2.9e+04 err_min[eps0]=4.16e-01][A
  GD waterbirds_under_rn50_train:  31%|███▏      | 629000/2000000 [02:47<07:36, 3000.69step/s, z=2.9e+04 err_min[eps0]=4.16e-01][A
  GD waterbirds_under_rn50_train:  32%|███▏      | 631000/2000000 [02:48<07:49, 2914.95step/s, z=2.9e+04 err_min[eps0]=4.16e-01][A
  GD waterbirds_under_rn50_train:  32%|███▏      | 633000/2000000 [02:48<07:37, 2985.19step/s, z=2.9e+04 err_min[eps0]=4.16e-01][A
  GD waterbirds_under_rn50_train:  32%|███▏      | 635000/2000000 [02:49<07:37, 2982.96step/s, z=2.9e+04 err_min[eps0]=4.16e-01][A
  GD waterbirds_under_rn50_train:  32%|███▏      | 637000/2000000 [02:50<07:42, 2945.60step/s, z=2.9e+04 err_min[eps0]=4.16e-01][A
  GD waterbirds_under_rn50_train:  32%|███▏      | 639000/2000000 [02:50<07:32, 3005.99step/s, z=2.9e+04 err_min[eps0]=4.16e-01][A
  GD waterbirds_under_rn50_train:  32%|███▏      | 640000/2000000 [02:51<07:32, 3005.99step/s, z=3.2e+04 err_min[eps0]=4.00e-01][A
  GD waterbirds_under_rn50_train:  32%|███▏      | 641000/2000000 [02:51<07:35, 2984.41step/s, z=3.2e+04 err_min[eps0]=4.00e-01][A
  GD waterbirds_under_rn50_train:  32%|███▏      | 643000/2000000 [02:52<07:36, 2971.79step/s, z=3.2e+04 err_min[eps0]=4.00e-01][A
  GD waterbirds_under_rn50_train:  32%|███▏      | 645000/2000000 [02:52<07:30, 3004.50step/s, z=3.2e+04 err_min[eps0]=4.00e-01][A
  GD waterbirds_under_rn50_train:  32%|███▏      | 647000/2000000 [02:53<07:31, 2996.39step/s, z=3.2e+04 err_min[eps0]=4.00e-01][A
  GD waterbirds_under_rn50_train:  32%|███▏      | 649000/2000000 [02:54<07:35, 2967.99step/s, z=3.2e+04 err_min[eps0]=4.00e-01][A
  GD waterbirds_under_rn50_train:  33%|███▎      | 651000/2000000 [02:54<07:38, 2943.39step/s, z=3.2e+04 err_min[eps0]=4.00e-01][A
  GD waterbirds_under_rn50_train:  33%|███▎      | 653000/2000000 [02:55<07:32, 2975.60step/s, z=3.2e+04 err_min[eps0]=4.00e-01][A
  GD waterbirds_under_rn50_train:  33%|███▎      | 655000/2000000 [02:56<07:31, 2977.17step/s, z=3.2e+04 err_min[eps0]=4.00e-01][A
  GD waterbirds_under_rn50_train:  33%|███▎      | 657000/2000000 [02:56<07:31, 2973.56step/s, z=3.2e+04 err_min[eps0]=4.00e-01][A
  GD waterbirds_under_rn50_train:  33%|███▎      | 659000/2000000 [02:57<07:22, 3029.93step/s, z=3.2e+04 err_min[eps0]=4.00e-01][A
  GD waterbirds_under_rn50_train:  33%|███▎      | 661000/2000000 [02:58<07:24, 3014.69step/s, z=3.2e+04 err_min[eps0]=4.00e-01][A
  GD waterbirds_under_rn50_train:  33%|███▎      | 663000/2000000 [02:58<07:24, 3009.12step/s, z=3.2e+04 err_min[eps0]=4.00e-01][A
  GD waterbirds_under_rn50_train:  33%|███▎      | 665000/2000000 [02:59<07:25, 2999.29step/s, z=3.2e+04 err_min[eps0]=4.00e-01][A
  GD waterbirds_under_rn50_train:  33%|███▎      | 667000/2000000 [03:00<07:24, 2996.36step/s, z=3.2e+04 err_min[eps0]=4.00e-01][A
  GD waterbirds_under_rn50_train:  33%|███▎      | 669000/2000000 [03:00<07:20, 3020.58step/s, z=3.2e+04 err_min[eps0]=4.00e-01][A
  GD waterbirds_under_rn50_train:  34%|███▎      | 671000/2000000 [03:01<07:22, 3003.48step/s, z=3.2e+04 err_min[eps0]=4.00e-01][A
  GD waterbirds_under_rn50_train:  34%|███▎      | 673000/2000000 [03:02<07:22, 3001.80step/s, z=3.2e+04 err_min[eps0]=4.00e-01][A
  GD waterbirds_under_rn50_train:  34%|███▍      | 675000/2000000 [03:02<07:27, 2964.07step/s, z=3.2e+04 err_min[eps0]=4.00e-01][A
  GD waterbirds_under_rn50_train:  34%|███▍      | 677000/2000000 [03:03<07:19, 3007.04step/s, z=3.2e+04 err_min[eps0]=4.00e-01][A
  GD waterbirds_under_rn50_train:  34%|███▍      | 679000/2000000 [03:04<07:18, 3013.56step/s, z=3.2e+04 err_min[eps0]=4.00e-01][A
  GD waterbirds_under_rn50_train:  34%|███▍      | 681000/2000000 [03:04<07:17, 3014.43step/s, z=3.2e+04 err_min[eps0]=4.00e-01][A
  GD waterbirds_under_rn50_train:  34%|███▍      | 683000/2000000 [03:05<07:17, 3011.96step/s, z=3.2e+04 err_min[eps0]=4.00e-01][A
  GD waterbirds_under_rn50_train:  34%|███▍      | 685000/2000000 [03:06<07:18, 2999.83step/s, z=3.2e+04 err_min[eps0]=4.00e-01][A
  GD waterbirds_under_rn50_train:  34%|███▍      | 687000/2000000 [03:06<07:23, 2960.93step/s, z=3.2e+04 err_min[eps0]=4.00e-01][A
  GD waterbirds_under_rn50_train:  34%|███▍      | 689000/2000000 [03:07<07:08, 3058.98step/s, z=3.2e+04 err_min[eps0]=4.00e-01][A
  GD waterbirds_under_rn50_train:  35%|███▍      | 691000/2000000 [03:08<07:16, 2999.44step/s, z=3.2e+04 err_min[eps0]=4.00e-01][A
  GD waterbirds_under_rn50_train:  35%|███▍      | 693000/2000000 [03:08<07:10, 3037.36step/s, z=3.2e+04 err_min[eps0]=4.00e-01][A
  GD waterbirds_under_rn50_train:  35%|███▍      | 695000/2000000 [03:09<07:12, 3019.50step/s, z=3.2e+04 err_min[eps0]=4.00e-01][A
  GD waterbirds_under_rn50_train:  35%|███▍      | 697000/2000000 [03:10<07:18, 2970.42step/s, z=3.2e+04 err_min[eps0]=4.00e-01][A
  GD waterbirds_under_rn50_train:  35%|███▍      | 699000/2000000 [03:10<07:09, 3027.99step/s, z=3.2e+04 err_min[eps0]=4.00e-01][A
  GD waterbirds_under_rn50_train:  35%|███▌      | 701000/2000000 [03:11<07:13, 2993.86step/s, z=3.2e+04 err_min[eps0]=4.00e-01][A
  GD waterbirds_under_rn50_train:  35%|███▌      | 703000/2000000 [03:12<07:14, 2981.90step/s, z=3.2e+04 err_min[eps0]=4.00e-01][A
  GD waterbirds_under_rn50_train:  35%|███▌      | 705000/2000000 [03:12<07:10, 3009.36step/s, z=3.2e+04 err_min[eps0]=4.00e-01][A
  GD waterbirds_under_rn50_train:  35%|███▌      | 707000/2000000 [03:13<07:07, 3022.19step/s, z=3.2e+04 err_min[eps0]=4.00e-01][A
  GD waterbirds_under_rn50_train:  35%|███▌      | 709000/2000000 [03:14<07:17, 2951.53step/s, z=3.2e+04 err_min[eps0]=4.00e-01][A
  GD waterbirds_under_rn50_train:  36%|███▌      | 711000/2000000 [03:14<07:17, 2947.10step/s, z=3.2e+04 err_min[eps0]=4.00e-01][A
  GD waterbirds_under_rn50_train:  36%|███▌      | 713000/2000000 [03:15<07:13, 2969.47step/s, z=3.2e+04 err_min[eps0]=4.00e-01][A
  GD waterbirds_under_rn50_train:  36%|███▌      | 715000/2000000 [03:16<07:12, 2971.38step/s, z=3.2e+04 err_min[eps0]=4.00e-01][A
  GD waterbirds_under_rn50_train:  36%|███▌      | 717000/2000000 [03:16<07:12, 2964.54step/s, z=3.2e+04 err_min[eps0]=4.00e-01][A
  GD waterbirds_under_rn50_train:  36%|███▌      | 719000/2000000 [03:17<07:06, 3001.89step/s, z=3.2e+04 err_min[eps0]=4.00e-01][A
  GD waterbirds_under_rn50_train:  36%|███▌      | 720000/2000000 [03:17<07:06, 3001.89step/s, z=3.6e+04 err_min[eps0]=3.86e-01][A
  GD waterbirds_under_rn50_train:  36%|███▌      | 721000/2000000 [03:18<07:07, 2992.99step/s, z=3.6e+04 err_min[eps0]=3.86e-01][A
  GD waterbirds_under_rn50_train:  36%|███▌      | 723000/2000000 [03:18<07:07, 2985.86step/s, z=3.6e+04 err_min[eps0]=3.86e-01][A
  GD waterbirds_under_rn50_train:  36%|███▋      | 725000/2000000 [03:19<07:11, 2957.75step/s, z=3.6e+04 err_min[eps0]=3.86e-01][A
  GD waterbirds_under_rn50_train:  36%|███▋      | 727000/2000000 [03:20<07:00, 3030.24step/s, z=3.6e+04 err_min[eps0]=3.86e-01][A
  GD waterbirds_under_rn50_train:  36%|███▋      | 729000/2000000 [03:20<07:03, 3001.41step/s, z=3.6e+04 err_min[eps0]=3.86e-01][A
  GD waterbirds_under_rn50_train:  37%|███▋      | 731000/2000000 [03:21<07:02, 3001.78step/s, z=3.6e+04 err_min[eps0]=3.86e-01][A
  GD waterbirds_under_rn50_train:  37%|███▋      | 733000/2000000 [03:22<07:03, 2993.81step/s, z=3.6e+04 err_min[eps0]=3.86e-01][A
  GD waterbirds_under_rn50_train:  37%|███▋      | 735000/2000000 [03:22<07:04, 2983.01step/s, z=3.6e+04 err_min[eps0]=3.86e-01][A
  GD waterbirds_under_rn50_train:  37%|███▋      | 737000/2000000 [03:23<06:57, 3025.29step/s, z=3.6e+04 err_min[eps0]=3.86e-01][A
  GD waterbirds_under_rn50_train:  37%|███▋      | 739000/2000000 [03:24<06:57, 3020.80step/s, z=3.6e+04 err_min[eps0]=3.86e-01][A
  GD waterbirds_under_rn50_train:  37%|███▋      | 741000/2000000 [03:24<07:02, 2982.27step/s, z=3.6e+04 err_min[eps0]=3.86e-01][A
  GD waterbirds_under_rn50_train:  37%|███▋      | 743000/2000000 [03:25<06:57, 3009.96step/s, z=3.6e+04 err_min[eps0]=3.86e-01][A
  GD waterbirds_under_rn50_train:  37%|███▋      | 745000/2000000 [03:26<06:57, 3003.25step/s, z=3.6e+04 err_min[eps0]=3.86e-01][A
  GD waterbirds_under_rn50_train:  37%|███▋      | 747000/2000000 [03:26<06:51, 3047.44step/s, z=3.6e+04 err_min[eps0]=3.86e-01][A
  GD waterbirds_under_rn50_train:  37%|███▋      | 749000/2000000 [03:27<06:52, 3035.34step/s, z=3.6e+04 err_min[eps0]=3.86e-01][A
  GD waterbirds_under_rn50_train:  38%|███▊      | 751000/2000000 [03:28<06:54, 3014.38step/s, z=3.6e+04 err_min[eps0]=3.86e-01][A
  GD waterbirds_under_rn50_train:  38%|███▊      | 753000/2000000 [03:28<06:54, 3006.92step/s, z=3.6e+04 err_min[eps0]=3.86e-01][A
  GD waterbirds_under_rn50_train:  38%|███▊      | 755000/2000000 [03:29<06:55, 2992.96step/s, z=3.6e+04 err_min[eps0]=3.86e-01][A
  GD waterbirds_under_rn50_train:  38%|███▊      | 757000/2000000 [03:30<06:46, 3059.83step/s, z=3.6e+04 err_min[eps0]=3.86e-01][A
  GD waterbirds_under_rn50_train:  38%|███▊      | 759000/2000000 [03:30<06:49, 3027.61step/s, z=3.6e+04 err_min[eps0]=3.86e-01][A
  GD waterbirds_under_rn50_train:  38%|███▊      | 761000/2000000 [03:31<06:52, 3005.76step/s, z=3.6e+04 err_min[eps0]=3.86e-01][A
  GD waterbirds_under_rn50_train:  38%|███▊      | 763000/2000000 [03:32<06:54, 2987.04step/s, z=3.6e+04 err_min[eps0]=3.86e-01][A
  GD waterbirds_under_rn50_train:  38%|███▊      | 765000/2000000 [03:32<06:49, 3013.31step/s, z=3.6e+04 err_min[eps0]=3.86e-01][A
  GD waterbirds_under_rn50_train:  38%|███▊      | 767000/2000000 [03:33<06:46, 3030.15step/s, z=3.6e+04 err_min[eps0]=3.86e-01][A
  GD waterbirds_under_rn50_train:  38%|███▊      | 769000/2000000 [03:34<06:47, 3021.38step/s, z=3.6e+04 err_min[eps0]=3.86e-01][A
  GD waterbirds_under_rn50_train:  39%|███▊      | 771000/2000000 [03:34<06:47, 3013.53step/s, z=3.6e+04 err_min[eps0]=3.86e-01][A
  GD waterbirds_under_rn50_train:  39%|███▊      | 773000/2000000 [03:35<06:47, 3007.75step/s, z=3.6e+04 err_min[eps0]=3.86e-01][A
  GD waterbirds_under_rn50_train:  39%|███▉      | 775000/2000000 [03:36<06:47, 3002.84step/s, z=3.6e+04 err_min[eps0]=3.86e-01][A
  GD waterbirds_under_rn50_train:  39%|███▉      | 777000/2000000 [03:36<06:43, 3032.86step/s, z=3.6e+04 err_min[eps0]=3.86e-01][A
  GD waterbirds_under_rn50_train:  39%|███▉      | 779000/2000000 [03:37<06:46, 3000.17step/s, z=3.6e+04 err_min[eps0]=3.86e-01][A
  GD waterbirds_under_rn50_train:  39%|███▉      | 781000/2000000 [03:38<06:43, 3021.27step/s, z=3.6e+04 err_min[eps0]=3.86e-01][A
  GD waterbirds_under_rn50_train:  39%|███▉      | 783000/2000000 [03:38<06:47, 2989.32step/s, z=3.6e+04 err_min[eps0]=3.86e-01][A
  GD waterbirds_under_rn50_train:  39%|███▉      | 785000/2000000 [03:39<06:45, 2997.37step/s, z=3.6e+04 err_min[eps0]=3.86e-01][A
  GD waterbirds_under_rn50_train:  39%|███▉      | 787000/2000000 [03:40<06:35, 3068.46step/s, z=3.6e+04 err_min[eps0]=3.86e-01][A
  GD waterbirds_under_rn50_train:  39%|███▉      | 789000/2000000 [03:40<06:40, 3022.39step/s, z=3.6e+04 err_min[eps0]=3.86e-01][A
  GD waterbirds_under_rn50_train:  40%|███▉      | 791000/2000000 [03:41<06:39, 3027.35step/s, z=3.6e+04 err_min[eps0]=3.86e-01][A
  GD waterbirds_under_rn50_train:  40%|███▉      | 793000/2000000 [03:42<06:41, 3008.72step/s, z=3.6e+04 err_min[eps0]=3.86e-01][A
  GD waterbirds_under_rn50_train:  40%|███▉      | 795000/2000000 [03:42<07:00, 2867.49step/s, z=3.6e+04 err_min[eps0]=3.86e-01][A
  GD waterbirds_under_rn50_train:  40%|███▉      | 797000/2000000 [03:43<06:52, 2918.84step/s, z=3.6e+04 err_min[eps0]=3.86e-01][A
  GD waterbirds_under_rn50_train:  40%|███▉      | 799000/2000000 [03:44<06:47, 2945.43step/s, z=3.6e+04 err_min[eps0]=3.86e-01][A
  GD waterbirds_under_rn50_train:  40%|████      | 800000/2000000 [03:44<06:47, 2945.43step/s, z=4e+04 err_min[eps0]=3.71e-01]  [A
  GD waterbirds_under_rn50_train:  40%|████      | 801000/2000000 [03:44<06:46, 2951.64step/s, z=4e+04 err_min[eps0]=3.71e-01][A
  GD waterbirds_under_rn50_train:  40%|████      | 803000/2000000 [03:45<06:43, 2963.08step/s, z=4e+04 err_min[eps0]=3.71e-01][A
  GD waterbirds_under_rn50_train:  40%|████      | 805000/2000000 [03:46<06:42, 2968.21step/s, z=4e+04 err_min[eps0]=3.71e-01][A
  GD waterbirds_under_rn50_train:  40%|████      | 807000/2000000 [03:46<06:39, 2984.08step/s, z=4e+04 err_min[eps0]=3.71e-01][A
  GD waterbirds_under_rn50_train:  40%|████      | 809000/2000000 [03:47<06:38, 2986.93step/s, z=4e+04 err_min[eps0]=3.71e-01][A
  GD waterbirds_under_rn50_train:  41%|████      | 811000/2000000 [03:48<06:38, 2981.41step/s, z=4e+04 err_min[eps0]=3.71e-01][A
  GD waterbirds_under_rn50_train:  41%|████      | 813000/2000000 [03:48<06:39, 2971.03step/s, z=4e+04 err_min[eps0]=3.71e-01][A
  GD waterbirds_under_rn50_train:  41%|████      | 815000/2000000 [03:49<06:39, 2968.45step/s, z=4e+04 err_min[eps0]=3.71e-01][A
  GD waterbirds_under_rn50_train:  41%|████      | 817000/2000000 [03:50<06:32, 3010.86step/s, z=4e+04 err_min[eps0]=3.71e-01][A
  GD waterbirds_under_rn50_train:  41%|████      | 819000/2000000 [03:50<06:32, 3005.46step/s, z=4e+04 err_min[eps0]=3.71e-01][A
  GD waterbirds_under_rn50_train:  41%|████      | 821000/2000000 [03:51<06:36, 2972.29step/s, z=4e+04 err_min[eps0]=3.71e-01][A
  GD waterbirds_under_rn50_train:  41%|████      | 823000/2000000 [03:52<06:32, 2999.00step/s, z=4e+04 err_min[eps0]=3.71e-01][A
  GD waterbirds_under_rn50_train:  41%|████▏     | 825000/2000000 [03:52<06:30, 3006.57step/s, z=4e+04 err_min[eps0]=3.71e-01][A
  GD waterbirds_under_rn50_train:  41%|████▏     | 827000/2000000 [03:53<06:33, 2978.49step/s, z=4e+04 err_min[eps0]=3.71e-01][A
  GD waterbirds_under_rn50_train:  41%|████▏     | 829000/2000000 [03:54<06:31, 2993.16step/s, z=4e+04 err_min[eps0]=3.71e-01][A
  GD waterbirds_under_rn50_train:  42%|████▏     | 831000/2000000 [03:54<06:29, 2999.25step/s, z=4e+04 err_min[eps0]=3.71e-01][A
  GD waterbirds_under_rn50_train:  42%|████▏     | 833000/2000000 [03:55<06:31, 2983.05step/s, z=4e+04 err_min[eps0]=3.71e-01][A
  GD waterbirds_under_rn50_train:  42%|████▏     | 835000/2000000 [03:56<06:21, 3051.22step/s, z=4e+04 err_min[eps0]=3.71e-01][A
  GD waterbirds_under_rn50_train:  42%|████▏     | 837000/2000000 [03:56<06:24, 3022.24step/s, z=4e+04 err_min[eps0]=3.71e-01][A
  GD waterbirds_under_rn50_train:  42%|████▏     | 839000/2000000 [03:57<06:22, 3036.41step/s, z=4e+04 err_min[eps0]=3.71e-01][A
  GD waterbirds_under_rn50_train:  42%|████▏     | 841000/2000000 [03:58<06:23, 3024.76step/s, z=4e+04 err_min[eps0]=3.71e-01][A
  GD waterbirds_under_rn50_train:  42%|████▏     | 843000/2000000 [03:58<06:26, 2995.47step/s, z=4e+04 err_min[eps0]=3.71e-01][A
  GD waterbirds_under_rn50_train:  42%|████▏     | 845000/2000000 [03:59<06:19, 3044.76step/s, z=4e+04 err_min[eps0]=3.71e-01][A
  GD waterbirds_under_rn50_train:  42%|████▏     | 847000/2000000 [04:00<06:21, 3023.80step/s, z=4e+04 err_min[eps0]=3.71e-01][A
  GD waterbirds_under_rn50_train:  42%|████▏     | 849000/2000000 [04:00<06:26, 2980.19step/s, z=4e+04 err_min[eps0]=3.71e-01][A
  GD waterbirds_under_rn50_train:  43%|████▎     | 851000/2000000 [04:01<06:21, 3008.42step/s, z=4e+04 err_min[eps0]=3.71e-01][A
  GD waterbirds_under_rn50_train:  43%|████▎     | 853000/2000000 [04:02<06:21, 3003.11step/s, z=4e+04 err_min[eps0]=3.71e-01][A
  GD waterbirds_under_rn50_train:  43%|████▎     | 855000/2000000 [04:02<06:11, 3079.72step/s, z=4e+04 err_min[eps0]=3.71e-01][A
  GD waterbirds_under_rn50_train:  43%|████▎     | 857000/2000000 [04:03<06:15, 3045.57step/s, z=4e+04 err_min[eps0]=3.71e-01][A
  GD waterbirds_under_rn50_train:  43%|████▎     | 859000/2000000 [04:04<06:16, 3033.53step/s, z=4e+04 err_min[eps0]=3.71e-01][A
  GD waterbirds_under_rn50_train:  43%|████▎     | 861000/2000000 [04:04<06:17, 3019.69step/s, z=4e+04 err_min[eps0]=3.71e-01][A
  GD waterbirds_under_rn50_train:  43%|████▎     | 863000/2000000 [04:05<06:18, 3005.31step/s, z=4e+04 err_min[eps0]=3.71e-01][A
  GD waterbirds_under_rn50_train:  43%|████▎     | 865000/2000000 [04:06<06:13, 3038.67step/s, z=4e+04 err_min[eps0]=3.71e-01][A
  GD waterbirds_under_rn50_train:  43%|████▎     | 867000/2000000 [04:06<06:14, 3021.56step/s, z=4e+04 err_min[eps0]=3.71e-01][A
  GD waterbirds_under_rn50_train:  43%|████▎     | 869000/2000000 [04:07<06:17, 2995.63step/s, z=4e+04 err_min[eps0]=3.71e-01][A
  GD waterbirds_under_rn50_train:  44%|████▎     | 871000/2000000 [04:08<06:15, 3003.01step/s, z=4e+04 err_min[eps0]=3.71e-01][A
  GD waterbirds_under_rn50_train:  44%|████▎     | 873000/2000000 [04:08<06:15, 2998.97step/s, z=4e+04 err_min[eps0]=3.71e-01][A
  GD waterbirds_under_rn50_train:  44%|████▍     | 875000/2000000 [04:09<06:03, 3091.61step/s, z=4e+04 err_min[eps0]=3.71e-01][A
  GD waterbirds_under_rn50_train:  44%|████▍     | 877000/2000000 [04:10<06:07, 3058.54step/s, z=4e+04 err_min[eps0]=3.71e-01][A
  GD waterbirds_under_rn50_train:  44%|████▍     | 879000/2000000 [04:10<06:09, 3036.78step/s, z=4e+04 err_min[eps0]=3.71e-01][A
  GD waterbirds_under_rn50_train:  44%|████▍     | 881000/2000000 [04:11<06:10, 3020.50step/s, z=4e+04 err_min[eps0]=3.71e-01][A
  GD waterbirds_under_rn50_train:  44%|████▍     | 883000/2000000 [04:12<06:11, 3005.90step/s, z=4e+04 err_min[eps0]=3.71e-01][A
  GD waterbirds_under_rn50_train:  44%|████▍     | 885000/2000000 [04:12<06:13, 2983.47step/s, z=4e+04 err_min[eps0]=3.71e-01][A
  GD waterbirds_under_rn50_train:  44%|████▍     | 887000/2000000 [04:13<06:09, 3015.83step/s, z=4e+04 err_min[eps0]=3.71e-01][A
  GD waterbirds_under_rn50_train:  44%|████▍     | 889000/2000000 [04:14<06:09, 3004.78step/s, z=4e+04 err_min[eps0]=3.71e-01][A
  GD waterbirds_under_rn50_train:  45%|████▍     | 891000/2000000 [04:14<06:12, 2978.72step/s, z=4e+04 err_min[eps0]=3.71e-01][A
  GD waterbirds_under_rn50_train:  45%|████▍     | 893000/2000000 [04:15<06:16, 2942.13step/s, z=4e+04 err_min[eps0]=3.71e-01][A
  GD waterbirds_under_rn50_train:  45%|████▍     | 895000/2000000 [04:16<06:09, 2994.01step/s, z=4e+04 err_min[eps0]=3.71e-01][A
  GD waterbirds_under_rn50_train:  45%|████▍     | 897000/2000000 [04:16<06:09, 2984.61step/s, z=4e+04 err_min[eps0]=3.71e-01][A
  GD waterbirds_under_rn50_train:  45%|████▍     | 899000/2000000 [04:17<06:07, 2995.80step/s, z=4e+04 err_min[eps0]=3.71e-01][A
  GD waterbirds_under_rn50_train:  45%|████▌     | 900000/2000000 [04:17<06:07, 2995.80step/s, z=4.5e+04 err_min[eps0]=3.57e-01][A
  GD waterbirds_under_rn50_train:  45%|████▌     | 901000/2000000 [04:18<06:07, 2987.79step/s, z=4.5e+04 err_min[eps0]=3.57e-01][A
  GD waterbirds_under_rn50_train:  45%|████▌     | 903000/2000000 [04:18<06:07, 2988.08step/s, z=4.5e+04 err_min[eps0]=3.57e-01][A
  GD waterbirds_under_rn50_train:  45%|████▌     | 905000/2000000 [04:19<06:01, 3031.86step/s, z=4.5e+04 err_min[eps0]=3.57e-01][A
  GD waterbirds_under_rn50_train:  45%|████▌     | 907000/2000000 [04:20<06:01, 3022.38step/s, z=4.5e+04 err_min[eps0]=3.57e-01][A
  GD waterbirds_under_rn50_train:  45%|████▌     | 909000/2000000 [04:20<06:03, 3003.37step/s, z=4.5e+04 err_min[eps0]=3.57e-01][A
  GD waterbirds_under_rn50_train:  46%|████▌     | 911000/2000000 [04:21<06:02, 3003.29step/s, z=4.5e+04 err_min[eps0]=3.57e-01][A
  GD waterbirds_under_rn50_train:  46%|████▌     | 913000/2000000 [04:22<06:02, 2995.28step/s, z=4.5e+04 err_min[eps0]=3.57e-01][A
  GD waterbirds_under_rn50_train:  46%|████▌     | 915000/2000000 [04:22<06:01, 3001.19step/s, z=4.5e+04 err_min[eps0]=3.57e-01][A
  GD waterbirds_under_rn50_train:  46%|████▌     | 917000/2000000 [04:23<05:57, 3030.32step/s, z=4.5e+04 err_min[eps0]=3.57e-01][A
  GD waterbirds_under_rn50_train:  46%|████▌     | 919000/2000000 [04:24<05:58, 3011.43step/s, z=4.5e+04 err_min[eps0]=3.57e-01][A
  GD waterbirds_under_rn50_train:  46%|████▌     | 921000/2000000 [04:24<06:01, 2986.46step/s, z=4.5e+04 err_min[eps0]=3.57e-01][A
  GD waterbirds_under_rn50_train:  46%|████▌     | 923000/2000000 [04:25<05:58, 3007.96step/s, z=4.5e+04 err_min[eps0]=3.57e-01][A
  GD waterbirds_under_rn50_train:  46%|████▋     | 925000/2000000 [04:26<05:56, 3014.68step/s, z=4.5e+04 err_min[eps0]=3.57e-01][A
  GD waterbirds_under_rn50_train:  46%|████▋     | 927000/2000000 [04:26<05:59, 2987.16step/s, z=4.5e+04 err_min[eps0]=3.57e-01][A
  GD waterbirds_under_rn50_train:  46%|████▋     | 929000/2000000 [04:27<05:56, 3007.30step/s, z=4.5e+04 err_min[eps0]=3.57e-01][A
  GD waterbirds_under_rn50_train:  47%|████▋     | 931000/2000000 [04:28<05:56, 3001.24step/s, z=4.5e+04 err_min[eps0]=3.57e-01][A
  GD waterbirds_under_rn50_train:  47%|████▋     | 933000/2000000 [04:28<05:57, 2987.77step/s, z=4.5e+04 err_min[eps0]=3.57e-01][A
  GD waterbirds_under_rn50_train:  47%|████▋     | 935000/2000000 [04:29<05:48, 3054.04step/s, z=4.5e+04 err_min[eps0]=3.57e-01][A
  GD waterbirds_under_rn50_train:  47%|████▋     | 937000/2000000 [04:30<05:51, 3020.21step/s, z=4.5e+04 err_min[eps0]=3.57e-01][A
  GD waterbirds_under_rn50_train:  47%|████▋     | 939000/2000000 [04:30<05:51, 3014.43step/s, z=4.5e+04 err_min[eps0]=3.57e-01][A
  GD waterbirds_under_rn50_train:  47%|████▋     | 941000/2000000 [04:31<05:52, 3007.85step/s, z=4.5e+04 err_min[eps0]=3.57e-01][A
  GD waterbirds_under_rn50_train:  47%|████▋     | 943000/2000000 [04:32<05:51, 3003.67step/s, z=4.5e+04 err_min[eps0]=3.57e-01][A
  GD waterbirds_under_rn50_train:  47%|████▋     | 945000/2000000 [04:32<05:46, 3044.50step/s, z=4.5e+04 err_min[eps0]=3.57e-01][A
  GD waterbirds_under_rn50_train:  47%|████▋     | 947000/2000000 [04:33<05:48, 3023.27step/s, z=4.5e+04 err_min[eps0]=3.57e-01][A
  GD waterbirds_under_rn50_train:  47%|████▋     | 949000/2000000 [04:34<05:51, 2987.43step/s, z=4.5e+04 err_min[eps0]=3.57e-01][A
  GD waterbirds_under_rn50_train:  48%|████▊     | 951000/2000000 [04:34<05:48, 3013.01step/s, z=4.5e+04 err_min[eps0]=3.57e-01][A
  GD waterbirds_under_rn50_train:  48%|████▊     | 953000/2000000 [04:35<05:48, 3000.08step/s, z=4.5e+04 err_min[eps0]=3.57e-01][A
  GD waterbirds_under_rn50_train:  48%|████▊     | 955000/2000000 [04:36<05:49, 2986.28step/s, z=4.5e+04 err_min[eps0]=3.57e-01][A
  GD waterbirds_under_rn50_train:  48%|████▊     | 957000/2000000 [04:36<05:49, 2985.13step/s, z=4.5e+04 err_min[eps0]=3.57e-01][A
  GD waterbirds_under_rn50_train:  48%|████▊     | 959000/2000000 [04:37<05:47, 2998.41step/s, z=4.5e+04 err_min[eps0]=3.57e-01][A
  GD waterbirds_under_rn50_train:  48%|████▊     | 961000/2000000 [04:38<05:47, 2991.61step/s, z=4.5e+04 err_min[eps0]=3.57e-01][A
  GD waterbirds_under_rn50_train:  48%|████▊     | 963000/2000000 [04:38<05:50, 2956.49step/s, z=4.5e+04 err_min[eps0]=3.57e-01][A
  GD waterbirds_under_rn50_train:  48%|████▊     | 965000/2000000 [04:39<05:44, 3004.13step/s, z=4.5e+04 err_min[eps0]=3.57e-01][A
  GD waterbirds_under_rn50_train:  48%|████▊     | 967000/2000000 [04:40<05:47, 2976.71step/s, z=4.5e+04 err_min[eps0]=3.57e-01][A
  GD waterbirds_under_rn50_train:  48%|████▊     | 969000/2000000 [04:40<05:48, 2956.79step/s, z=4.5e+04 err_min[eps0]=3.57e-01][A
  GD waterbirds_under_rn50_train:  49%|████▊     | 971000/2000000 [04:41<05:45, 2981.89step/s, z=4.5e+04 err_min[eps0]=3.57e-01][A
  GD waterbirds_under_rn50_train:  49%|████▊     | 973000/2000000 [04:42<05:45, 2971.45step/s, z=4.5e+04 err_min[eps0]=3.57e-01][A
  GD waterbirds_under_rn50_train:  49%|████▉     | 975000/2000000 [04:42<05:44, 2977.51step/s, z=4.5e+04 err_min[eps0]=3.57e-01][A
  GD waterbirds_under_rn50_train:  49%|████▉     | 977000/2000000 [04:43<05:46, 2950.78step/s, z=4.5e+04 err_min[eps0]=3.57e-01][A
  GD waterbirds_under_rn50_train:  49%|████▉     | 979000/2000000 [04:44<05:42, 2984.91step/s, z=4.5e+04 err_min[eps0]=3.57e-01][A
  GD waterbirds_under_rn50_train:  49%|████▉     | 981000/2000000 [04:44<05:42, 2972.65step/s, z=4.5e+04 err_min[eps0]=3.57e-01][A
  GD waterbirds_under_rn50_train:  49%|████▉     | 983000/2000000 [04:45<05:40, 2989.03step/s, z=4.5e+04 err_min[eps0]=3.57e-01][A
  GD waterbirds_under_rn50_train:  49%|████▉     | 985000/2000000 [04:46<05:45, 2938.85step/s, z=4.5e+04 err_min[eps0]=3.57e-01][A
  GD waterbirds_under_rn50_train:  49%|████▉     | 987000/2000000 [04:46<05:36, 3009.17step/s, z=4.5e+04 err_min[eps0]=3.57e-01][A
  GD waterbirds_under_rn50_train:  49%|████▉     | 989000/2000000 [04:47<05:36, 3004.84step/s, z=4.5e+04 err_min[eps0]=3.57e-01][A
  GD waterbirds_under_rn50_train:  50%|████▉     | 991000/2000000 [04:48<05:35, 3003.14step/s, z=4.5e+04 err_min[eps0]=3.57e-01][A
  GD waterbirds_under_rn50_train:  50%|████▉     | 993000/2000000 [04:48<05:34, 3013.36step/s, z=4.5e+04 err_min[eps0]=3.57e-01][A
  GD waterbirds_under_rn50_train:  50%|████▉     | 995000/2000000 [04:49<05:34, 3000.53step/s, z=4.5e+04 err_min[eps0]=3.57e-01][A
  GD waterbirds_under_rn50_train:  50%|████▉     | 997000/2000000 [04:50<05:33, 3005.35step/s, z=4.5e+04 err_min[eps0]=3.57e-01][A
  GD waterbirds_under_rn50_train:  50%|████▉     | 999000/2000000 [04:50<05:34, 2995.27step/s, z=4.5e+04 err_min[eps0]=3.57e-01][A
  GD waterbirds_under_rn50_train:  50%|█████     | 1000000/2000000 [04:51<05:33, 2995.27step/s, z=5e+04 err_min[eps0]=3.44e-01] [A
  GD waterbirds_under_rn50_train:  50%|█████     | 1001000/2000000 [04:51<05:42, 2916.27step/s, z=5e+04 err_min[eps0]=3.44e-01][A
  GD waterbirds_under_rn50_train:  50%|█████     | 1003000/2000000 [04:52<05:38, 2946.25step/s, z=5e+04 err_min[eps0]=3.44e-01][A
  GD waterbirds_under_rn50_train:  50%|█████     | 1005000/2000000 [04:52<05:36, 2954.83step/s, z=5e+04 err_min[eps0]=3.44e-01][A
  GD waterbirds_under_rn50_train:  50%|█████     | 1007000/2000000 [04:53<05:34, 2964.65step/s, z=5e+04 err_min[eps0]=3.44e-01][A
  GD waterbirds_under_rn50_train:  50%|█████     | 1009000/2000000 [04:54<05:33, 2971.06step/s, z=5e+04 err_min[eps0]=3.44e-01][A
  GD waterbirds_under_rn50_train:  51%|█████     | 1011000/2000000 [04:54<05:32, 2974.36step/s, z=5e+04 err_min[eps0]=3.44e-01][A
  GD waterbirds_under_rn50_train:  51%|█████     | 1013000/2000000 [04:55<05:20, 3076.36step/s, z=5e+04 err_min[eps0]=3.44e-01][A
  GD waterbirds_under_rn50_train:  51%|█████     | 1015000/2000000 [04:56<05:26, 3020.64step/s, z=5e+04 err_min[eps0]=3.44e-01][A
  GD waterbirds_under_rn50_train:  51%|█████     | 1017000/2000000 [04:56<05:24, 3029.76step/s, z=5e+04 err_min[eps0]=3.44e-01][A
  GD waterbirds_under_rn50_train:  51%|█████     | 1019000/2000000 [04:57<05:24, 3023.66step/s, z=5e+04 err_min[eps0]=3.44e-01][A
  GD waterbirds_under_rn50_train:  51%|█████     | 1021000/2000000 [04:58<05:26, 2996.96step/s, z=5e+04 err_min[eps0]=3.44e-01][A
  GD waterbirds_under_rn50_train:  51%|█████     | 1023000/2000000 [04:58<05:22, 3028.00step/s, z=5e+04 err_min[eps0]=3.44e-01][A
  GD waterbirds_under_rn50_train:  51%|█████▏    | 1025000/2000000 [04:59<05:23, 3013.26step/s, z=5e+04 err_min[eps0]=3.44e-01][A
  GD waterbirds_under_rn50_train:  51%|█████▏    | 1027000/2000000 [05:00<05:25, 2987.06step/s, z=5e+04 err_min[eps0]=3.44e-01][A
  GD waterbirds_under_rn50_train:  51%|█████▏    | 1029000/2000000 [05:00<05:22, 3006.33step/s, z=5e+04 err_min[eps0]=3.44e-01][A
  GD waterbirds_under_rn50_train:  52%|█████▏    | 1031000/2000000 [05:01<05:22, 3002.93step/s, z=5e+04 err_min[eps0]=3.44e-01][A
  GD waterbirds_under_rn50_train:  52%|█████▏    | 1033000/2000000 [05:02<05:15, 3068.58step/s, z=5e+04 err_min[eps0]=3.44e-01][A
  GD waterbirds_under_rn50_train:  52%|█████▏    | 1035000/2000000 [05:02<05:17, 3041.67step/s, z=5e+04 err_min[eps0]=3.44e-01][A
  GD waterbirds_under_rn50_train:  52%|█████▏    | 1037000/2000000 [05:03<05:17, 3028.43step/s, z=5e+04 err_min[eps0]=3.44e-01][A
  GD waterbirds_under_rn50_train:  52%|█████▏    | 1039000/2000000 [05:04<05:19, 3005.34step/s, z=5e+04 err_min[eps0]=3.44e-01][A
  GD waterbirds_under_rn50_train:  52%|█████▏    | 1041000/2000000 [05:04<05:17, 3023.27step/s, z=5e+04 err_min[eps0]=3.44e-01][A
  GD waterbirds_under_rn50_train:  52%|█████▏    | 1045000/2000000 [05:05<03:58, 4000.67step/s, z=5e+04 err_min[eps0]=3.44e-01][A
  GD waterbirds_under_rn50_train:  52%|█████▏    | 1049000/2000000 [05:06<03:22, 4704.10step/s, z=5e+04 err_min[eps0]=3.44e-01][A
  GD waterbirds_under_rn50_train:  53%|█████▎    | 1052000/2000000 [05:06<03:08, 5027.09step/s, z=5e+04 err_min[eps0]=3.44e-01][A
  GD waterbirds_under_rn50_train:  53%|█████▎    | 1055000/2000000 [05:07<03:07, 5047.23step/s, z=5e+04 err_min[eps0]=3.44e-01][A
  GD waterbirds_under_rn50_train:  53%|█████▎    | 1058000/2000000 [05:07<03:08, 5004.79step/s, z=5e+04 err_min[eps0]=3.44e-01][A
  GD waterbirds_under_rn50_train:  53%|█████▎    | 1061000/2000000 [05:08<03:07, 4995.84step/s, z=5e+04 err_min[eps0]=3.44e-01][A
  GD waterbirds_under_rn50_train:  53%|█████▎    | 1064000/2000000 [05:08<03:12, 4865.60step/s, z=5e+04 err_min[eps0]=3.44e-01][A
  GD waterbirds_under_rn50_train:  53%|█████▎    | 1067000/2000000 [05:09<03:04, 5052.94step/s, z=5e+04 err_min[eps0]=3.44e-01][A
  GD waterbirds_under_rn50_train:  54%|█████▎    | 1071000/2000000 [05:10<02:51, 5430.29step/s, z=5e+04 err_min[eps0]=3.44e-01][A
  GD waterbirds_under_rn50_train:  54%|█████▍    | 1075000/2000000 [05:10<02:40, 5774.65step/s, z=5e+04 err_min[eps0]=3.44e-01][A
  GD waterbirds_under_rn50_train:  54%|█████▍    | 1079000/2000000 [05:11<02:32, 6024.20step/s, z=5e+04 err_min[eps0]=3.44e-01][A
  GD waterbirds_under_rn50_train:  54%|█████▍    | 1083000/2000000 [05:11<02:28, 6180.39step/s, z=5e+04 err_min[eps0]=3.44e-01][A
  GD waterbirds_under_rn50_train:  54%|█████▍    | 1087000/2000000 [05:12<02:25, 6289.03step/s, z=5e+04 err_min[eps0]=3.44e-01][A
  GD waterbirds_under_rn50_train:  55%|█████▍    | 1091000/2000000 [05:13<02:22, 6395.13step/s, z=5e+04 err_min[eps0]=3.44e-01][A
  GD waterbirds_under_rn50_train:  55%|█████▍    | 1095000/2000000 [05:13<02:19, 6471.60step/s, z=5e+04 err_min[eps0]=3.44e-01][A
  GD waterbirds_under_rn50_train:  55%|█████▍    | 1099000/2000000 [05:14<02:18, 6520.98step/s, z=5e+04 err_min[eps0]=3.44e-01][A
  GD waterbirds_under_rn50_train:  55%|█████▌    | 1103000/2000000 [05:15<02:55, 5117.52step/s, z=5e+04 err_min[eps0]=3.44e-01][A
  GD waterbirds_under_rn50_train:  55%|█████▌    | 1106000/2000000 [05:16<03:25, 4358.86step/s, z=5e+04 err_min[eps0]=3.44e-01][A
  GD waterbirds_under_rn50_train:  55%|█████▌    | 1109000/2000000 [05:17<03:48, 3893.41step/s, z=5e+04 err_min[eps0]=3.44e-01][A
  GD waterbirds_under_rn50_train:  56%|█████▌    | 1112000/2000000 [05:18<03:52, 3826.59step/s, z=5e+04 err_min[eps0]=3.44e-01][A
  GD waterbirds_under_rn50_train:  56%|█████▌    | 1115000/2000000 [05:19<03:42, 3973.59step/s, z=5e+04 err_min[eps0]=3.44e-01][A
  GD waterbirds_under_rn50_train:  56%|█████▌    | 1118000/2000000 [05:19<03:36, 4071.07step/s, z=5e+04 err_min[eps0]=3.44e-01][A
  GD waterbirds_under_rn50_train:  56%|█████▌    | 1121000/2000000 [05:20<03:49, 3831.81step/s, z=5e+04 err_min[eps0]=3.44e-01][A
  GD waterbirds_under_rn50_train:  56%|█████▌    | 1123000/2000000 [05:21<04:10, 3497.53step/s, z=5e+04 err_min[eps0]=3.44e-01][A
  GD waterbirds_under_rn50_train:  56%|█████▋    | 1125000/2000000 [05:22<04:20, 3359.39step/s, z=5e+04 err_min[eps0]=3.44e-01][A
  GD waterbirds_under_rn50_train:  56%|█████▋    | 1127000/2000000 [05:22<04:28, 3247.94step/s, z=5e+04 err_min[eps0]=3.44e-01][A
  GD waterbirds_under_rn50_train:  56%|█████▋    | 1129000/2000000 [05:23<04:27, 3256.78step/s, z=5e+04 err_min[eps0]=3.44e-01][A
  GD waterbirds_under_rn50_train:  57%|█████▋    | 1131000/2000000 [05:24<04:35, 3150.73step/s, z=5e+04 err_min[eps0]=3.44e-01][A
  GD waterbirds_under_rn50_train:  57%|█████▋    | 1133000/2000000 [05:24<04:39, 3106.64step/s, z=5e+04 err_min[eps0]=3.44e-01][A
  GD waterbirds_under_rn50_train:  57%|█████▋    | 1135000/2000000 [05:25<04:42, 3057.67step/s, z=5e+04 err_min[eps0]=3.44e-01][A
  GD waterbirds_under_rn50_train:  57%|█████▋    | 1137000/2000000 [05:26<04:44, 3029.46step/s, z=5e+04 err_min[eps0]=3.44e-01][A
  GD waterbirds_under_rn50_train:  57%|█████▋    | 1139000/2000000 [05:26<04:43, 3042.37step/s, z=5e+04 err_min[eps0]=3.44e-01][A
  GD waterbirds_under_rn50_train:  57%|█████▋    | 1140000/2000000 [05:27<04:42, 3042.37step/s, z=5.7e+04 err_min[eps0]=3.30e-01][A
  GD waterbirds_under_rn50_train:  57%|█████▋    | 1141000/2000000 [05:27<04:44, 3020.93step/s, z=5.7e+04 err_min[eps0]=3.30e-01][A
  GD waterbirds_under_rn50_train:  57%|█████▋    | 1143000/2000000 [05:28<04:45, 3003.48step/s, z=5.7e+04 err_min[eps0]=3.30e-01][A
  GD waterbirds_under_rn50_train:  57%|█████▋    | 1145000/2000000 [05:28<04:46, 2983.58step/s, z=5.7e+04 err_min[eps0]=3.30e-01][A
  GD waterbirds_under_rn50_train:  57%|█████▋    | 1147000/2000000 [05:29<04:42, 3016.47step/s, z=5.7e+04 err_min[eps0]=3.30e-01][A
  GD waterbirds_under_rn50_train:  57%|█████▋    | 1149000/2000000 [05:30<04:41, 3020.24step/s, z=5.7e+04 err_min[eps0]=3.30e-01][A
  GD waterbirds_under_rn50_train:  58%|█████▊    | 1151000/2000000 [05:30<04:40, 3027.34step/s, z=5.7e+04 err_min[eps0]=3.30e-01][A
  GD waterbirds_under_rn50_train:  58%|█████▊    | 1153000/2000000 [05:31<04:41, 3006.44step/s, z=5.7e+04 err_min[eps0]=3.30e-01][A
  GD waterbirds_under_rn50_train:  58%|█████▊    | 1155000/2000000 [05:32<04:40, 3008.41step/s, z=5.7e+04 err_min[eps0]=3.30e-01][A
  GD waterbirds_under_rn50_train:  58%|█████▊    | 1157000/2000000 [05:32<04:44, 2967.13step/s, z=5.7e+04 err_min[eps0]=3.30e-01][A
  GD waterbirds_under_rn50_train:  58%|█████▊    | 1159000/2000000 [05:33<04:37, 3032.34step/s, z=5.7e+04 err_min[eps0]=3.30e-01][A
  GD waterbirds_under_rn50_train:  58%|█████▊    | 1161000/2000000 [05:34<04:38, 3008.42step/s, z=5.7e+04 err_min[eps0]=3.30e-01][A
  GD waterbirds_under_rn50_train:  58%|█████▊    | 1163000/2000000 [05:34<04:37, 3016.21step/s, z=5.7e+04 err_min[eps0]=3.30e-01][A
  GD waterbirds_under_rn50_train:  58%|█████▊    | 1165000/2000000 [05:35<04:37, 3004.87step/s, z=5.7e+04 err_min[eps0]=3.30e-01][A
  GD waterbirds_under_rn50_train:  58%|█████▊    | 1167000/2000000 [05:36<04:37, 2998.29step/s, z=5.7e+04 err_min[eps0]=3.30e-01][A
  GD waterbirds_under_rn50_train:  58%|█████▊    | 1169000/2000000 [05:36<04:35, 3016.79step/s, z=5.7e+04 err_min[eps0]=3.30e-01][A
  GD waterbirds_under_rn50_train:  59%|█████▊    | 1171000/2000000 [05:37<04:35, 3009.04step/s, z=5.7e+04 err_min[eps0]=3.30e-01][A
  GD waterbirds_under_rn50_train:  59%|█████▊    | 1173000/2000000 [05:38<04:36, 2991.65step/s, z=5.7e+04 err_min[eps0]=3.30e-01][A
  GD waterbirds_under_rn50_train:  59%|█████▉    | 1175000/2000000 [05:38<04:34, 3000.21step/s, z=5.7e+04 err_min[eps0]=3.30e-01][A
  GD waterbirds_under_rn50_train:  59%|█████▉    | 1177000/2000000 [05:39<04:34, 2993.50step/s, z=5.7e+04 err_min[eps0]=3.30e-01][A
  GD waterbirds_under_rn50_train:  59%|█████▉    | 1179000/2000000 [05:40<04:34, 2996.29step/s, z=5.7e+04 err_min[eps0]=3.30e-01][A
  GD waterbirds_under_rn50_train:  59%|█████▉    | 1181000/2000000 [05:40<04:32, 3004.90step/s, z=5.7e+04 err_min[eps0]=3.30e-01][A
  GD waterbirds_under_rn50_train:  59%|█████▉    | 1183000/2000000 [05:41<04:33, 2988.79step/s, z=5.7e+04 err_min[eps0]=3.30e-01][A
  GD waterbirds_under_rn50_train:  59%|█████▉    | 1185000/2000000 [05:42<04:32, 2996.07step/s, z=5.7e+04 err_min[eps0]=3.30e-01][A
  GD waterbirds_under_rn50_train:  59%|█████▉    | 1187000/2000000 [05:42<04:30, 3007.72step/s, z=5.7e+04 err_min[eps0]=3.30e-01][A
  GD waterbirds_under_rn50_train:  59%|█████▉    | 1189000/2000000 [05:43<04:28, 3016.23step/s, z=5.7e+04 err_min[eps0]=3.30e-01][A
  GD waterbirds_under_rn50_train:  60%|█████▉    | 1191000/2000000 [05:44<04:30, 2992.96step/s, z=5.7e+04 err_min[eps0]=3.30e-01][A
  GD waterbirds_under_rn50_train:  60%|█████▉    | 1193000/2000000 [05:44<04:28, 3005.34step/s, z=5.7e+04 err_min[eps0]=3.30e-01][A
  GD waterbirds_under_rn50_train:  60%|█████▉    | 1195000/2000000 [05:45<04:29, 2988.30step/s, z=5.7e+04 err_min[eps0]=3.30e-01][A
  GD waterbirds_under_rn50_train:  60%|█████▉    | 1197000/2000000 [05:46<04:27, 2997.51step/s, z=5.7e+04 err_min[eps0]=3.30e-01][A
  GD waterbirds_under_rn50_train:  60%|█████▉    | 1199000/2000000 [05:46<04:26, 3010.52step/s, z=5.7e+04 err_min[eps0]=3.30e-01][A
  GD waterbirds_under_rn50_train:  60%|██████    | 1201000/2000000 [05:47<04:25, 3007.80step/s, z=5.7e+04 err_min[eps0]=3.30e-01][A
  GD waterbirds_under_rn50_train:  60%|██████    | 1203000/2000000 [05:48<04:26, 2992.50step/s, z=5.7e+04 err_min[eps0]=3.30e-01][A
  GD waterbirds_under_rn50_train:  60%|██████    | 1205000/2000000 [05:48<04:25, 3000.00step/s, z=5.7e+04 err_min[eps0]=3.30e-01][A
  GD waterbirds_under_rn50_train:  60%|██████    | 1207000/2000000 [05:49<04:23, 3009.84step/s, z=5.7e+04 err_min[eps0]=3.30e-01][A
  GD waterbirds_under_rn50_train:  60%|██████    | 1209000/2000000 [05:50<04:24, 2993.78step/s, z=5.7e+04 err_min[eps0]=3.30e-01][A
  GD waterbirds_under_rn50_train:  61%|██████    | 1211000/2000000 [05:50<04:22, 3007.22step/s, z=5.7e+04 err_min[eps0]=3.30e-01][A
  GD waterbirds_under_rn50_train:  61%|██████    | 1213000/2000000 [05:51<04:22, 2998.55step/s, z=5.7e+04 err_min[eps0]=3.30e-01][A
  GD waterbirds_under_rn50_train:  61%|██████    | 1215000/2000000 [05:52<04:22, 2993.03step/s, z=5.7e+04 err_min[eps0]=3.30e-01][A
  GD waterbirds_under_rn50_train:  61%|██████    | 1217000/2000000 [05:52<04:19, 3014.83step/s, z=5.7e+04 err_min[eps0]=3.30e-01][A
  GD waterbirds_under_rn50_train:  61%|██████    | 1219000/2000000 [05:53<04:20, 3000.00step/s, z=5.7e+04 err_min[eps0]=3.30e-01][A
  GD waterbirds_under_rn50_train:  61%|██████    | 1221000/2000000 [05:54<04:20, 2989.95step/s, z=5.7e+04 err_min[eps0]=3.30e-01][A
  GD waterbirds_under_rn50_train:  61%|██████    | 1223000/2000000 [05:54<04:18, 3005.15step/s, z=5.7e+04 err_min[eps0]=3.30e-01][A
  GD waterbirds_under_rn50_train:  61%|██████▏   | 1225000/2000000 [05:55<04:18, 2998.48step/s, z=5.7e+04 err_min[eps0]=3.30e-01][A
  GD waterbirds_under_rn50_train:  61%|██████▏   | 1227000/2000000 [05:56<04:15, 3026.51step/s, z=5.7e+04 err_min[eps0]=3.30e-01][A
  GD waterbirds_under_rn50_train:  61%|██████▏   | 1229000/2000000 [05:56<04:15, 3018.34step/s, z=5.7e+04 err_min[eps0]=3.30e-01][A
  GD waterbirds_under_rn50_train:  62%|██████▏   | 1231000/2000000 [05:57<04:15, 3008.11step/s, z=5.7e+04 err_min[eps0]=3.30e-01][A
  GD waterbirds_under_rn50_train:  62%|██████▏   | 1233000/2000000 [05:58<04:17, 2979.27step/s, z=5.7e+04 err_min[eps0]=3.30e-01][A
  GD waterbirds_under_rn50_train:  62%|██████▏   | 1235000/2000000 [05:58<04:14, 3004.62step/s, z=5.7e+04 err_min[eps0]=3.30e-01][A
  GD waterbirds_under_rn50_train:  62%|██████▏   | 1237000/2000000 [05:59<04:11, 3029.60step/s, z=5.7e+04 err_min[eps0]=3.30e-01][A
  GD waterbirds_under_rn50_train:  62%|██████▏   | 1239000/2000000 [06:00<04:11, 3029.21step/s, z=5.7e+04 err_min[eps0]=3.30e-01][A
  GD waterbirds_under_rn50_train:  62%|██████▏   | 1241000/2000000 [06:00<04:12, 3005.66step/s, z=5.7e+04 err_min[eps0]=3.30e-01][A
  GD waterbirds_under_rn50_train:  62%|██████▏   | 1243000/2000000 [06:01<04:14, 2973.22step/s, z=5.7e+04 err_min[eps0]=3.30e-01][A
  GD waterbirds_under_rn50_train:  62%|██████▏   | 1245000/2000000 [06:02<04:14, 2972.27step/s, z=5.7e+04 err_min[eps0]=3.30e-01][A
  GD waterbirds_under_rn50_train:  62%|██████▏   | 1247000/2000000 [06:02<04:10, 3011.60step/s, z=5.7e+04 err_min[eps0]=3.30e-01][A
  GD waterbirds_under_rn50_train:  62%|██████▏   | 1249000/2000000 [06:03<04:10, 3001.60step/s, z=5.7e+04 err_min[eps0]=3.30e-01][A
  GD waterbirds_under_rn50_train:  63%|██████▎   | 1251000/2000000 [06:04<04:11, 2976.96step/s, z=5.7e+04 err_min[eps0]=3.30e-01][A
  GD waterbirds_under_rn50_train:  63%|██████▎   | 1253000/2000000 [06:04<04:07, 3014.41step/s, z=5.7e+04 err_min[eps0]=3.30e-01][A
  GD waterbirds_under_rn50_train:  63%|██████▎   | 1255000/2000000 [06:05<04:09, 2983.63step/s, z=5.7e+04 err_min[eps0]=3.30e-01][A
  GD waterbirds_under_rn50_train:  63%|██████▎   | 1257000/2000000 [06:06<04:05, 3022.26step/s, z=5.7e+04 err_min[eps0]=3.30e-01][A
  GD waterbirds_under_rn50_train:  63%|██████▎   | 1259000/2000000 [06:06<04:16, 2894.13step/s, z=5.7e+04 err_min[eps0]=3.30e-01][A
  GD waterbirds_under_rn50_train:  63%|██████▎   | 1260000/2000000 [06:07<04:15, 2894.13step/s, z=6.3e+04 err_min[eps0]=3.17e-01][A
  GD waterbirds_under_rn50_train:  63%|██████▎   | 1261000/2000000 [06:07<04:10, 2954.26step/s, z=6.3e+04 err_min[eps0]=3.17e-01][A
  GD waterbirds_under_rn50_train:  63%|██████▎   | 1263000/2000000 [06:08<04:08, 2966.62step/s, z=6.3e+04 err_min[eps0]=3.17e-01][A
  GD waterbirds_under_rn50_train:  63%|██████▎   | 1265000/2000000 [06:08<04:07, 2973.82step/s, z=6.3e+04 err_min[eps0]=3.17e-01][A
  GD waterbirds_under_rn50_train:  63%|██████▎   | 1267000/2000000 [06:09<04:04, 3001.81step/s, z=6.3e+04 err_min[eps0]=3.17e-01][A
  GD waterbirds_under_rn50_train:  63%|██████▎   | 1269000/2000000 [06:10<04:03, 2997.65step/s, z=6.3e+04 err_min[eps0]=3.17e-01][A
  GD waterbirds_under_rn50_train:  64%|██████▎   | 1271000/2000000 [06:10<04:03, 2992.82step/s, z=6.3e+04 err_min[eps0]=3.17e-01][A
  GD waterbirds_under_rn50_train:  64%|██████▎   | 1273000/2000000 [06:11<04:02, 2997.19step/s, z=6.3e+04 err_min[eps0]=3.17e-01][A
  GD waterbirds_under_rn50_train:  64%|██████▍   | 1275000/2000000 [06:12<04:01, 3000.45step/s, z=6.3e+04 err_min[eps0]=3.17e-01][A
  GD waterbirds_under_rn50_train:  64%|██████▍   | 1277000/2000000 [06:12<04:00, 3000.25step/s, z=6.3e+04 err_min[eps0]=3.17e-01][A
  GD waterbirds_under_rn50_train:  64%|██████▍   | 1279000/2000000 [06:13<03:58, 3020.43step/s, z=6.3e+04 err_min[eps0]=3.17e-01][A
  GD waterbirds_under_rn50_train:  64%|██████▍   | 1281000/2000000 [06:14<03:59, 3005.03step/s, z=6.3e+04 err_min[eps0]=3.17e-01][A
  GD waterbirds_under_rn50_train:  64%|██████▍   | 1283000/2000000 [06:14<03:59, 2991.37step/s, z=6.3e+04 err_min[eps0]=3.17e-01][A
  GD waterbirds_under_rn50_train:  64%|██████▍   | 1285000/2000000 [06:15<03:54, 3046.17step/s, z=6.3e+04 err_min[eps0]=3.17e-01][A
  GD waterbirds_under_rn50_train:  64%|██████▍   | 1287000/2000000 [06:16<03:55, 3024.15step/s, z=6.3e+04 err_min[eps0]=3.17e-01][A
  GD waterbirds_under_rn50_train:  64%|██████▍   | 1289000/2000000 [06:16<03:55, 3016.82step/s, z=6.3e+04 err_min[eps0]=3.17e-01][A
  GD waterbirds_under_rn50_train:  65%|██████▍   | 1291000/2000000 [06:17<03:55, 3007.41step/s, z=6.3e+04 err_min[eps0]=3.17e-01][A
  GD waterbirds_under_rn50_train:  65%|██████▍   | 1293000/2000000 [06:18<03:56, 2991.61step/s, z=6.3e+04 err_min[eps0]=3.17e-01][A
  GD waterbirds_under_rn50_train:  65%|██████▍   | 1295000/2000000 [06:18<03:53, 3017.00step/s, z=6.3e+04 err_min[eps0]=3.17e-01][A
  GD waterbirds_under_rn50_train:  65%|██████▍   | 1297000/2000000 [06:19<03:54, 2996.58step/s, z=6.3e+04 err_min[eps0]=3.17e-01][A
  GD waterbirds_under_rn50_train:  65%|██████▍   | 1299000/2000000 [06:20<03:53, 3000.90step/s, z=6.3e+04 err_min[eps0]=3.17e-01][A
  GD waterbirds_under_rn50_train:  65%|██████▌   | 1301000/2000000 [06:20<03:55, 2967.71step/s, z=6.3e+04 err_min[eps0]=3.17e-01][A
  GD waterbirds_under_rn50_train:  65%|██████▌   | 1303000/2000000 [06:21<03:37, 3210.72step/s, z=6.3e+04 err_min[eps0]=3.17e-01][A
  GD waterbirds_under_rn50_train:  65%|██████▌   | 1307000/2000000 [06:21<02:45, 4189.05step/s, z=6.3e+04 err_min[eps0]=3.17e-01][A
  GD waterbirds_under_rn50_train:  66%|██████▌   | 1311000/2000000 [06:22<02:21, 4874.80step/s, z=6.3e+04 err_min[eps0]=3.17e-01][A
  GD waterbirds_under_rn50_train:  66%|██████▌   | 1315000/2000000 [06:23<02:07, 5361.36step/s, z=6.3e+04 err_min[eps0]=3.17e-01][A
  GD waterbirds_under_rn50_train:  66%|██████▌   | 1319000/2000000 [06:23<01:59, 5706.47step/s, z=6.3e+04 err_min[eps0]=3.17e-01][A
  GD waterbirds_under_rn50_train:  66%|██████▌   | 1323000/2000000 [06:24<01:55, 5860.32step/s, z=6.3e+04 err_min[eps0]=3.17e-01][A
  GD waterbirds_under_rn50_train:  66%|██████▋   | 1327000/2000000 [06:24<01:51, 6050.17step/s, z=6.3e+04 err_min[eps0]=3.17e-01][A
  GD waterbirds_under_rn50_train:  67%|██████▋   | 1331000/2000000 [06:25<01:49, 6103.62step/s, z=6.3e+04 err_min[eps0]=3.17e-01][A
  GD waterbirds_under_rn50_train:  67%|██████▋   | 1335000/2000000 [06:26<02:09, 5122.79step/s, z=6.3e+04 err_min[eps0]=3.17e-01][A
  GD waterbirds_under_rn50_train:  67%|██████▋   | 1338000/2000000 [06:28<03:05, 3565.31step/s, z=6.3e+04 err_min[eps0]=3.17e-01][A
  GD waterbirds_under_rn50_train:  67%|██████▋   | 1341000/2000000 [06:30<03:56, 2789.51step/s, z=6.3e+04 err_min[eps0]=3.17e-01][A
  GD waterbirds_under_rn50_train:  67%|██████▋   | 1343000/2000000 [06:31<04:20, 2525.23step/s, z=6.3e+04 err_min[eps0]=3.17e-01][A
  GD waterbirds_under_rn50_train:  67%|██████▋   | 1345000/2000000 [06:32<04:33, 2390.58step/s, z=6.3e+04 err_min[eps0]=3.17e-01][A
  GD waterbirds_under_rn50_train:  67%|██████▋   | 1347000/2000000 [06:33<04:43, 2304.26step/s, z=6.3e+04 err_min[eps0]=3.17e-01][A
  GD waterbirds_under_rn50_train:  67%|██████▋   | 1349000/2000000 [06:34<04:47, 2260.52step/s, z=6.3e+04 err_min[eps0]=3.17e-01][A
  GD waterbirds_under_rn50_train:  68%|██████▊   | 1351000/2000000 [06:34<04:47, 2254.78step/s, z=6.3e+04 err_min[eps0]=3.17e-01][A
  GD waterbirds_under_rn50_train:  68%|██████▊   | 1353000/2000000 [06:35<04:36, 2337.05step/s, z=6.3e+04 err_min[eps0]=3.17e-01][A
  GD waterbirds_under_rn50_train:  68%|██████▊   | 1355000/2000000 [06:36<04:19, 2485.57step/s, z=6.3e+04 err_min[eps0]=3.17e-01][A
  GD waterbirds_under_rn50_train:  68%|██████▊   | 1357000/2000000 [06:37<04:08, 2585.99step/s, z=6.3e+04 err_min[eps0]=3.17e-01][A
  GD waterbirds_under_rn50_train:  68%|██████▊   | 1359000/2000000 [06:37<03:56, 2712.51step/s, z=6.3e+04 err_min[eps0]=3.17e-01][A
  GD waterbirds_under_rn50_train:  68%|██████▊   | 1361000/2000000 [06:38<03:48, 2795.47step/s, z=6.3e+04 err_min[eps0]=3.17e-01][A
  GD waterbirds_under_rn50_train:  68%|██████▊   | 1363000/2000000 [06:39<03:45, 2831.00step/s, z=6.3e+04 err_min[eps0]=3.17e-01][A
  GD waterbirds_under_rn50_train:  68%|██████▊   | 1365000/2000000 [06:39<03:38, 2900.57step/s, z=6.3e+04 err_min[eps0]=3.17e-01][A
  GD waterbirds_under_rn50_train:  68%|██████▊   | 1367000/2000000 [06:40<03:34, 2946.67step/s, z=6.3e+04 err_min[eps0]=3.17e-01][A
  GD waterbirds_under_rn50_train:  68%|██████▊   | 1369000/2000000 [06:41<03:32, 2963.02step/s, z=6.3e+04 err_min[eps0]=3.17e-01][A
  GD waterbirds_under_rn50_train:  69%|██████▊   | 1371000/2000000 [06:41<03:31, 2967.02step/s, z=6.3e+04 err_min[eps0]=3.17e-01][A
  GD waterbirds_under_rn50_train:  69%|██████▊   | 1373000/2000000 [06:42<03:31, 2964.97step/s, z=6.3e+04 err_min[eps0]=3.17e-01][A
  GD waterbirds_under_rn50_train:  69%|██████▉   | 1375000/2000000 [06:43<03:31, 2953.91step/s, z=6.3e+04 err_min[eps0]=3.17e-01][A
  GD waterbirds_under_rn50_train:  69%|██████▉   | 1377000/2000000 [06:43<03:25, 3034.48step/s, z=6.3e+04 err_min[eps0]=3.17e-01][A
  GD waterbirds_under_rn50_train:  69%|██████▉   | 1379000/2000000 [06:44<03:24, 3038.72step/s, z=6.3e+04 err_min[eps0]=3.17e-01][A
  GD waterbirds_under_rn50_train:  69%|██████▉   | 1381000/2000000 [06:44<03:24, 3020.81step/s, z=6.3e+04 err_min[eps0]=3.17e-01][A
  GD waterbirds_under_rn50_train:  69%|██████▉   | 1383000/2000000 [06:45<03:24, 3014.99step/s, z=6.3e+04 err_min[eps0]=3.17e-01][A
  GD waterbirds_under_rn50_train:  69%|██████▉   | 1385000/2000000 [06:46<03:26, 2979.59step/s, z=6.3e+04 err_min[eps0]=3.17e-01][A
  GD waterbirds_under_rn50_train:  69%|██████▉   | 1387000/2000000 [06:46<03:22, 3025.88step/s, z=6.3e+04 err_min[eps0]=3.17e-01][A
  GD waterbirds_under_rn50_train:  69%|██████▉   | 1389000/2000000 [06:47<03:22, 3018.29step/s, z=6.3e+04 err_min[eps0]=3.17e-01][A
  GD waterbirds_under_rn50_train:  70%|██████▉   | 1391000/2000000 [06:48<03:21, 3019.13step/s, z=6.3e+04 err_min[eps0]=3.17e-01][A
  GD waterbirds_under_rn50_train:  70%|██████▉   | 1393000/2000000 [06:48<03:21, 3013.13step/s, z=6.3e+04 err_min[eps0]=3.17e-01][A
  GD waterbirds_under_rn50_train:  70%|██████▉   | 1395000/2000000 [06:49<03:21, 3002.24step/s, z=6.3e+04 err_min[eps0]=3.17e-01][A
  GD waterbirds_under_rn50_train:  70%|██████▉   | 1397000/2000000 [06:50<03:18, 3042.90step/s, z=6.3e+04 err_min[eps0]=3.17e-01][A
  GD waterbirds_under_rn50_train:  70%|██████▉   | 1399000/2000000 [06:50<03:18, 3025.18step/s, z=6.3e+04 err_min[eps0]=3.17e-01][A
  GD waterbirds_under_rn50_train:  70%|███████   | 1401000/2000000 [06:51<03:20, 2987.02step/s, z=6.3e+04 err_min[eps0]=3.17e-01][A
  GD waterbirds_under_rn50_train:  70%|███████   | 1403000/2000000 [06:52<03:18, 3015.08step/s, z=6.3e+04 err_min[eps0]=3.17e-01][A
  GD waterbirds_under_rn50_train:  70%|███████   | 1405000/2000000 [06:52<03:17, 3008.27step/s, z=6.3e+04 err_min[eps0]=3.17e-01][A
  GD waterbirds_under_rn50_train:  70%|███████   | 1407000/2000000 [06:53<03:15, 3033.41step/s, z=6.3e+04 err_min[eps0]=3.17e-01][A
  GD waterbirds_under_rn50_train:  70%|███████   | 1409000/2000000 [06:54<03:16, 3009.25step/s, z=6.3e+04 err_min[eps0]=3.17e-01][A
  GD waterbirds_under_rn50_train:  71%|███████   | 1411000/2000000 [06:54<03:15, 3010.45step/s, z=6.3e+04 err_min[eps0]=3.17e-01][A
  GD waterbirds_under_rn50_train:  71%|███████   | 1413000/2000000 [06:55<03:19, 2939.07step/s, z=6.3e+04 err_min[eps0]=3.17e-01][A
  GD waterbirds_under_rn50_train:  71%|███████   | 1415000/2000000 [06:56<03:19, 2939.56step/s, z=6.3e+04 err_min[eps0]=3.17e-01][A
  GD waterbirds_under_rn50_train:  71%|███████   | 1417000/2000000 [06:56<03:14, 2992.57step/s, z=6.3e+04 err_min[eps0]=3.17e-01][A
  GD waterbirds_under_rn50_train:  71%|███████   | 1419000/2000000 [06:57<03:14, 2989.26step/s, z=6.3e+04 err_min[eps0]=3.17e-01][A
  GD waterbirds_under_rn50_train:  71%|███████   | 1420000/2000000 [06:58<03:14, 2989.26step/s, z=7.1e+04 err_min[eps0]=3.04e-01][A
  GD waterbirds_under_rn50_train:  71%|███████   | 1421000/2000000 [06:58<03:15, 2966.04step/s, z=7.1e+04 err_min[eps0]=3.04e-01][A
  GD waterbirds_under_rn50_train:  71%|███████   | 1423000/2000000 [06:58<03:11, 3006.56step/s, z=7.1e+04 err_min[eps0]=3.04e-01][A
  GD waterbirds_under_rn50_train:  71%|███████▏  | 1425000/2000000 [06:59<03:11, 2998.50step/s, z=7.1e+04 err_min[eps0]=3.04e-01][A
  GD waterbirds_under_rn50_train:  71%|███████▏  | 1427000/2000000 [07:00<03:08, 3035.31step/s, z=7.1e+04 err_min[eps0]=3.04e-01][A
  GD waterbirds_under_rn50_train:  71%|███████▏  | 1429000/2000000 [07:00<03:08, 3023.61step/s, z=7.1e+04 err_min[eps0]=3.04e-01][A
  GD waterbirds_under_rn50_train:  72%|███████▏  | 1431000/2000000 [07:01<03:09, 2999.64step/s, z=7.1e+04 err_min[eps0]=3.04e-01][A
  GD waterbirds_under_rn50_train:  72%|███████▏  | 1433000/2000000 [07:02<03:08, 3011.24step/s, z=7.1e+04 err_min[eps0]=3.04e-01][A
  GD waterbirds_under_rn50_train:  72%|███████▏  | 1435000/2000000 [07:02<03:08, 3002.55step/s, z=7.1e+04 err_min[eps0]=3.04e-01][A
  GD waterbirds_under_rn50_train:  72%|███████▏  | 1437000/2000000 [07:03<03:08, 2989.69step/s, z=7.1e+04 err_min[eps0]=3.04e-01][A
  GD waterbirds_under_rn50_train:  72%|███████▏  | 1439000/2000000 [07:04<03:05, 3016.56step/s, z=7.1e+04 err_min[eps0]=3.04e-01][A
  GD waterbirds_under_rn50_train:  72%|███████▏  | 1441000/2000000 [07:04<03:05, 3007.98step/s, z=7.1e+04 err_min[eps0]=3.04e-01][A
  GD waterbirds_under_rn50_train:  72%|███████▏  | 1443000/2000000 [07:05<03:06, 2990.84step/s, z=7.1e+04 err_min[eps0]=3.04e-01][A
  GD waterbirds_under_rn50_train:  72%|███████▏  | 1445000/2000000 [07:06<03:05, 2993.61step/s, z=7.1e+04 err_min[eps0]=3.04e-01][A
  GD waterbirds_under_rn50_train:  72%|███████▏  | 1447000/2000000 [07:06<03:04, 2999.68step/s, z=7.1e+04 err_min[eps0]=3.04e-01][A
  GD waterbirds_under_rn50_train:  72%|███████▏  | 1449000/2000000 [07:07<03:04, 2980.33step/s, z=7.1e+04 err_min[eps0]=3.04e-01][A
  GD waterbirds_under_rn50_train:  73%|███████▎  | 1451000/2000000 [07:08<03:03, 2987.27step/s, z=7.1e+04 err_min[eps0]=3.04e-01][A
  GD waterbirds_under_rn50_train:  73%|███████▎  | 1453000/2000000 [07:09<03:03, 2975.85step/s, z=7.1e+04 err_min[eps0]=3.04e-01][A
  GD waterbirds_under_rn50_train:  73%|███████▎  | 1455000/2000000 [07:09<03:02, 2990.74step/s, z=7.1e+04 err_min[eps0]=3.04e-01][A
  GD waterbirds_under_rn50_train:  73%|███████▎  | 1457000/2000000 [07:10<02:59, 3033.02step/s, z=7.1e+04 err_min[eps0]=3.04e-01][A
  GD waterbirds_under_rn50_train:  73%|███████▎  | 1459000/2000000 [07:11<03:02, 2966.02step/s, z=7.1e+04 err_min[eps0]=3.04e-01][A
  GD waterbirds_under_rn50_train:  73%|███████▎  | 1461000/2000000 [07:11<03:07, 2879.84step/s, z=7.1e+04 err_min[eps0]=3.04e-01][A
  GD waterbirds_under_rn50_train:  73%|███████▎  | 1463000/2000000 [07:12<03:02, 2939.67step/s, z=7.1e+04 err_min[eps0]=3.04e-01][A
  GD waterbirds_under_rn50_train:  73%|███████▎  | 1465000/2000000 [07:13<02:59, 2978.43step/s, z=7.1e+04 err_min[eps0]=3.04e-01][A
  GD waterbirds_under_rn50_train:  73%|███████▎  | 1467000/2000000 [07:13<02:58, 2981.75step/s, z=7.1e+04 err_min[eps0]=3.04e-01][A
  GD waterbirds_under_rn50_train:  73%|███████▎  | 1469000/2000000 [07:14<02:57, 2985.88step/s, z=7.1e+04 err_min[eps0]=3.04e-01][A
  GD waterbirds_under_rn50_train:  74%|███████▎  | 1471000/2000000 [07:15<02:57, 2985.22step/s, z=7.1e+04 err_min[eps0]=3.04e-01][A
  GD waterbirds_under_rn50_train:  74%|███████▎  | 1473000/2000000 [07:15<02:57, 2960.73step/s, z=7.1e+04 err_min[eps0]=3.04e-01][A
  GD waterbirds_under_rn50_train:  74%|███████▍  | 1475000/2000000 [07:16<02:54, 3008.57step/s, z=7.1e+04 err_min[eps0]=3.04e-01][A
  GD waterbirds_under_rn50_train:  74%|███████▍  | 1477000/2000000 [07:17<02:55, 2985.55step/s, z=7.1e+04 err_min[eps0]=3.04e-01][A
  GD waterbirds_under_rn50_train:  74%|███████▍  | 1479000/2000000 [07:17<02:53, 3002.93step/s, z=7.1e+04 err_min[eps0]=3.04e-01][A
  GD waterbirds_under_rn50_train:  74%|███████▍  | 1481000/2000000 [07:18<02:53, 2995.75step/s, z=7.1e+04 err_min[eps0]=3.04e-01][A
  GD waterbirds_under_rn50_train:  74%|███████▍  | 1483000/2000000 [07:19<02:52, 2991.98step/s, z=7.1e+04 err_min[eps0]=3.04e-01][A
  GD waterbirds_under_rn50_train:  74%|███████▍  | 1485000/2000000 [07:19<02:53, 2972.76step/s, z=7.1e+04 err_min[eps0]=3.04e-01][A
  GD waterbirds_under_rn50_train:  74%|███████▍  | 1487000/2000000 [07:20<02:51, 2992.90step/s, z=7.1e+04 err_min[eps0]=3.04e-01][A
  GD waterbirds_under_rn50_train:  74%|███████▍  | 1489000/2000000 [07:21<02:51, 2982.27step/s, z=7.1e+04 err_min[eps0]=3.04e-01][A
  GD waterbirds_under_rn50_train:  75%|███████▍  | 1491000/2000000 [07:21<02:51, 2964.86step/s, z=7.1e+04 err_min[eps0]=3.04e-01][A
  GD waterbirds_under_rn50_train:  75%|███████▍  | 1493000/2000000 [07:22<02:51, 2958.15step/s, z=7.1e+04 err_min[eps0]=3.04e-01][A
  GD waterbirds_under_rn50_train:  75%|███████▍  | 1495000/2000000 [07:23<02:48, 3004.05step/s, z=7.1e+04 err_min[eps0]=3.04e-01][A
  GD waterbirds_under_rn50_train:  75%|███████▍  | 1497000/2000000 [07:23<02:47, 2997.57step/s, z=7.1e+04 err_min[eps0]=3.04e-01][A
  GD waterbirds_under_rn50_train:  75%|███████▍  | 1499000/2000000 [07:24<02:46, 3003.37step/s, z=7.1e+04 err_min[eps0]=3.04e-01][A
  GD waterbirds_under_rn50_train:  75%|███████▌  | 1501000/2000000 [07:25<02:47, 2985.82step/s, z=7.1e+04 err_min[eps0]=3.04e-01][A
  GD waterbirds_under_rn50_train:  75%|███████▌  | 1503000/2000000 [07:25<02:46, 2993.82step/s, z=7.1e+04 err_min[eps0]=3.04e-01][A
  GD waterbirds_under_rn50_train:  75%|███████▌  | 1505000/2000000 [07:26<02:44, 3001.43step/s, z=7.1e+04 err_min[eps0]=3.04e-01][A
  GD waterbirds_under_rn50_train:  75%|███████▌  | 1507000/2000000 [07:27<02:43, 3008.51step/s, z=7.1e+04 err_min[eps0]=3.04e-01][A
  GD waterbirds_under_rn50_train:  75%|███████▌  | 1509000/2000000 [07:27<02:43, 3000.24step/s, z=7.1e+04 err_min[eps0]=3.04e-01][A
  GD waterbirds_under_rn50_train:  76%|███████▌  | 1511000/2000000 [07:28<02:44, 2973.50step/s, z=7.1e+04 err_min[eps0]=3.04e-01][A
  GD waterbirds_under_rn50_train:  76%|███████▌  | 1513000/2000000 [07:29<02:43, 2978.28step/s, z=7.1e+04 err_min[eps0]=3.04e-01][A
  GD waterbirds_under_rn50_train:  76%|███████▌  | 1515000/2000000 [07:29<02:41, 2998.20step/s, z=7.1e+04 err_min[eps0]=3.04e-01][A
  GD waterbirds_under_rn50_train:  76%|███████▌  | 1517000/2000000 [07:30<02:41, 2982.87step/s, z=7.1e+04 err_min[eps0]=3.04e-01][A
  GD waterbirds_under_rn50_train:  76%|███████▌  | 1519000/2000000 [07:31<02:40, 2997.05step/s, z=7.1e+04 err_min[eps0]=3.04e-01][A
  GD waterbirds_under_rn50_train:  76%|███████▌  | 1521000/2000000 [07:31<02:40, 2992.24step/s, z=7.1e+04 err_min[eps0]=3.04e-01][A
  GD waterbirds_under_rn50_train:  76%|███████▌  | 1523000/2000000 [07:32<02:39, 2989.00step/s, z=7.1e+04 err_min[eps0]=3.04e-01][A
  GD waterbirds_under_rn50_train:  76%|███████▋  | 1525000/2000000 [07:33<02:38, 2996.86step/s, z=7.1e+04 err_min[eps0]=3.04e-01][A
  GD waterbirds_under_rn50_train:  76%|███████▋  | 1527000/2000000 [07:33<02:37, 2998.44step/s, z=7.1e+04 err_min[eps0]=3.04e-01][A
  GD waterbirds_under_rn50_train:  76%|███████▋  | 1529000/2000000 [07:34<02:37, 2981.47step/s, z=7.1e+04 err_min[eps0]=3.04e-01][A
  GD waterbirds_under_rn50_train:  77%|███████▋  | 1531000/2000000 [07:35<02:38, 2962.61step/s, z=7.1e+04 err_min[eps0]=3.04e-01][A
  GD waterbirds_under_rn50_train:  77%|███████▋  | 1533000/2000000 [07:35<02:34, 3026.88step/s, z=7.1e+04 err_min[eps0]=3.04e-01][A
  GD waterbirds_under_rn50_train:  77%|███████▋  | 1535000/2000000 [07:36<02:34, 3009.59step/s, z=7.1e+04 err_min[eps0]=3.04e-01][A
  GD waterbirds_under_rn50_train:  77%|███████▋  | 1537000/2000000 [07:37<02:34, 2993.18step/s, z=7.1e+04 err_min[eps0]=3.04e-01][A
  GD waterbirds_under_rn50_train:  77%|███████▋  | 1539000/2000000 [07:37<02:33, 3010.42step/s, z=7.1e+04 err_min[eps0]=3.04e-01][A
  GD waterbirds_under_rn50_train:  77%|███████▋  | 1541000/2000000 [07:38<02:33, 2995.35step/s, z=7.1e+04 err_min[eps0]=3.04e-01][A
  GD waterbirds_under_rn50_train:  77%|███████▋  | 1543000/2000000 [07:39<02:32, 3004.17step/s, z=7.1e+04 err_min[eps0]=3.04e-01][A
  GD waterbirds_under_rn50_train:  77%|███████▋  | 1545000/2000000 [07:39<02:31, 3006.63step/s, z=7.1e+04 err_min[eps0]=3.04e-01][A
  GD waterbirds_under_rn50_train:  77%|███████▋  | 1547000/2000000 [07:40<02:31, 2997.23step/s, z=7.1e+04 err_min[eps0]=3.04e-01][A
  GD waterbirds_under_rn50_train:  77%|███████▋  | 1549000/2000000 [07:41<02:30, 2996.02step/s, z=7.1e+04 err_min[eps0]=3.04e-01][A
  GD waterbirds_under_rn50_train:  78%|███████▊  | 1551000/2000000 [07:41<02:30, 2985.84step/s, z=7.1e+04 err_min[eps0]=3.04e-01][A
  GD waterbirds_under_rn50_train:  78%|███████▊  | 1553000/2000000 [07:42<02:28, 3006.03step/s, z=7.1e+04 err_min[eps0]=3.04e-01][A
  GD waterbirds_under_rn50_train:  78%|███████▊  | 1555000/2000000 [07:43<02:28, 3004.35step/s, z=7.1e+04 err_min[eps0]=3.04e-01][A
  GD waterbirds_under_rn50_train:  78%|███████▊  | 1557000/2000000 [07:43<02:27, 2996.53step/s, z=7.1e+04 err_min[eps0]=3.04e-01][A
  GD waterbirds_under_rn50_train:  78%|███████▊  | 1559000/2000000 [07:44<02:27, 2984.03step/s, z=7.1e+04 err_min[eps0]=3.04e-01][A
  GD waterbirds_under_rn50_train:  78%|███████▊  | 1561000/2000000 [07:45<02:27, 2969.17step/s, z=7.1e+04 err_min[eps0]=3.04e-01][A
  GD waterbirds_under_rn50_train:  78%|███████▊  | 1563000/2000000 [07:45<02:25, 3011.43step/s, z=7.1e+04 err_min[eps0]=3.04e-01][A
  GD waterbirds_under_rn50_train:  78%|███████▊  | 1565000/2000000 [07:46<02:25, 2998.83step/s, z=7.1e+04 err_min[eps0]=3.04e-01][A
  GD waterbirds_under_rn50_train:  78%|███████▊  | 1567000/2000000 [07:47<02:25, 2974.71step/s, z=7.1e+04 err_min[eps0]=3.04e-01][A
  GD waterbirds_under_rn50_train:  78%|███████▊  | 1569000/2000000 [07:47<02:27, 2916.20step/s, z=7.1e+04 err_min[eps0]=3.04e-01][A
  GD waterbirds_under_rn50_train:  79%|███████▊  | 1571000/2000000 [07:48<02:23, 2981.60step/s, z=7.1e+04 err_min[eps0]=3.04e-01][A
  GD waterbirds_under_rn50_train:  79%|███████▊  | 1573000/2000000 [07:49<02:22, 2994.19step/s, z=7.1e+04 err_min[eps0]=3.04e-01][A
  GD waterbirds_under_rn50_train:  79%|███████▉  | 1575000/2000000 [07:49<02:22, 2985.43step/s, z=7.1e+04 err_min[eps0]=3.04e-01][A
  GD waterbirds_under_rn50_train:  79%|███████▉  | 1577000/2000000 [07:50<02:21, 2982.79step/s, z=7.1e+04 err_min[eps0]=3.04e-01][A
  GD waterbirds_under_rn50_train:  79%|███████▉  | 1579000/2000000 [07:51<02:20, 2991.66step/s, z=7.1e+04 err_min[eps0]=3.04e-01][A
  GD waterbirds_under_rn50_train:  79%|███████▉  | 1581000/2000000 [07:51<02:20, 2979.74step/s, z=7.1e+04 err_min[eps0]=3.04e-01][A
  GD waterbirds_under_rn50_train:  79%|███████▉  | 1583000/2000000 [07:52<02:18, 3002.08step/s, z=7.1e+04 err_min[eps0]=3.04e-01][A
  GD waterbirds_under_rn50_train:  79%|███████▉  | 1585000/2000000 [07:53<02:26, 2837.97step/s, z=7.1e+04 err_min[eps0]=3.04e-01][A
  GD waterbirds_under_rn50_train:  79%|███████▉  | 1587000/2000000 [07:53<02:22, 2902.67step/s, z=7.1e+04 err_min[eps0]=3.04e-01][A
  GD waterbirds_under_rn50_train:  79%|███████▉  | 1589000/2000000 [07:54<02:19, 2940.16step/s, z=7.1e+04 err_min[eps0]=3.04e-01][A
  GD waterbirds_under_rn50_train:  80%|███████▉  | 1591000/2000000 [07:55<02:19, 2933.57step/s, z=7.1e+04 err_min[eps0]=3.04e-01][A
  GD waterbirds_under_rn50_train:  80%|███████▉  | 1593000/2000000 [07:55<02:17, 2970.43step/s, z=7.1e+04 err_min[eps0]=3.04e-01][A
  GD waterbirds_under_rn50_train:  80%|███████▉  | 1595000/2000000 [07:56<02:15, 2988.45step/s, z=7.1e+04 err_min[eps0]=3.04e-01][A
  GD waterbirds_under_rn50_train:  80%|███████▉  | 1597000/2000000 [07:57<02:14, 2985.46step/s, z=7.1e+04 err_min[eps0]=3.04e-01][A
  GD waterbirds_under_rn50_train:  80%|███████▉  | 1599000/2000000 [07:57<02:14, 2975.94step/s, z=7.1e+04 err_min[eps0]=3.04e-01][A
  GD waterbirds_under_rn50_train:  80%|████████  | 1600000/2000000 [07:58<02:14, 2975.94step/s, z=8e+04 err_min[eps0]=2.90e-01]  [A
  GD waterbirds_under_rn50_train:  80%|████████  | 1601000/2000000 [07:58<02:13, 2992.05step/s, z=8e+04 err_min[eps0]=2.90e-01][A
  GD waterbirds_under_rn50_train:  80%|████████  | 1603000/2000000 [07:59<02:12, 3000.64step/s, z=8e+04 err_min[eps0]=2.90e-01][A
  GD waterbirds_under_rn50_train:  80%|████████  | 1605000/2000000 [07:59<02:12, 2992.19step/s, z=8e+04 err_min[eps0]=2.90e-01][A
  GD waterbirds_under_rn50_train:  80%|████████  | 1607000/2000000 [08:00<02:11, 2994.67step/s, z=8e+04 err_min[eps0]=2.90e-01][A
  GD waterbirds_under_rn50_train:  80%|████████  | 1609000/2000000 [08:01<02:10, 2991.05step/s, z=8e+04 err_min[eps0]=2.90e-01][A
  GD waterbirds_under_rn50_train:  81%|████████  | 1611000/2000000 [08:01<02:07, 3047.94step/s, z=8e+04 err_min[eps0]=2.90e-01][A
  GD waterbirds_under_rn50_train:  81%|████████  | 1613000/2000000 [08:02<02:08, 3021.99step/s, z=8e+04 err_min[eps0]=2.90e-01][A
  GD waterbirds_under_rn50_train:  81%|████████  | 1615000/2000000 [08:03<02:08, 3007.42step/s, z=8e+04 err_min[eps0]=2.90e-01][A
  GD waterbirds_under_rn50_train:  81%|████████  | 1617000/2000000 [08:03<02:08, 2981.76step/s, z=8e+04 err_min[eps0]=2.90e-01][A
  GD waterbirds_under_rn50_train:  81%|████████  | 1619000/2000000 [08:04<02:06, 3008.47step/s, z=8e+04 err_min[eps0]=2.90e-01][A
  GD waterbirds_under_rn50_train:  81%|████████  | 1621000/2000000 [08:05<02:05, 3017.46step/s, z=8e+04 err_min[eps0]=2.90e-01][A
  GD waterbirds_under_rn50_train:  81%|████████  | 1623000/2000000 [08:05<02:05, 3009.06step/s, z=8e+04 err_min[eps0]=2.90e-01][A
  GD waterbirds_under_rn50_train:  81%|████████▏ | 1625000/2000000 [08:06<02:05, 2995.65step/s, z=8e+04 err_min[eps0]=2.90e-01][A
  GD waterbirds_under_rn50_train:  81%|████████▏ | 1627000/2000000 [08:07<02:04, 2995.45step/s, z=8e+04 err_min[eps0]=2.90e-01][A
  GD waterbirds_under_rn50_train:  81%|████████▏ | 1629000/2000000 [08:07<02:05, 2967.90step/s, z=8e+04 err_min[eps0]=2.90e-01][A
  GD waterbirds_under_rn50_train:  82%|████████▏ | 1631000/2000000 [08:08<02:02, 3014.17step/s, z=8e+04 err_min[eps0]=2.90e-01][A
  GD waterbirds_under_rn50_train:  82%|████████▏ | 1633000/2000000 [08:09<02:01, 3028.88step/s, z=8e+04 err_min[eps0]=2.90e-01][A
  GD waterbirds_under_rn50_train:  82%|████████▏ | 1635000/2000000 [08:09<02:01, 3007.42step/s, z=8e+04 err_min[eps0]=2.90e-01][A
  GD waterbirds_under_rn50_train:  82%|████████▏ | 1637000/2000000 [08:10<02:00, 3000.47step/s, z=8e+04 err_min[eps0]=2.90e-01][A
  GD waterbirds_under_rn50_train:  82%|████████▏ | 1639000/2000000 [08:11<02:00, 3002.48step/s, z=8e+04 err_min[eps0]=2.90e-01][A
  GD waterbirds_under_rn50_train:  82%|████████▏ | 1641000/2000000 [08:11<01:58, 3037.38step/s, z=8e+04 err_min[eps0]=2.90e-01][A
  GD waterbirds_under_rn50_train:  82%|████████▏ | 1643000/2000000 [08:12<01:58, 3021.42step/s, z=8e+04 err_min[eps0]=2.90e-01][A
  GD waterbirds_under_rn50_train:  82%|████████▏ | 1645000/2000000 [08:13<01:58, 2984.25step/s, z=8e+04 err_min[eps0]=2.90e-01][A
  GD waterbirds_under_rn50_train:  82%|████████▏ | 1647000/2000000 [08:13<01:57, 3003.34step/s, z=8e+04 err_min[eps0]=2.90e-01][A
  GD waterbirds_under_rn50_train:  82%|████████▏ | 1649000/2000000 [08:14<01:57, 2995.15step/s, z=8e+04 err_min[eps0]=2.90e-01][A
  GD waterbirds_under_rn50_train:  83%|████████▎ | 1651000/2000000 [08:15<01:56, 3005.42step/s, z=8e+04 err_min[eps0]=2.90e-01][A
  GD waterbirds_under_rn50_train:  83%|████████▎ | 1653000/2000000 [08:15<01:55, 2992.77step/s, z=8e+04 err_min[eps0]=2.90e-01][A
  GD waterbirds_under_rn50_train:  83%|████████▎ | 1655000/2000000 [08:16<01:55, 2987.81step/s, z=8e+04 err_min[eps0]=2.90e-01][A
  GD waterbirds_under_rn50_train:  83%|████████▎ | 1657000/2000000 [08:17<01:54, 2984.52step/s, z=8e+04 err_min[eps0]=2.90e-01][A
  GD waterbirds_under_rn50_train:  83%|████████▎ | 1659000/2000000 [08:17<01:54, 2969.90step/s, z=8e+04 err_min[eps0]=2.90e-01][A
  GD waterbirds_under_rn50_train:  83%|████████▎ | 1661000/2000000 [08:18<01:51, 3043.07step/s, z=8e+04 err_min[eps0]=2.90e-01][A
  GD waterbirds_under_rn50_train:  83%|████████▎ | 1663000/2000000 [08:19<01:51, 3011.82step/s, z=8e+04 err_min[eps0]=2.90e-01][A
  GD waterbirds_under_rn50_train:  83%|████████▎ | 1665000/2000000 [08:19<01:51, 3011.45step/s, z=8e+04 err_min[eps0]=2.90e-01][A
  GD waterbirds_under_rn50_train:  83%|████████▎ | 1667000/2000000 [08:20<01:51, 2995.92step/s, z=8e+04 err_min[eps0]=2.90e-01][A
  GD waterbirds_under_rn50_train:  83%|████████▎ | 1669000/2000000 [08:21<01:50, 2999.51step/s, z=8e+04 err_min[eps0]=2.90e-01][A
  GD waterbirds_under_rn50_train:  84%|████████▎ | 1671000/2000000 [08:21<01:49, 3016.37step/s, z=8e+04 err_min[eps0]=2.90e-01][A
  GD waterbirds_under_rn50_train:  84%|████████▎ | 1673000/2000000 [08:22<01:48, 3002.83step/s, z=8e+04 err_min[eps0]=2.90e-01][A
  GD waterbirds_under_rn50_train:  84%|████████▍ | 1675000/2000000 [08:23<01:48, 2995.20step/s, z=8e+04 err_min[eps0]=2.90e-01][A
  GD waterbirds_under_rn50_train:  84%|████████▍ | 1677000/2000000 [08:23<01:47, 2996.48step/s, z=8e+04 err_min[eps0]=2.90e-01][A
  GD waterbirds_under_rn50_train:  84%|████████▍ | 1679000/2000000 [08:24<01:47, 2988.78step/s, z=8e+04 err_min[eps0]=2.90e-01][A
  GD waterbirds_under_rn50_train:  84%|████████▍ | 1681000/2000000 [08:25<01:46, 3003.67step/s, z=8e+04 err_min[eps0]=2.90e-01][A
  GD waterbirds_under_rn50_train:  84%|████████▍ | 1683000/2000000 [08:25<01:45, 3003.41step/s, z=8e+04 err_min[eps0]=2.90e-01][A
  GD waterbirds_under_rn50_train:  84%|████████▍ | 1685000/2000000 [08:26<01:45, 2994.87step/s, z=8e+04 err_min[eps0]=2.90e-01][A
  GD waterbirds_under_rn50_train:  84%|████████▍ | 1687000/2000000 [08:27<01:45, 2968.08step/s, z=8e+04 err_min[eps0]=2.90e-01][A
  GD waterbirds_under_rn50_train:  84%|████████▍ | 1689000/2000000 [08:27<01:44, 2970.36step/s, z=8e+04 err_min[eps0]=2.90e-01][A
  GD waterbirds_under_rn50_train:  85%|████████▍ | 1691000/2000000 [08:28<01:42, 3020.33step/s, z=8e+04 err_min[eps0]=2.90e-01][A
  GD waterbirds_under_rn50_train:  85%|████████▍ | 1693000/2000000 [08:29<01:42, 3007.74step/s, z=8e+04 err_min[eps0]=2.90e-01][A
  GD waterbirds_under_rn50_train:  85%|████████▍ | 1695000/2000000 [08:29<01:42, 2972.74step/s, z=8e+04 err_min[eps0]=2.90e-01][A
  GD waterbirds_under_rn50_train:  85%|████████▍ | 1697000/2000000 [08:30<01:40, 3005.02step/s, z=8e+04 err_min[eps0]=2.90e-01][A
  GD waterbirds_under_rn50_train:  85%|████████▍ | 1699000/2000000 [08:31<01:40, 2996.32step/s, z=8e+04 err_min[eps0]=2.90e-01][A
  GD waterbirds_under_rn50_train:  85%|████████▌ | 1701000/2000000 [08:31<01:38, 3042.20step/s, z=8e+04 err_min[eps0]=2.90e-01][A
  GD waterbirds_under_rn50_train:  85%|████████▌ | 1703000/2000000 [08:32<01:38, 3023.34step/s, z=8e+04 err_min[eps0]=2.90e-01][A
  GD waterbirds_under_rn50_train:  85%|████████▌ | 1705000/2000000 [08:33<01:38, 3001.43step/s, z=8e+04 err_min[eps0]=2.90e-01][A
  GD waterbirds_under_rn50_train:  85%|████████▌ | 1707000/2000000 [08:33<01:37, 3001.70step/s, z=8e+04 err_min[eps0]=2.90e-01][A
  GD waterbirds_under_rn50_train:  85%|████████▌ | 1709000/2000000 [08:34<01:37, 2995.09step/s, z=8e+04 err_min[eps0]=2.90e-01][A
  GD waterbirds_under_rn50_train:  86%|████████▌ | 1711000/2000000 [08:35<01:34, 3049.87step/s, z=8e+04 err_min[eps0]=2.90e-01][A
  GD waterbirds_under_rn50_train:  86%|████████▌ | 1713000/2000000 [08:35<01:34, 3024.28step/s, z=8e+04 err_min[eps0]=2.90e-01][A
  GD waterbirds_under_rn50_train:  86%|████████▌ | 1715000/2000000 [08:36<01:34, 3012.88step/s, z=8e+04 err_min[eps0]=2.90e-01][A
  GD waterbirds_under_rn50_train:  86%|████████▌ | 1717000/2000000 [08:37<01:35, 2978.02step/s, z=8e+04 err_min[eps0]=2.90e-01][A
  GD waterbirds_under_rn50_train:  86%|████████▌ | 1719000/2000000 [08:37<01:33, 2998.58step/s, z=8e+04 err_min[eps0]=2.90e-01][A
  GD waterbirds_under_rn50_train:  86%|████████▌ | 1721000/2000000 [08:38<01:32, 3028.15step/s, z=8e+04 err_min[eps0]=2.90e-01][A
  GD waterbirds_under_rn50_train:  86%|████████▌ | 1723000/2000000 [08:39<01:31, 3012.53step/s, z=8e+04 err_min[eps0]=2.90e-01][A
  GD waterbirds_under_rn50_train:  86%|████████▋ | 1725000/2000000 [08:39<01:31, 3003.98step/s, z=8e+04 err_min[eps0]=2.90e-01][A
  GD waterbirds_under_rn50_train:  86%|████████▋ | 1727000/2000000 [08:40<01:31, 2992.29step/s, z=8e+04 err_min[eps0]=2.90e-01][A
  GD waterbirds_under_rn50_train:  86%|████████▋ | 1729000/2000000 [08:41<01:31, 2973.99step/s, z=8e+04 err_min[eps0]=2.90e-01][A
  GD waterbirds_under_rn50_train:  87%|████████▋ | 1731000/2000000 [08:41<01:29, 3021.92step/s, z=8e+04 err_min[eps0]=2.90e-01][A
  GD waterbirds_under_rn50_train:  87%|████████▋ | 1733000/2000000 [08:42<01:28, 3016.89step/s, z=8e+04 err_min[eps0]=2.90e-01][A
  GD waterbirds_under_rn50_train:  87%|████████▋ | 1735000/2000000 [08:43<01:28, 3011.34step/s, z=8e+04 err_min[eps0]=2.90e-01][A
  GD waterbirds_under_rn50_train:  87%|████████▋ | 1737000/2000000 [08:43<01:27, 2992.03step/s, z=8e+04 err_min[eps0]=2.90e-01][A
  GD waterbirds_under_rn50_train:  87%|████████▋ | 1739000/2000000 [08:44<01:27, 2995.37step/s, z=8e+04 err_min[eps0]=2.90e-01][A
  GD waterbirds_under_rn50_train:  87%|████████▋ | 1741000/2000000 [08:45<01:25, 3034.04step/s, z=8e+04 err_min[eps0]=2.90e-01][A
  GD waterbirds_under_rn50_train:  87%|████████▋ | 1743000/2000000 [08:45<01:25, 3014.17step/s, z=8e+04 err_min[eps0]=2.90e-01][A
  GD waterbirds_under_rn50_train:  87%|████████▋ | 1745000/2000000 [08:46<01:25, 2999.23step/s, z=8e+04 err_min[eps0]=2.90e-01][A
  GD waterbirds_under_rn50_train:  87%|████████▋ | 1747000/2000000 [08:47<01:24, 2998.35step/s, z=8e+04 err_min[eps0]=2.90e-01][A
  GD waterbirds_under_rn50_train:  87%|████████▋ | 1749000/2000000 [08:47<01:24, 2975.84step/s, z=8e+04 err_min[eps0]=2.90e-01][A
  GD waterbirds_under_rn50_train:  88%|████████▊ | 1751000/2000000 [08:48<01:21, 3059.02step/s, z=8e+04 err_min[eps0]=2.90e-01][A
  GD waterbirds_under_rn50_train:  88%|████████▊ | 1753000/2000000 [08:49<01:21, 3033.92step/s, z=8e+04 err_min[eps0]=2.90e-01][A
  GD waterbirds_under_rn50_train:  88%|████████▊ | 1755000/2000000 [08:49<01:21, 3009.28step/s, z=8e+04 err_min[eps0]=2.90e-01][A
  GD waterbirds_under_rn50_train:  88%|████████▊ | 1757000/2000000 [08:50<01:21, 2980.89step/s, z=8e+04 err_min[eps0]=2.90e-01][A
  GD waterbirds_under_rn50_train:  88%|████████▊ | 1759000/2000000 [08:51<01:20, 3006.16step/s, z=8e+04 err_min[eps0]=2.90e-01][A
  GD waterbirds_under_rn50_train:  88%|████████▊ | 1761000/2000000 [08:51<01:18, 3028.04step/s, z=8e+04 err_min[eps0]=2.90e-01][A
  GD waterbirds_under_rn50_train:  88%|████████▊ | 1763000/2000000 [08:52<01:18, 3020.45step/s, z=8e+04 err_min[eps0]=2.90e-01][A
  GD waterbirds_under_rn50_train:  88%|████████▊ | 1765000/2000000 [08:53<01:18, 3006.57step/s, z=8e+04 err_min[eps0]=2.90e-01][A
  GD waterbirds_under_rn50_train:  88%|████████▊ | 1767000/2000000 [08:53<01:17, 2998.15step/s, z=8e+04 err_min[eps0]=2.90e-01][A
  GD waterbirds_under_rn50_train:  88%|████████▊ | 1769000/2000000 [08:54<01:17, 2970.37step/s, z=8e+04 err_min[eps0]=2.90e-01][A
  GD waterbirds_under_rn50_train:  89%|████████▊ | 1771000/2000000 [08:55<01:16, 3007.50step/s, z=8e+04 err_min[eps0]=2.90e-01][A
  GD waterbirds_under_rn50_train:  89%|████████▊ | 1773000/2000000 [08:55<01:15, 3000.60step/s, z=8e+04 err_min[eps0]=2.90e-01][A
  GD waterbirds_under_rn50_train:  89%|████████▉ | 1775000/2000000 [08:56<01:15, 2976.01step/s, z=8e+04 err_min[eps0]=2.90e-01][A
  GD waterbirds_under_rn50_train:  89%|████████▉ | 1777000/2000000 [08:57<01:14, 2994.33step/s, z=8e+04 err_min[eps0]=2.90e-01][A
  GD waterbirds_under_rn50_train:  89%|████████▉ | 1779000/2000000 [08:57<01:14, 2958.56step/s, z=8e+04 err_min[eps0]=2.90e-01][A
  GD waterbirds_under_rn50_train:  89%|████████▉ | 1780000/2000000 [08:58<01:14, 2958.56step/s, z=8.9e+04 err_min[eps0]=2.76e-01][A
  GD waterbirds_under_rn50_train:  89%|████████▉ | 1781000/2000000 [08:58<01:13, 2965.68step/s, z=8.9e+04 err_min[eps0]=2.76e-01][A
  GD waterbirds_under_rn50_train:  89%|████████▉ | 1783000/2000000 [08:59<01:13, 2961.04step/s, z=8.9e+04 err_min[eps0]=2.76e-01][A
  GD waterbirds_under_rn50_train:  89%|████████▉ | 1785000/2000000 [08:59<01:12, 2967.53step/s, z=8.9e+04 err_min[eps0]=2.76e-01][A
  GD waterbirds_under_rn50_train:  89%|████████▉ | 1787000/2000000 [09:00<01:11, 2973.63step/s, z=8.9e+04 err_min[eps0]=2.76e-01][A
  GD waterbirds_under_rn50_train:  89%|████████▉ | 1789000/2000000 [09:01<01:10, 2988.50step/s, z=8.9e+04 err_min[eps0]=2.76e-01][A
  GD waterbirds_under_rn50_train:  90%|████████▉ | 1791000/2000000 [09:01<01:09, 3004.34step/s, z=8.9e+04 err_min[eps0]=2.76e-01][A
  GD waterbirds_under_rn50_train:  90%|████████▉ | 1793000/2000000 [09:02<01:08, 3001.39step/s, z=8.9e+04 err_min[eps0]=2.76e-01][A
  GD waterbirds_under_rn50_train:  90%|████████▉ | 1795000/2000000 [09:03<01:08, 2988.38step/s, z=8.9e+04 err_min[eps0]=2.76e-01][A
  GD waterbirds_under_rn50_train:  90%|████████▉ | 1797000/2000000 [09:03<01:07, 2989.07step/s, z=8.9e+04 err_min[eps0]=2.76e-01][A
  GD waterbirds_under_rn50_train:  90%|████████▉ | 1799000/2000000 [09:04<01:07, 2984.74step/s, z=8.9e+04 err_min[eps0]=2.76e-01][A
  GD waterbirds_under_rn50_train:  90%|█████████ | 1801000/2000000 [09:05<01:07, 2948.63step/s, z=8.9e+04 err_min[eps0]=2.76e-01][A
  GD waterbirds_under_rn50_train:  90%|█████████ | 1803000/2000000 [09:06<01:07, 2913.78step/s, z=8.9e+04 err_min[eps0]=2.76e-01][A
  GD waterbirds_under_rn50_train:  90%|█████████ | 1805000/2000000 [09:06<01:06, 2952.60step/s, z=8.9e+04 err_min[eps0]=2.76e-01][A
  GD waterbirds_under_rn50_train:  90%|█████████ | 1807000/2000000 [09:07<01:05, 2935.92step/s, z=8.9e+04 err_min[eps0]=2.76e-01][A
  GD waterbirds_under_rn50_train:  90%|█████████ | 1809000/2000000 [09:07<01:03, 3008.09step/s, z=8.9e+04 err_min[eps0]=2.76e-01][A
  GD waterbirds_under_rn50_train:  91%|█████████ | 1811000/2000000 [09:08<01:03, 2988.65step/s, z=8.9e+04 err_min[eps0]=2.76e-01][A
  GD waterbirds_under_rn50_train:  91%|█████████ | 1813000/2000000 [09:09<01:02, 2991.45step/s, z=8.9e+04 err_min[eps0]=2.76e-01][A
  GD waterbirds_under_rn50_train:  91%|█████████ | 1815000/2000000 [09:09<01:01, 2996.65step/s, z=8.9e+04 err_min[eps0]=2.76e-01][A
  GD waterbirds_under_rn50_train:  91%|█████████ | 1817000/2000000 [09:10<01:01, 2991.90step/s, z=8.9e+04 err_min[eps0]=2.76e-01][A
  GD waterbirds_under_rn50_train:  91%|█████████ | 1819000/2000000 [09:11<00:59, 3023.35step/s, z=8.9e+04 err_min[eps0]=2.76e-01][A
  GD waterbirds_under_rn50_train:  91%|█████████ | 1821000/2000000 [09:12<01:00, 2946.02step/s, z=8.9e+04 err_min[eps0]=2.76e-01][A
  GD waterbirds_under_rn50_train:  91%|█████████ | 1823000/2000000 [09:12<00:59, 2961.24step/s, z=8.9e+04 err_min[eps0]=2.76e-01][A
  GD waterbirds_under_rn50_train:  91%|█████████▏| 1825000/2000000 [09:13<00:59, 2951.98step/s, z=8.9e+04 err_min[eps0]=2.76e-01][A
  GD waterbirds_under_rn50_train:  91%|█████████▏| 1827000/2000000 [09:14<00:58, 2944.72step/s, z=8.9e+04 err_min[eps0]=2.76e-01][A
  GD waterbirds_under_rn50_train:  91%|█████████▏| 1829000/2000000 [09:14<00:57, 2987.31step/s, z=8.9e+04 err_min[eps0]=2.76e-01][A
  GD waterbirds_under_rn50_train:  92%|█████████▏| 1831000/2000000 [09:15<00:56, 2994.39step/s, z=8.9e+04 err_min[eps0]=2.76e-01][A
  GD waterbirds_under_rn50_train:  92%|█████████▏| 1833000/2000000 [09:16<00:56, 2965.77step/s, z=8.9e+04 err_min[eps0]=2.76e-01][A
  GD waterbirds_under_rn50_train:  92%|█████████▏| 1835000/2000000 [09:16<00:55, 2990.19step/s, z=8.9e+04 err_min[eps0]=2.76e-01][A
  GD waterbirds_under_rn50_train:  92%|█████████▏| 1837000/2000000 [09:17<00:54, 3006.25step/s, z=8.9e+04 err_min[eps0]=2.76e-01][A
  GD waterbirds_under_rn50_train:  92%|█████████▏| 1839000/2000000 [09:18<00:53, 3034.70step/s, z=8.9e+04 err_min[eps0]=2.76e-01][A
  GD waterbirds_under_rn50_train:  92%|█████████▏| 1841000/2000000 [09:18<00:52, 3018.45step/s, z=8.9e+04 err_min[eps0]=2.76e-01][A
  GD waterbirds_under_rn50_train:  92%|█████████▏| 1843000/2000000 [09:19<00:52, 3003.78step/s, z=8.9e+04 err_min[eps0]=2.76e-01][A
  GD waterbirds_under_rn50_train:  92%|█████████▏| 1845000/2000000 [09:20<00:51, 3001.39step/s, z=8.9e+04 err_min[eps0]=2.76e-01][A
  GD waterbirds_under_rn50_train:  92%|█████████▏| 1847000/2000000 [09:20<00:51, 2964.33step/s, z=8.9e+04 err_min[eps0]=2.76e-01][A
  GD waterbirds_under_rn50_train:  92%|█████████▏| 1849000/2000000 [09:21<00:50, 2997.83step/s, z=8.9e+04 err_min[eps0]=2.76e-01][A
  GD waterbirds_under_rn50_train:  93%|█████████▎| 1851000/2000000 [09:22<00:50, 2973.59step/s, z=8.9e+04 err_min[eps0]=2.76e-01][A
  GD waterbirds_under_rn50_train:  93%|█████████▎| 1853000/2000000 [09:22<00:49, 2998.06step/s, z=8.9e+04 err_min[eps0]=2.76e-01][A
  GD waterbirds_under_rn50_train:  93%|█████████▎| 1855000/2000000 [09:23<00:48, 2985.77step/s, z=8.9e+04 err_min[eps0]=2.76e-01][A
  GD waterbirds_under_rn50_train:  93%|█████████▎| 1857000/2000000 [09:24<00:47, 2986.00step/s, z=8.9e+04 err_min[eps0]=2.76e-01][A
  GD waterbirds_under_rn50_train:  93%|█████████▎| 1859000/2000000 [09:24<00:46, 3014.12step/s, z=8.9e+04 err_min[eps0]=2.76e-01][A
  GD waterbirds_under_rn50_train:  93%|█████████▎| 1861000/2000000 [09:25<00:46, 2992.09step/s, z=8.9e+04 err_min[eps0]=2.76e-01][A
  GD waterbirds_under_rn50_train:  93%|█████████▎| 1863000/2000000 [09:26<00:45, 2985.62step/s, z=8.9e+04 err_min[eps0]=2.76e-01][A
  GD waterbirds_under_rn50_train:  93%|█████████▎| 1865000/2000000 [09:26<00:44, 3001.95step/s, z=8.9e+04 err_min[eps0]=2.76e-01][A
  GD waterbirds_under_rn50_train:  93%|█████████▎| 1867000/2000000 [09:27<00:43, 3034.92step/s, z=8.9e+04 err_min[eps0]=2.76e-01][A
  GD waterbirds_under_rn50_train:  93%|█████████▎| 1869000/2000000 [09:28<00:43, 3023.73step/s, z=8.9e+04 err_min[eps0]=2.76e-01][A
  GD waterbirds_under_rn50_train:  94%|█████████▎| 1871000/2000000 [09:28<00:42, 3006.50step/s, z=8.9e+04 err_min[eps0]=2.76e-01][A
  GD waterbirds_under_rn50_train:  94%|█████████▎| 1873000/2000000 [09:29<00:42, 2995.35step/s, z=8.9e+04 err_min[eps0]=2.76e-01][A
  GD waterbirds_under_rn50_train:  94%|█████████▍| 1875000/2000000 [09:30<00:42, 2975.95step/s, z=8.9e+04 err_min[eps0]=2.76e-01][A
  GD waterbirds_under_rn50_train:  94%|█████████▍| 1877000/2000000 [09:30<00:40, 3015.14step/s, z=8.9e+04 err_min[eps0]=2.76e-01][A
  GD waterbirds_under_rn50_train:  94%|█████████▍| 1879000/2000000 [09:31<00:40, 3017.74step/s, z=8.9e+04 err_min[eps0]=2.76e-01][A
  GD waterbirds_under_rn50_train:  94%|█████████▍| 1881000/2000000 [09:32<00:40, 2971.98step/s, z=8.9e+04 err_min[eps0]=2.76e-01][A
  GD waterbirds_under_rn50_train:  94%|█████████▍| 1883000/2000000 [09:32<00:38, 3013.25step/s, z=8.9e+04 err_min[eps0]=2.76e-01][A
  GD waterbirds_under_rn50_train:  94%|█████████▍| 1885000/2000000 [09:33<00:38, 3003.19step/s, z=8.9e+04 err_min[eps0]=2.76e-01][A
  GD waterbirds_under_rn50_train:  94%|█████████▍| 1887000/2000000 [09:34<00:37, 3045.30step/s, z=8.9e+04 err_min[eps0]=2.76e-01][A
  GD waterbirds_under_rn50_train:  94%|█████████▍| 1889000/2000000 [09:34<00:36, 3029.89step/s, z=8.9e+04 err_min[eps0]=2.76e-01][A
  GD waterbirds_under_rn50_train:  95%|█████████▍| 1891000/2000000 [09:35<00:36, 2984.87step/s, z=8.9e+04 err_min[eps0]=2.76e-01][A
  GD waterbirds_under_rn50_train:  95%|█████████▍| 1893000/2000000 [09:36<00:35, 3028.58step/s, z=8.9e+04 err_min[eps0]=2.76e-01][A
  GD waterbirds_under_rn50_train:  95%|█████████▍| 1895000/2000000 [09:36<00:34, 3014.38step/s, z=8.9e+04 err_min[eps0]=2.76e-01][A
  GD waterbirds_under_rn50_train:  95%|█████████▍| 1897000/2000000 [09:37<00:33, 3067.48step/s, z=8.9e+04 err_min[eps0]=2.76e-01][A
  GD waterbirds_under_rn50_train:  95%|█████████▍| 1899000/2000000 [09:37<00:33, 3033.18step/s, z=8.9e+04 err_min[eps0]=2.76e-01][A
  GD waterbirds_under_rn50_train:  95%|█████████▌| 1901000/2000000 [09:38<00:32, 3015.57step/s, z=8.9e+04 err_min[eps0]=2.76e-01][A
  GD waterbirds_under_rn50_train:  95%|█████████▌| 1903000/2000000 [09:39<00:32, 3016.96step/s, z=8.9e+04 err_min[eps0]=2.76e-01][A
  GD waterbirds_under_rn50_train:  95%|█████████▌| 1905000/2000000 [09:39<00:31, 3004.50step/s, z=8.9e+04 err_min[eps0]=2.76e-01][A
  GD waterbirds_under_rn50_train:  95%|█████████▌| 1907000/2000000 [09:40<00:30, 3057.58step/s, z=8.9e+04 err_min[eps0]=2.76e-01][A
  GD waterbirds_under_rn50_train:  95%|█████████▌| 1909000/2000000 [09:41<00:29, 3033.52step/s, z=8.9e+04 err_min[eps0]=2.76e-01][A
  GD waterbirds_under_rn50_train:  96%|█████████▌| 1911000/2000000 [09:41<00:29, 3007.11step/s, z=8.9e+04 err_min[eps0]=2.76e-01][A
  GD waterbirds_under_rn50_train:  96%|█████████▌| 1913000/2000000 [09:42<00:28, 3009.42step/s, z=8.9e+04 err_min[eps0]=2.76e-01][A
  GD waterbirds_under_rn50_train:  96%|█████████▌| 1915000/2000000 [09:43<00:28, 2999.17step/s, z=8.9e+04 err_min[eps0]=2.76e-01][A
  GD waterbirds_under_rn50_train:  96%|█████████▌| 1917000/2000000 [09:43<00:27, 3003.83step/s, z=8.9e+04 err_min[eps0]=2.76e-01][A
  GD waterbirds_under_rn50_train:  96%|█████████▌| 1919000/2000000 [09:44<00:26, 3003.01step/s, z=8.9e+04 err_min[eps0]=2.76e-01][A
  GD waterbirds_under_rn50_train:  96%|█████████▌| 1921000/2000000 [09:45<00:26, 2996.68step/s, z=8.9e+04 err_min[eps0]=2.76e-01][A
  GD waterbirds_under_rn50_train:  96%|█████████▌| 1923000/2000000 [09:45<00:25, 2998.84step/s, z=8.9e+04 err_min[eps0]=2.76e-01][A
  GD waterbirds_under_rn50_train:  96%|█████████▋| 1925000/2000000 [09:46<00:25, 2963.47step/s, z=8.9e+04 err_min[eps0]=2.76e-01][A
  GD waterbirds_under_rn50_train:  96%|█████████▋| 1927000/2000000 [09:47<00:24, 3041.20step/s, z=8.9e+04 err_min[eps0]=2.76e-01][A
  GD waterbirds_under_rn50_train:  96%|█████████▋| 1929000/2000000 [09:47<00:23, 3004.36step/s, z=8.9e+04 err_min[eps0]=2.76e-01][A
  GD waterbirds_under_rn50_train:  97%|█████████▋| 1931000/2000000 [09:48<00:22, 3007.25step/s, z=8.9e+04 err_min[eps0]=2.76e-01][A
  GD waterbirds_under_rn50_train:  97%|█████████▋| 1933000/2000000 [09:49<00:22, 3003.01step/s, z=8.9e+04 err_min[eps0]=2.76e-01][A
  GD waterbirds_under_rn50_train:  97%|█████████▋| 1935000/2000000 [09:49<00:21, 2997.30step/s, z=8.9e+04 err_min[eps0]=2.76e-01][A
  GD waterbirds_under_rn50_train:  97%|█████████▋| 1937000/2000000 [09:50<00:20, 3005.82step/s, z=8.9e+04 err_min[eps0]=2.76e-01][A
  GD waterbirds_under_rn50_train:  97%|█████████▋| 1939000/2000000 [09:51<00:20, 3001.76step/s, z=8.9e+04 err_min[eps0]=2.76e-01][A
  GD waterbirds_under_rn50_train:  97%|█████████▋| 1941000/2000000 [09:51<00:19, 2996.22step/s, z=8.9e+04 err_min[eps0]=2.76e-01][A
  GD waterbirds_under_rn50_train:  97%|█████████▋| 1943000/2000000 [09:52<00:19, 2954.98step/s, z=8.9e+04 err_min[eps0]=2.76e-01][A
  GD waterbirds_under_rn50_train:  97%|█████████▋| 1945000/2000000 [09:53<00:18, 3002.06step/s, z=8.9e+04 err_min[eps0]=2.76e-01][A
  GD waterbirds_under_rn50_train:  97%|█████████▋| 1947000/2000000 [09:53<00:17, 3014.93step/s, z=8.9e+04 err_min[eps0]=2.76e-01][A
  GD waterbirds_under_rn50_train:  97%|█████████▋| 1949000/2000000 [09:54<00:16, 3034.46step/s, z=8.9e+04 err_min[eps0]=2.76e-01][A
  GD waterbirds_under_rn50_train:  98%|█████████▊| 1951000/2000000 [09:55<00:16, 3014.52step/s, z=8.9e+04 err_min[eps0]=2.76e-01][A
  GD waterbirds_under_rn50_train:  98%|█████████▊| 1953000/2000000 [09:55<00:15, 2993.28step/s, z=8.9e+04 err_min[eps0]=2.76e-01][A
  GD waterbirds_under_rn50_train:  98%|█████████▊| 1955000/2000000 [09:56<00:14, 3008.46step/s, z=8.9e+04 err_min[eps0]=2.76e-01][A
  GD waterbirds_under_rn50_train:  98%|█████████▊| 1957000/2000000 [09:57<00:14, 3019.76step/s, z=8.9e+04 err_min[eps0]=2.76e-01][A
  GD waterbirds_under_rn50_train:  98%|█████████▊| 1959000/2000000 [09:57<00:13, 2988.43step/s, z=8.9e+04 err_min[eps0]=2.76e-01][A
  GD waterbirds_under_rn50_train:  98%|█████████▊| 1961000/2000000 [09:58<00:12, 3008.96step/s, z=8.9e+04 err_min[eps0]=2.76e-01][A
  GD waterbirds_under_rn50_train:  98%|█████████▊| 1963000/2000000 [09:59<00:12, 3001.58step/s, z=8.9e+04 err_min[eps0]=2.76e-01][A
  GD waterbirds_under_rn50_train:  98%|█████████▊| 1965000/2000000 [09:59<00:11, 2983.65step/s, z=8.9e+04 err_min[eps0]=2.76e-01][A
  GD waterbirds_under_rn50_train:  98%|█████████▊| 1967000/2000000 [10:00<00:10, 3023.57step/s, z=8.9e+04 err_min[eps0]=2.76e-01][A
  GD waterbirds_under_rn50_train:  98%|█████████▊| 1969000/2000000 [10:01<00:10, 3007.92step/s, z=8.9e+04 err_min[eps0]=2.76e-01][A
  GD waterbirds_under_rn50_train:  99%|█████████▊| 1971000/2000000 [10:01<00:09, 2984.29step/s, z=8.9e+04 err_min[eps0]=2.76e-01][A
  GD waterbirds_under_rn50_train:  99%|█████████▊| 1973000/2000000 [10:02<00:08, 3006.09step/s, z=8.9e+04 err_min[eps0]=2.76e-01][A
  GD waterbirds_under_rn50_train:  99%|█████████▉| 1975000/2000000 [10:03<00:08, 2998.66step/s, z=8.9e+04 err_min[eps0]=2.76e-01][A
  GD waterbirds_under_rn50_train:  99%|█████████▉| 1977000/2000000 [10:03<00:07, 2986.26step/s, z=8.9e+04 err_min[eps0]=2.76e-01][A
  GD waterbirds_under_rn50_train:  99%|█████████▉| 1979000/2000000 [10:04<00:06, 3000.85step/s, z=8.9e+04 err_min[eps0]=2.76e-01][A
  GD waterbirds_under_rn50_train:  99%|█████████▉| 1981000/2000000 [10:05<00:06, 2998.49step/s, z=8.9e+04 err_min[eps0]=2.76e-01][A
  GD waterbirds_under_rn50_train:  99%|█████████▉| 1983000/2000000 [10:05<00:05, 2987.22step/s, z=8.9e+04 err_min[eps0]=2.76e-01][A
  GD waterbirds_under_rn50_train:  99%|█████████▉| 1985000/2000000 [10:06<00:05, 2996.11step/s, z=8.9e+04 err_min[eps0]=2.76e-01][A
  GD waterbirds_under_rn50_train:  99%|█████████▉| 1987000/2000000 [10:07<00:04, 3013.61step/s, z=8.9e+04 err_min[eps0]=2.76e-01][A
  GD waterbirds_under_rn50_train:  99%|█████████▉| 1989000/2000000 [10:07<00:03, 2990.83step/s, z=8.9e+04 err_min[eps0]=2.76e-01][A
  GD waterbirds_under_rn50_train: 100%|█████████▉| 1991000/2000000 [10:08<00:02, 3002.71step/s, z=8.9e+04 err_min[eps0]=2.76e-01][A
  GD waterbirds_under_rn50_train: 100%|█████████▉| 1993000/2000000 [10:09<00:02, 2991.57step/s, z=8.9e+04 err_min[eps0]=2.76e-01][A
  GD waterbirds_under_rn50_train: 100%|█████████▉| 1995000/2000000 [10:09<00:01, 2992.19step/s, z=8.9e+04 err_min[eps0]=2.76e-01][A
  GD waterbirds_under_rn50_train: 100%|█████████▉| 1997000/2000000 [10:10<00:00, 3008.75step/s, z=8.9e+04 err_min[eps0]=2.76e-01][A
  GD waterbirds_under_rn50_train: 100%|█████████▉| 1999000/2000000 [10:11<00:00, 3004.70step/s, z=8.9e+04 err_min[eps0]=2.76e-01][A
  GD waterbirds_under_rn50_train: 100%|██████████| 2000000/2000000 [10:11<00:00, 3269.62step/s, z=1e+05 err_min[eps0]=2.64e-01]
bundles: 100%|██████████| 3/3 [25:15<00:00, 505.21s/bundle]
# Long-horizon diagnostics

All quantities are defined in words in the docstring of `long_horizon.py`. Short version: z = h * (number of GD steps); beta = decay exponent of a group's soft error in z, fitted on the window [z/2, 2z]; kappa = exponent of a group's soft error in eps at that single z, fitted across the eps grid.

## waterbirds_dinov2_train

status: finished, z reached: 1e+05, full-split margin (lower bound, separability_check): 0.551

### eps-exponents at each z

Theory: for a group whose beta -> 1, its kappa -> 1 (g=1, min) or -> -0.157 (g=0, maj). For a group whose beta -> alpha > 1 the theorem gives no eps-dependence.

| z | kappa_min | kappa_maj |
|---|---|---|
| 1 | 0.264 | -0.083 |
| 3.15 | 0.414 | -0.125 |
| 10 | 0.565 | -0.159 |
| 31.6 | 0.696 | -0.178 |
| 99.8 | 0.795 | -0.183 |
| 316 | 0.879 | -0.166 |
| 998 | 0.931 | -0.142 |
| 3.15e+03 | 0.951 | -0.135 |
| 9.98e+03 | 0.957 | -0.145 |
| 3.15e+04 | 0.965 | -0.149 |
| 1e+05 | 0.975 | -0.150 |

### decay exponents in z (one column per eps)

Theory: alpha < 1: both groups -> 1. alpha > 1: the larger-r-margin group -> alpha, the other -> 1.

beta_min:

| z | eps=0.01 | eps=0.03 | eps=0.08 | eps=0.2 | eps=0.5 |
|---|---|---|---|---|---|
| 1 | 0.084 | 0.136 | 0.245 | 0.408 | 0.571 |
| 3.15 | 0.127 | 0.226 | 0.378 | 0.515 | 0.624 |
| 10 | 0.178 | 0.324 | 0.472 | 0.564 | 0.665 |
| 31.6 | 0.251 | 0.425 | 0.519 | 0.612 | 0.639 |
| 99.8 | 0.374 | 0.524 | 0.648 | 0.699 | 0.665 |
| 316 | 0.577 | 0.722 | 0.822 | 0.819 | 0.806 |
| 998 | 0.755 | 0.925 | 0.919 | 0.938 | 0.935 |
| 3.15e+03 | 0.997 | 0.947 | 0.955 | 0.970 | 0.995 |
| 9.98e+03 | 0.969 | 0.963 | 0.971 | 0.980 | 0.994 |
| 3.15e+04 | 0.961 | 0.961 | 0.966 | 0.973 | 0.980 |
| 1e+05 | 0.984 | 1.001 | 1.022 | 1.035 | 1.037 |

beta_maj:

| z | eps=0.01 | eps=0.03 | eps=0.08 | eps=0.2 | eps=0.5 |
|---|---|---|---|---|---|
| 1 | 0.502 | 0.496 | 0.479 | 0.440 | 0.354 |
| 3.15 | 0.629 | 0.615 | 0.585 | 0.549 | 0.493 |
| 10 | 0.666 | 0.634 | 0.599 | 0.575 | 0.587 |
| 31.6 | 0.657 | 0.612 | 0.585 | 0.608 | 0.612 |
| 99.8 | 0.664 | 0.632 | 0.657 | 0.697 | 0.651 |
| 316 | 0.710 | 0.735 | 0.829 | 0.807 | 0.764 |
| 998 | 0.768 | 0.936 | 0.916 | 0.913 | 0.888 |
| 3.15e+03 | 1.005 | 0.960 | 0.952 | 0.953 | 0.954 |
| 9.98e+03 | 0.992 | 0.972 | 0.969 | 0.969 | 0.968 |
| 3.15e+04 | 0.973 | 0.966 | 0.965 | 0.965 | 0.962 |
| 1e+05 | 1.025 | 1.028 | 1.031 | 1.031 | 1.024 |

### scaled errors (theory: constant in z and eps for a group whose beta -> 1)

eps_z_err_min:

| z | eps=0.01 | eps=0.03 | eps=0.08 | eps=0.2 | eps=0.5 |
|---|---|---|---|---|---|
| 1 | 0.00377 | 0.0106 | 0.0242 | 0.0444 | 0.0647 |
| 3.15 | 0.0105 | 0.0272 | 0.0534 | 0.0816 | 0.103 |
| 10 | 0.0281 | 0.0629 | 0.103 | 0.138 | 0.154 |
| 31.6 | 0.0697 | 0.129 | 0.183 | 0.222 | 0.228 |
| 99.8 | 0.155 | 0.236 | 0.305 | 0.335 | 0.348 |
| 316 | 0.285 | 0.377 | 0.406 | 0.442 | 0.471 |
| 998 | 0.422 | 0.44 | 0.466 | 0.502 | 0.554 |
| 3.15e+03 | 0.465 | 0.474 | 0.499 | 0.526 | 0.562 |
| 9.98e+03 | 0.478 | 0.498 | 0.52 | 0.54 | 0.565 |
| 3.15e+04 | 0.498 | 0.518 | 0.537 | 0.553 | 0.572 |
| 1e+05 | 0.511 | 0.526 | 0.538 | 0.548 | 0.565 |

one_minus_eps_z_err_maj:

| z | eps=0.01 | eps=0.03 | eps=0.08 | eps=0.2 | eps=0.5 |
|---|---|---|---|---|---|
| 1 | 0.157 | 0.156 | 0.153 | 0.144 | 0.113 |
| 3.15 | 0.256 | 0.257 | 0.258 | 0.256 | 0.219 |
| 10 | 0.381 | 0.391 | 0.409 | 0.419 | 0.369 |
| 31.6 | 0.561 | 0.605 | 0.656 | 0.68 | 0.581 |
| 99.8 | 0.833 | 0.939 | 1.04 | 1.02 | 0.897 |
| 316 | 1.2 | 1.39 | 1.39 | 1.36 | 1.26 |
| 998 | 1.64 | 1.63 | 1.59 | 1.58 | 1.55 |
| 3.15e+03 | 1.84 | 1.73 | 1.71 | 1.7 | 1.67 |
| 9.98e+03 | 1.83 | 1.79 | 1.78 | 1.77 | 1.74 |
| 3.15e+04 | 1.87 | 1.85 | 1.84 | 1.83 | 1.8 |
| 1e+05 | 1.87 | 1.85 | 1.84 | 1.83 | 1.81 |

### iterate margin and training accuracy

margin = min over training points of y w.x / ||w|| (negative: some point misclassified). Rises to the maximum margin at rate O(1/log t) (Soudry et al. 2018, Thm 5).

| z | eps=0.01 | eps=0.03 | eps=0.08 | eps=0.2 | eps=0.5 |
|---|---|---|---|---|---|
| 1 | -6.91 | -6.7 | -6.15 | -4.84 | -6.37 |
| 3.15 | -6.63 | -6.28 | -5.46 | -3.86 | -4.64 |
| 10 | -6.23 | -5.66 | -4.5 | -2.38 | -3.31 |
| 31.6 | -5.62 | -4.72 | -3.06 | -1.7 | -2.32 |
| 99.8 | -4.75 | -3.35 | -0.902 | -1.14 | -1.71 |
| 316 | -3.58 | -1.16 | -0.172 | -0.368 | -0.957 |
| 998 | -1.7 | 0.179 | 0.175 | 0.119 | -0.0871 |
| 3.15e+03 | 0.121 | 0.329 | 0.306 | 0.274 | 0.198 |
| 9.98e+03 | 0.275 | 0.395 | 0.375 | 0.351 | 0.301 |
| 3.15e+04 | 0.348 | 0.436 | 0.419 | 0.399 | 0.361 |
| 1e+05 | 0.397 | 0.464 | 0.45 | 0.433 | 0.402 |

minority training accuracy:

| z | eps=0.01 | eps=0.03 | eps=0.08 | eps=0.2 | eps=0.5 |
|---|---|---|---|---|---|
| 1 | 0.704 | 0.762 | 0.821 | 0.929 | 0.983 |
| 3.15 | 0.762 | 0.821 | 0.896 | 0.975 | 0.992 |
| 10 | 0.808 | 0.879 | 0.942 | 0.987 | 1.000 |
| 31.6 | 0.825 | 0.925 | 0.983 | 0.996 | 1.000 |
| 99.8 | 0.896 | 0.971 | 0.992 | 1.000 | 1.000 |
| 316 | 0.954 | 0.987 | 1.000 | 1.000 | 1.000 |
| 998 | 0.987 | 1.000 | 1.000 | 1.000 | 1.000 |
| 3.15e+03 | 1.000 | 1.000 | 1.000 | 1.000 | 1.000 |
| 9.98e+03 | 1.000 | 1.000 | 1.000 | 1.000 | 1.000 |
| 3.15e+04 | 1.000 | 1.000 | 1.000 | 1.000 | 1.000 |
| 1e+05 | 1.000 | 1.000 | 1.000 | 1.000 | 1.000 |

## waterbirds_erm_rn50_train

status: finished, z reached: 1e+05, full-split margin (lower bound, separability_check): 0.00373

### eps-exponents at each z

Theory: for a group whose beta -> 1, its kappa -> 1 (g=1, min) or -> -0.157 (g=0, maj). For a group whose beta -> alpha > 1 the theorem gives no eps-dependence.

| z | kappa_min | kappa_maj |
|---|---|---|
| 1 | 0.212 | -0.212 |
| 3.15 | 0.247 | -0.238 |
| 10 | 0.287 | -0.240 |
| 31.6 | 0.331 | -0.241 |
| 99.8 | 0.376 | -0.240 |
| 316 | 0.424 | -0.231 |
| 998 | 0.471 | -0.224 |
| 3.15e+03 | 0.509 | -0.228 |
| 9.98e+03 | 0.542 | -0.246 |
| 3.15e+04 | 0.583 | -0.267 |
| 1e+05 | 0.627 | -0.288 |

### decay exponents in z (one column per eps)

Theory: alpha < 1: both groups -> 1. alpha > 1: the larger-r-margin group -> alpha, the other -> 1.

beta_min:

| z | eps=0.01 | eps=0.03 | eps=0.08 | eps=0.2 | eps=0.5 |
|---|---|---|---|---|---|
| 1 | -0.028 | -0.018 | 0.002 | 0.041 | 0.087 |
| 3.15 | -0.009 | 0.002 | 0.032 | 0.068 | 0.119 |
| 10 | 0.004 | 0.021 | 0.058 | 0.095 | 0.147 |
| 31.6 | 0.020 | 0.045 | 0.081 | 0.121 | 0.168 |
| 99.8 | 0.033 | 0.054 | 0.105 | 0.149 | 0.187 |
| 316 | 0.042 | 0.090 | 0.137 | 0.173 | 0.203 |
| 998 | 0.071 | 0.129 | 0.161 | 0.186 | 0.219 |
| 3.15e+03 | 0.112 | 0.162 | 0.185 | 0.200 | 0.236 |
| 9.98e+03 | 0.134 | 0.152 | 0.171 | 0.210 | 0.265 |
| 3.15e+04 | 0.128 | 0.154 | 0.180 | 0.227 | 0.270 |
| 1e+05 | 0.141 | 0.172 | 0.207 | 0.260 | 0.287 |

beta_maj:

| z | eps=0.01 | eps=0.03 | eps=0.08 | eps=0.2 | eps=0.5 |
|---|---|---|---|---|---|
| 1 | 0.196 | 0.149 | 0.078 | 0.059 | 0.047 |
| 3.15 | 0.106 | 0.079 | 0.074 | 0.071 | 0.070 |
| 10 | 0.099 | 0.095 | 0.100 | 0.097 | 0.100 |
| 31.6 | 0.149 | 0.132 | 0.123 | 0.133 | 0.140 |
| 99.8 | 0.173 | 0.140 | 0.158 | 0.181 | 0.180 |
| 316 | 0.176 | 0.190 | 0.205 | 0.219 | 0.206 |
| 998 | 0.235 | 0.241 | 0.247 | 0.241 | 0.232 |
| 3.15e+03 | 0.265 | 0.278 | 0.266 | 0.240 | 0.237 |
| 9.98e+03 | 0.298 | 0.260 | 0.221 | 0.215 | 0.242 |
| 3.15e+04 | 0.306 | 0.241 | 0.210 | 0.215 | 0.226 |
| 1e+05 | 0.311 | 0.256 | 0.227 | 0.233 | 0.240 |

### scaled errors (theory: constant in z and eps for a group whose beta -> 1)

eps_z_err_min:

| z | eps=0.01 | eps=0.03 | eps=0.08 | eps=0.2 | eps=0.5 |
|---|---|---|---|---|---|
| 1 | 0.00754 | 0.0218 | 0.053 | 0.104 | 0.157 |
| 3.15 | 0.0242 | 0.0693 | 0.163 | 0.307 | 0.439 |
| 10 | 0.077 | 0.217 | 0.493 | 0.887 | 1.19 |
| 31.6 | 0.24 | 0.659 | 1.43 | 2.47 | 3.14 |
| 99.8 | 0.735 | 1.97 | 4.08 | 6.69 | 8.08 |
| 316 | 2.23 | 5.75 | 11.2 | 17.5 | 20.5 |
| 998 | 6.63 | 16 | 29.9 | 45.1 | 50.6 |
| 3.15e+03 | 18.9 | 42.8 | 77.1 | 115 | 123 |
| 9.98e+03 | 51.5 | 112 | 199 | 284 | 293 |
| 3.15e+04 | 140 | 299 | 516 | 703 | 677 |
| 1e+05 | 380 | 783 | 1.3e+03 | 1.67e+03 | 1.56e+03 |

one_minus_eps_z_err_maj:

| z | eps=0.01 | eps=0.03 | eps=0.08 | eps=0.2 | eps=0.5 |
|---|---|---|---|---|---|
| 1 | 0.202 | 0.218 | 0.25 | 0.277 | 0.232 |
| 3.15 | 0.537 | 0.607 | 0.729 | 0.812 | 0.683 |
| 10 | 1.53 | 1.76 | 2.09 | 2.34 | 1.97 |
| 31.6 | 4.21 | 4.85 | 5.81 | 6.5 | 5.42 |
| 99.8 | 11 | 13.1 | 15.7 | 17.1 | 14.2 |
| 316 | 28.4 | 34.6 | 40.2 | 43 | 36 |
| 998 | 71.4 | 84.9 | 97.9 | 104 | 88.1 |
| 3.15e+03 | 170 | 199 | 228 | 249 | 212 |
| 9.98e+03 | 384 | 458 | 546 | 603 | 509 |
| 3.15e+04 | 858 | 1.09e+03 | 1.35e+03 | 1.5e+03 | 1.23e+03 |
| 1e+05 | 1.9e+03 | 2.59e+03 | 3.33e+03 | 3.66e+03 | 2.98e+03 |

### iterate margin and training accuracy

margin = min over training points of y w.x / ||w|| (negative: some point misclassified). Rises to the maximum margin at rate O(1/log t) (Soudry et al. 2018, Thm 5).

| z | eps=0.01 | eps=0.03 | eps=0.08 | eps=0.2 | eps=0.5 |
|---|---|---|---|---|---|
| 1 | -36.8 | -24.1 | -17.1 | -9.9 | -14.4 |
| 3.15 | -24 | -19.1 | -9.96 | -9.56 | -9.27 |
| 10 | -16.8 | -11.1 | -7.98 | -9.66 | -8.75 |
| 31.6 | -11.6 | -8.64 | -7.23 | -9.14 | -8.57 |
| 99.8 | -9.71 | -5.88 | -5.89 | -7.83 | -8.19 |
| 316 | -6.69 | -3.07 | -3.58 | -5.43 | -6.69 |
| 998 | -3.79 | -1.31 | -1.24 | -2.3 | -4.14 |
| 3.15e+03 | -1.16 | -0.574 | -0.275 | -0.396 | -1.34 |
| 9.98e+03 | -0.575 | -0.235 | -0.181 | -0.282 | -0.42 |
| 3.15e+04 | -0.331 | -0.168 | -0.116 | -0.152 | -0.28 |
| 1e+05 | -0.209 | -0.112 | -0.0952 | -0.0951 | -0.132 |

minority training accuracy:

| z | eps=0.01 | eps=0.03 | eps=0.08 | eps=0.2 | eps=0.5 |
|---|---|---|---|---|---|
| 1 | 0.163 | 0.179 | 0.258 | 0.496 | 0.829 |
| 3.15 | 0.167 | 0.196 | 0.279 | 0.571 | 0.892 |
| 10 | 0.183 | 0.208 | 0.333 | 0.600 | 0.912 |
| 31.6 | 0.196 | 0.271 | 0.392 | 0.667 | 0.954 |
| 99.8 | 0.246 | 0.304 | 0.475 | 0.754 | 0.979 |
| 316 | 0.267 | 0.392 | 0.558 | 0.825 | 0.983 |
| 998 | 0.317 | 0.475 | 0.650 | 0.862 | 0.996 |
| 3.15e+03 | 0.404 | 0.567 | 0.738 | 0.908 | 0.996 |
| 9.98e+03 | 0.496 | 0.654 | 0.796 | 0.938 | 1.000 |
| 3.15e+04 | 0.571 | 0.725 | 0.842 | 0.963 | 1.000 |
| 1e+05 | 0.642 | 0.767 | 0.896 | 0.992 | 1.000 |

## waterbirds_under_rn50_train

status: finished, z reached: 1e+05, full-split margin (lower bound, separability_check): 0.0163

### eps-exponents at each z

Theory: for a group whose beta -> 1, its kappa -> 1 (g=1, min) or -> -0.157 (g=0, maj). For a group whose beta -> alpha > 1 the theorem gives no eps-dependence.

| z | kappa_min | kappa_maj |
|---|---|---|
| 1 | 0.232 | -0.244 |
| 3.15 | 0.291 | -0.271 |
| 10 | 0.354 | -0.278 |
| 31.6 | 0.408 | -0.293 |
| 99.8 | 0.452 | -0.310 |
| 316 | 0.496 | -0.318 |
| 998 | 0.547 | -0.310 |
| 3.15e+03 | 0.607 | -0.285 |
| 9.98e+03 | 0.672 | -0.268 |
| 3.15e+04 | 0.740 | -0.267 |
| 1e+05 | 0.826 | -0.242 |

### decay exponents in z (one column per eps)

Theory: alpha < 1: both groups -> 1. alpha > 1: the larger-r-margin group -> alpha, the other -> 1.

beta_min:

| z | eps=0.01 | eps=0.03 | eps=0.08 | eps=0.2 | eps=0.5 |
|---|---|---|---|---|---|
| 1 | -0.020 | -0.011 | 0.029 | 0.090 | 0.158 |
| 3.15 | -0.003 | 0.019 | 0.072 | 0.130 | 0.209 |
| 10 | 0.010 | 0.047 | 0.088 | 0.140 | 0.215 |
| 31.6 | 0.030 | 0.058 | 0.090 | 0.135 | 0.195 |
| 99.8 | 0.044 | 0.067 | 0.104 | 0.147 | 0.185 |
| 316 | 0.055 | 0.086 | 0.145 | 0.188 | 0.204 |
| 998 | 0.081 | 0.132 | 0.219 | 0.251 | 0.253 |
| 3.15e+03 | 0.104 | 0.220 | 0.281 | 0.317 | 0.319 |
| 9.98e+03 | 0.184 | 0.304 | 0.360 | 0.413 | 0.413 |
| 3.15e+04 | 0.320 | 0.405 | 0.500 | 0.566 | 0.540 |
| 1e+05 | 0.387 | 0.530 | 0.652 | 0.716 | 0.677 |

beta_maj:

| z | eps=0.01 | eps=0.03 | eps=0.08 | eps=0.2 | eps=0.5 |
|---|---|---|---|---|---|
| 1 | 0.198 | 0.139 | 0.062 | 0.055 | 0.052 |
| 3.15 | 0.128 | 0.092 | 0.080 | 0.077 | 0.088 |
| 10 | 0.146 | 0.122 | 0.102 | 0.099 | 0.115 |
| 31.6 | 0.195 | 0.147 | 0.118 | 0.123 | 0.134 |
| 99.8 | 0.216 | 0.158 | 0.143 | 0.156 | 0.159 |
| 316 | 0.226 | 0.166 | 0.188 | 0.218 | 0.203 |
| 998 | 0.254 | 0.223 | 0.293 | 0.312 | 0.282 |
| 3.15e+03 | 0.271 | 0.341 | 0.383 | 0.376 | 0.357 |
| 9.98e+03 | 0.380 | 0.472 | 0.450 | 0.448 | 0.422 |
| 3.15e+04 | 0.549 | 0.543 | 0.572 | 0.594 | 0.539 |
| 1e+05 | 0.589 | 0.638 | 0.707 | 0.739 | 0.684 |

### scaled errors (theory: constant in z and eps for a group whose beta -> 1)

eps_z_err_min:

| z | eps=0.01 | eps=0.03 | eps=0.08 | eps=0.2 | eps=0.5 |
|---|---|---|---|---|---|
| 1 | 0.00844 | 0.0247 | 0.0603 | 0.115 | 0.16 |
| 3.15 | 0.0269 | 0.0775 | 0.179 | 0.318 | 0.406 |
| 10 | 0.0851 | 0.236 | 0.515 | 0.86 | 1 |
| 31.6 | 0.263 | 0.7 | 1.47 | 2.32 | 2.5 |
| 99.8 | 0.795 | 2.06 | 4.16 | 6.25 | 6.36 |
| 316 | 2.38 | 5.98 | 11.5 | 16.4 | 16.2 |
| 998 | 6.96 | 16.8 | 29.4 | 40.3 | 39.5 |
| 3.15e+03 | 19.8 | 43.5 | 69.8 | 91.9 | 89.9 |
| 9.98e+03 | 53.8 | 101 | 153 | 192 | 188 |
| 3.15e+04 | 126 | 216 | 299 | 350 | 345 |
| 1e+05 | 264 | 389 | 472 | 512 | 528 |

one_minus_eps_z_err_maj:

| z | eps=0.01 | eps=0.03 | eps=0.08 | eps=0.2 | eps=0.5 |
|---|---|---|---|---|---|
| 1 | 0.2 | 0.219 | 0.263 | 0.303 | 0.258 |
| 3.15 | 0.524 | 0.612 | 0.769 | 0.885 | 0.749 |
| 10 | 1.44 | 1.73 | 2.19 | 2.54 | 2.11 |
| 31.6 | 3.72 | 4.65 | 6.1 | 7.05 | 5.77 |
| 99.8 | 9.27 | 12.3 | 16.6 | 19 | 15.4 |
| 316 | 22.7 | 32.4 | 43.7 | 48.8 | 39.8 |
| 998 | 54.5 | 82.9 | 106 | 114 | 95.6 |
| 3.15e+03 | 128 | 190 | 225 | 241 | 208 |
| 9.98e+03 | 282 | 373 | 440 | 477 | 423 |
| 3.15e+04 | 520 | 660 | 783 | 840 | 776 |
| 1e+05 | 844 | 1.04e+03 | 1.15e+03 | 1.19e+03 | 1.18e+03 |

### iterate margin and training accuracy

margin = min over training points of y w.x / ||w|| (negative: some point misclassified). Rises to the maximum margin at rate O(1/log t) (Soudry et al. 2018, Thm 5).

| z | eps=0.01 | eps=0.03 | eps=0.08 | eps=0.2 | eps=0.5 |
|---|---|---|---|---|---|
| 1 | -24.7 | -22.6 | -15.3 | -7.21 | -6.27 |
| 3.15 | -19.6 | -14.8 | -9.57 | -4.34 | -5.04 |
| 10 | -12.1 | -9.43 | -6.02 | -3.2 | -3.14 |
| 31.6 | -9.51 | -7.19 | -3.98 | -2.77 | -2.99 |
| 99.8 | -7.65 | -5.46 | -2.4 | -2.22 | -2.72 |
| 316 | -6.27 | -4.57 | -1.38 | -1.38 | -2.21 |
| 998 | -6.05 | -3.49 | -0.613 | -0.796 | -1.13 |
| 3.15e+03 | -4.97 | -1.17 | -0.277 | -0.25 | -0.552 |
| 9.98e+03 | -2.69 | -0.295 | -0.127 | -0.0835 | -0.255 |
| 3.15e+04 | -0.332 | -0.153 | -0.0426 | -0.0232 | -0.0647 |
| 1e+05 | -0.185 | -0.0607 | -0.00893 | -0.00166 | -0.0167 |

minority training accuracy:

| z | eps=0.01 | eps=0.03 | eps=0.08 | eps=0.2 | eps=0.5 |
|---|---|---|---|---|---|
| 1 | 0.104 | 0.108 | 0.138 | 0.338 | 0.983 |
| 3.15 | 0.096 | 0.113 | 0.200 | 0.471 | 0.967 |
| 10 | 0.096 | 0.154 | 0.321 | 0.600 | 0.971 |
| 31.6 | 0.129 | 0.212 | 0.396 | 0.700 | 0.983 |
| 99.8 | 0.183 | 0.300 | 0.467 | 0.792 | 0.992 |
| 316 | 0.229 | 0.367 | 0.554 | 0.867 | 0.992 |
| 998 | 0.300 | 0.425 | 0.683 | 0.921 | 1.000 |
| 3.15e+03 | 0.379 | 0.546 | 0.817 | 0.958 | 1.000 |
| 9.98e+03 | 0.462 | 0.721 | 0.900 | 0.983 | 1.000 |
| 3.15e+04 | 0.621 | 0.833 | 0.963 | 0.996 | 1.000 |
| 1e+05 | 0.771 | 0.950 | 0.992 | 1.000 | 1.000 |

